INSERT INTO p_landlord (first_name, last_name, email, contact_no, address, city, country, state, zip_code) VALUES ('David', 'Garcia', 'david.garcia1@example.com', '555-319-5106', '8770 Cedar Ln', 'New York', 'USA', 'CA', '90210');
INSERT INTO p_landlord (first_name, last_name, email, contact_no, address, city, country, state, zip_code) VALUES ('Jennifer', 'Taylor', 'jennifer.taylor2@example.com', '555-515-6396', '5966 Maple Ave', 'Phoenix', 'USA', 'CA', '90210');
INSERT INTO p_landlord (first_name, last_name, email, contact_no, address, city, country, state, zip_code) VALUES ('Karen', 'Gonzalez', 'karen.gonzalez3@example.com', '555-315-6325', '1410 Pine St', 'San Antonio', 'USA', 'CA', '90210');
INSERT INTO p_landlord (first_name, last_name, email, contact_no, address, city, country, state, zip_code) VALUES ('William', 'Jackson', 'william.jackson4@example.com', '555-673-8919', '2095 Hill St', 'San Antonio', 'USA', 'CA', '90210');
INSERT INTO p_landlord (first_name, last_name, email, contact_no, address, city, country, state, zip_code) VALUES ('Sarah', 'Lopez', 'sarah.lopez5@example.com', '555-513-1919', '7181 Oak St', 'New York', 'USA', 'CA', '90210');
INSERT INTO p_landlord (first_name, last_name, email, contact_no, address, city, country, state, zip_code) VALUES ('Susan', 'Jackson', 'susan.jackson6@example.com', '555-768-3634', '1489 Hill St', 'Houston', 'USA', 'CA', '90210');
INSERT INTO p_landlord (first_name, last_name, email, contact_no, address, city, country, state, zip_code) VALUES ('Elizabeth', 'Hernandez', 'elizabeth.hernandez7@example.com', '555-554-8353', '9635 Elm St', 'Los Angeles', 'USA', 'CA', '90210');
INSERT INTO p_landlord (first_name, last_name, email, contact_no, address, city, country, state, zip_code) VALUES ('Thomas', 'Martinez', 'thomas.martinez8@example.com', '555-876-3989', '2291 Main St', 'New York', 'USA', 'CA', '90210');
INSERT INTO p_landlord (first_name, last_name, email, contact_no, address, city, country, state, zip_code) VALUES ('Richard', 'Brown', 'richard.brown9@example.com', '555-908-4285', '3298 Oak St', 'Philadelphia', 'USA', 'CA', '90210');
INSERT INTO p_landlord (first_name, last_name, email, contact_no, address, city, country, state, zip_code) VALUES ('Patricia', 'Johnson', 'patricia.johnson10@example.com', '555-154-3089', '7154 Hill St', 'Chicago', 'USA', 'CA', '90210');
INSERT INTO p_landlord (first_name, last_name, email, contact_no, address, city, country, state, zip_code) VALUES ('John', 'Wilson', 'john.wilson11@example.com', '555-827-8374', '5591 Hill St', 'Houston', 'USA', 'CA', '90210');
INSERT INTO p_landlord (first_name, last_name, email, contact_no, address, city, country, state, zip_code) VALUES ('Susan', 'Martinez', 'susan.martinez12@example.com', '555-962-9382', '1074 Lake Rd', 'Houston', 'USA', 'CA', '90210');
INSERT INTO p_landlord (first_name, last_name, email, contact_no, address, city, country, state, zip_code) VALUES ('Sarah', 'Anderson', 'sarah.anderson13@example.com', '555-642-8907', '8659 Park Ave', 'Houston', 'USA', 'CA', '90210');
INSERT INTO p_landlord (first_name, last_name, email, contact_no, address, city, country, state, zip_code) VALUES ('Sarah', 'Jones', 'sarah.jones14@example.com', '555-369-9312', '9588 Lake Rd', 'Los Angeles', 'USA', 'CA', '90210');
INSERT INTO p_landlord (first_name, last_name, email, contact_no, address, city, country, state, zip_code) VALUES ('Robert', 'Jackson', 'robert.jackson15@example.com', '555-630-3795', '9137 Park Ave', 'Phoenix', 'USA', 'CA', '90210');
INSERT INTO p_landlord (first_name, last_name, email, contact_no, address, city, country, state, zip_code) VALUES ('Susan', 'Jackson', 'susan.jackson16@example.com', '555-937-9423', '7351 Pine St', 'San Jose', 'USA', 'CA', '90210');
INSERT INTO p_landlord (first_name, last_name, email, contact_no, address, city, country, state, zip_code) VALUES ('Patricia', 'Jackson', 'patricia.jackson17@example.com', '555-649-5633', '5310 Hill St', 'Dallas', 'USA', 'CA', '90210');
INSERT INTO p_landlord (first_name, last_name, email, contact_no, address, city, country, state, zip_code) VALUES ('John', 'Williams', 'john.williams18@example.com', '555-390-5681', '3083 Washington Blvd', 'Phoenix', 'USA', 'CA', '90210');
INSERT INTO p_landlord (first_name, last_name, email, contact_no, address, city, country, state, zip_code) VALUES ('William', 'Garcia', 'william.garcia19@example.com', '555-343-9548', '8714 Main St', 'Los Angeles', 'USA', 'CA', '90210');
INSERT INTO p_landlord (first_name, last_name, email, contact_no, address, city, country, state, zip_code) VALUES ('Thomas', 'Martin', 'thomas.martin20@example.com', '555-653-6647', '3517 Oak St', 'Chicago', 'USA', 'CA', '90210');
INSERT INTO p_landlord (first_name, last_name, email, contact_no, address, city, country, state, zip_code) VALUES ('Susan', 'Martinez', 'susan.martinez21@example.com', '555-364-1559', '1383 Park Ave', 'Chicago', 'USA', 'CA', '90210');
INSERT INTO p_landlord (first_name, last_name, email, contact_no, address, city, country, state, zip_code) VALUES ('Richard', 'Smith', 'richard.smith22@example.com', '555-800-8588', '4091 Park Ave', 'Phoenix', 'USA', 'CA', '90210');
INSERT INTO p_landlord (first_name, last_name, email, contact_no, address, city, country, state, zip_code) VALUES ('Barbara', 'Brown', 'barbara.brown23@example.com', '555-600-5403', '7155 Cedar Ln', 'Los Angeles', 'USA', 'CA', '90210');
INSERT INTO p_landlord (first_name, last_name, email, contact_no, address, city, country, state, zip_code) VALUES ('Elizabeth', 'Smith', 'elizabeth.smith24@example.com', '555-544-1871', '4480 Pine St', 'Philadelphia', 'USA', 'CA', '90210');
INSERT INTO p_landlord (first_name, last_name, email, contact_no, address, city, country, state, zip_code) VALUES ('Barbara', 'Hernandez', 'barbara.hernandez25@example.com', '555-664-5981', '4547 Maple Ave', 'Philadelphia', 'USA', 'CA', '90210');
INSERT INTO p_landlord (first_name, last_name, email, contact_no, address, city, country, state, zip_code) VALUES ('Mary', 'Martinez', 'mary.martinez26@example.com', '555-460-6294', '1525 Washington Blvd', 'Phoenix', 'USA', 'CA', '90210');
INSERT INTO p_landlord (first_name, last_name, email, contact_no, address, city, country, state, zip_code) VALUES ('Barbara', 'Hernandez', 'barbara.hernandez27@example.com', '555-991-2767', '6843 Cedar Ln', 'San Diego', 'USA', 'CA', '90210');
INSERT INTO p_landlord (first_name, last_name, email, contact_no, address, city, country, state, zip_code) VALUES ('Jessica', 'Rodriguez', 'jessica.rodriguez28@example.com', '555-418-3043', '4831 Cedar Ln', 'Los Angeles', 'USA', 'CA', '90210');
INSERT INTO p_landlord (first_name, last_name, email, contact_no, address, city, country, state, zip_code) VALUES ('Jessica', 'Martin', 'jessica.martin29@example.com', '555-403-3548', '8209 Oak St', 'Chicago', 'USA', 'CA', '90210');
INSERT INTO p_landlord (first_name, last_name, email, contact_no, address, city, country, state, zip_code) VALUES ('Barbara', 'Taylor', 'barbara.taylor30@example.com', '555-866-8149', '2528 Park Ave', 'Dallas', 'USA', 'CA', '90210');
INSERT INTO p_landlord (first_name, last_name, email, contact_no, address, city, country, state, zip_code) VALUES ('David', 'Smith', 'david.smith31@example.com', '555-613-3836', '890 Main St', 'San Jose', 'USA', 'CA', '90210');
INSERT INTO p_landlord (first_name, last_name, email, contact_no, address, city, country, state, zip_code) VALUES ('Linda', 'Davis', 'linda.davis32@example.com', '555-625-4102', '8356 Pine St', 'Philadelphia', 'USA', 'CA', '90210');
INSERT INTO p_landlord (first_name, last_name, email, contact_no, address, city, country, state, zip_code) VALUES ('Linda', 'Jackson', 'linda.jackson33@example.com', '555-385-7205', '3827 Oak St', 'New York', 'USA', 'CA', '90210');
INSERT INTO p_landlord (first_name, last_name, email, contact_no, address, city, country, state, zip_code) VALUES ('Elizabeth', 'Davis', 'elizabeth.davis34@example.com', '555-494-3115', '1340 Oak St', 'Phoenix', 'USA', 'CA', '90210');
INSERT INTO p_landlord (first_name, last_name, email, contact_no, address, city, country, state, zip_code) VALUES ('Patricia', 'Johnson', 'patricia.johnson35@example.com', '555-116-8018', '544 Maple Ave', 'Chicago', 'USA', 'CA', '90210');
INSERT INTO p_landlord (first_name, last_name, email, contact_no, address, city, country, state, zip_code) VALUES ('Joseph', 'Rodriguez', 'joseph.rodriguez36@example.com', '555-675-7999', '9792 Cedar Ln', 'Houston', 'USA', 'CA', '90210');
INSERT INTO p_landlord (first_name, last_name, email, contact_no, address, city, country, state, zip_code) VALUES ('William', 'Rodriguez', 'william.rodriguez37@example.com', '555-390-6931', '7781 Hill St', 'New York', 'USA', 'CA', '90210');
INSERT INTO p_landlord (first_name, last_name, email, contact_no, address, city, country, state, zip_code) VALUES ('James', 'Miller', 'james.miller38@example.com', '555-126-3116', '1062 Cedar Ln', 'Los Angeles', 'USA', 'CA', '90210');
INSERT INTO p_landlord (first_name, last_name, email, contact_no, address, city, country, state, zip_code) VALUES ('Robert', 'Hernandez', 'robert.hernandez39@example.com', '555-392-1203', '3735 Lake Rd', 'Chicago', 'USA', 'CA', '90210');
INSERT INTO p_landlord (first_name, last_name, email, contact_no, address, city, country, state, zip_code) VALUES ('Elizabeth', 'Lopez', 'elizabeth.lopez40@example.com', '555-217-1864', '3433 Maple Ave', 'Philadelphia', 'USA', 'CA', '90210');
INSERT INTO p_landlord (first_name, last_name, email, contact_no, address, city, country, state, zip_code) VALUES ('James', 'Jones', 'james.jones41@example.com', '555-479-4509', '7341 Oak St', 'San Antonio', 'USA', 'CA', '90210');
INSERT INTO p_landlord (first_name, last_name, email, contact_no, address, city, country, state, zip_code) VALUES ('Linda', 'Williams', 'linda.williams42@example.com', '555-200-4012', '1028 Hill St', 'San Diego', 'USA', 'CA', '90210');
INSERT INTO p_landlord (first_name, last_name, email, contact_no, address, city, country, state, zip_code) VALUES ('Michael', 'Jones', 'michael.jones43@example.com', '555-607-2179', '8754 Oak St', 'Dallas', 'USA', 'CA', '90210');
INSERT INTO p_landlord (first_name, last_name, email, contact_no, address, city, country, state, zip_code) VALUES ('John', 'Jones', 'john.jones44@example.com', '555-933-4944', '2349 Main St', 'San Antonio', 'USA', 'CA', '90210');
INSERT INTO p_landlord (first_name, last_name, email, contact_no, address, city, country, state, zip_code) VALUES ('James', 'Moore', 'james.moore45@example.com', '555-437-2892', '6400 Maple Ave', 'San Jose', 'USA', 'CA', '90210');
INSERT INTO p_landlord (first_name, last_name, email, contact_no, address, city, country, state, zip_code) VALUES ('David', 'Martin', 'david.martin46@example.com', '555-224-3342', '1957 Cedar Ln', 'Los Angeles', 'USA', 'CA', '90210');
INSERT INTO p_landlord (first_name, last_name, email, contact_no, address, city, country, state, zip_code) VALUES ('Patricia', 'Johnson', 'patricia.johnson47@example.com', '555-829-2653', '1442 Lake Rd', 'Dallas', 'USA', 'CA', '90210');
INSERT INTO p_landlord (first_name, last_name, email, contact_no, address, city, country, state, zip_code) VALUES ('Karen', 'Martinez', 'karen.martinez48@example.com', '555-331-5931', '794 Elm St', 'Chicago', 'USA', 'CA', '90210');
INSERT INTO p_landlord (first_name, last_name, email, contact_no, address, city, country, state, zip_code) VALUES ('Jessica', 'Taylor', 'jessica.taylor49@example.com', '555-524-7005', '5862 Elm St', 'Philadelphia', 'USA', 'CA', '90210');
INSERT INTO p_landlord (first_name, last_name, email, contact_no, address, city, country, state, zip_code) VALUES ('John', 'Williams', 'john.williams50@example.com', '555-646-8188', '1330 Park Ave', 'San Jose', 'USA', 'CA', '90210');
INSERT INTO property (property_type, property_name, frequency, unit, tarea, tarea_munit, property_address, city, property_country, property_province, zip_code) VALUES ('Multi-Family', 'Moore Estates', 'Monthly', 34, '1000', 'sqft', '5265 Lake Rd', 'New York', 'USA', 'CA', '90210');
INSERT INTO property (property_type, property_name, frequency, unit, tarea, tarea_munit, property_address, city, property_country, property_province, zip_code) VALUES ('Townhouse', 'Anderson Apartments', 'Monthly', 37, '1000', 'sqft', '6124 Main St', 'San Antonio', 'USA', 'CA', '90210');
INSERT INTO property (property_type, property_name, frequency, unit, tarea, tarea_munit, property_address, city, property_country, property_province, zip_code) VALUES ('Apartment', 'Wilson Court', 'Monthly', 10, '1000', 'sqft', '1564 Pine St', 'San Jose', 'USA', 'CA', '90210');
INSERT INTO property (property_type, property_name, frequency, unit, tarea, tarea_munit, property_address, city, property_country, property_province, zip_code) VALUES ('Condo', 'Williams Estates', 'Monthly', 2, '1000', 'sqft', '3154 Washington Blvd', 'San Antonio', 'USA', 'CA', '90210');
INSERT INTO property (property_type, property_name, frequency, unit, tarea, tarea_munit, property_address, city, property_country, property_province, zip_code) VALUES ('Apartment', 'Taylor Towers', 'Monthly', 31, '1000', 'sqft', '3594 Park Ave', 'Dallas', 'USA', 'CA', '90210');
INSERT INTO property (property_type, property_name, frequency, unit, tarea, tarea_munit, property_address, city, property_country, property_province, zip_code) VALUES ('Multi-Family', 'Williams Apartments', 'Monthly', 26, '1000', 'sqft', '4901 Cedar Ln', 'Los Angeles', 'USA', 'CA', '90210');
INSERT INTO property (property_type, property_name, frequency, unit, tarea, tarea_munit, property_address, city, property_country, property_province, zip_code) VALUES ('Apartment', 'Gonzalez Estates', 'Monthly', 42, '1000', 'sqft', '3623 Hill St', 'San Jose', 'USA', 'CA', '90210');
INSERT INTO property (property_type, property_name, frequency, unit, tarea, tarea_munit, property_address, city, property_country, property_province, zip_code) VALUES ('Apartment', 'Rodriguez Apartments', 'Monthly', 43, '1000', 'sqft', '7461 Lake Rd', 'New York', 'USA', 'CA', '90210');
INSERT INTO property (property_type, property_name, frequency, unit, tarea, tarea_munit, property_address, city, property_country, property_province, zip_code) VALUES ('Multi-Family', 'Brown Heights', 'Monthly', 9, '1000', 'sqft', '3544 Elm St', 'San Diego', 'USA', 'CA', '90210');
INSERT INTO property (property_type, property_name, frequency, unit, tarea, tarea_munit, property_address, city, property_country, property_province, zip_code) VALUES ('Condo', 'Anderson Heights', 'Monthly', 25, '1000', 'sqft', '9039 Main St', 'New York', 'USA', 'CA', '90210');
INSERT INTO property (property_type, property_name, frequency, unit, tarea, tarea_munit, property_address, city, property_country, property_province, zip_code) VALUES ('Single Family Home', 'Hernandez Plaza', 'Monthly', 2, '1000', 'sqft', '9008 Washington Blvd', 'New York', 'USA', 'CA', '90210');
INSERT INTO property (property_type, property_name, frequency, unit, tarea, tarea_munit, property_address, city, property_country, property_province, zip_code) VALUES ('Single Family Home', 'Davis Towers', 'Monthly', 22, '1000', 'sqft', '3922 Washington Blvd', 'San Diego', 'USA', 'CA', '90210');
INSERT INTO property (property_type, property_name, frequency, unit, tarea, tarea_munit, property_address, city, property_country, property_province, zip_code) VALUES ('Commercial', 'Williams Court', 'Monthly', 29, '1000', 'sqft', '134 Washington Blvd', 'San Antonio', 'USA', 'CA', '90210');
INSERT INTO property (property_type, property_name, frequency, unit, tarea, tarea_munit, property_address, city, property_country, property_province, zip_code) VALUES ('Townhouse', 'Jackson Towers', 'Monthly', 6, '1000', 'sqft', '3465 Elm St', 'San Jose', 'USA', 'CA', '90210');
INSERT INTO property (property_type, property_name, frequency, unit, tarea, tarea_munit, property_address, city, property_country, property_province, zip_code) VALUES ('Single Family Home', 'Smith Towers', 'Monthly', 47, '1000', 'sqft', '4695 Hill St', 'Los Angeles', 'USA', 'CA', '90210');
INSERT INTO property (property_type, property_name, frequency, unit, tarea, tarea_munit, property_address, city, property_country, property_province, zip_code) VALUES ('Commercial', 'Gonzalez Apartments', 'Monthly', 9, '1000', 'sqft', '7457 Hill St', 'Phoenix', 'USA', 'CA', '90210');
INSERT INTO property (property_type, property_name, frequency, unit, tarea, tarea_munit, property_address, city, property_country, property_province, zip_code) VALUES ('Commercial', 'Garcia Towers', 'Monthly', 5, '1000', 'sqft', '8197 Maple Ave', 'New York', 'USA', 'CA', '90210');
INSERT INTO property (property_type, property_name, frequency, unit, tarea, tarea_munit, property_address, city, property_country, property_province, zip_code) VALUES ('Single Family Home', 'Moore Estates', 'Monthly', 24, '1000', 'sqft', '2688 Lake Rd', 'Houston', 'USA', 'CA', '90210');
INSERT INTO property (property_type, property_name, frequency, unit, tarea, tarea_munit, property_address, city, property_country, property_province, zip_code) VALUES ('Multi-Family', 'Thomas Towers', 'Monthly', 47, '1000', 'sqft', '1020 Lake Rd', 'San Jose', 'USA', 'CA', '90210');
INSERT INTO property (property_type, property_name, frequency, unit, tarea, tarea_munit, property_address, city, property_country, property_province, zip_code) VALUES ('Single Family Home', 'Smith Estates', 'Monthly', 1, '1000', 'sqft', '5666 Hill St', 'Chicago', 'USA', 'CA', '90210');
INSERT INTO property (property_type, property_name, frequency, unit, tarea, tarea_munit, property_address, city, property_country, property_province, zip_code) VALUES ('Commercial', 'Hernandez Court', 'Monthly', 15, '1000', 'sqft', '2424 Elm St', 'San Jose', 'USA', 'CA', '90210');
INSERT INTO property (property_type, property_name, frequency, unit, tarea, tarea_munit, property_address, city, property_country, property_province, zip_code) VALUES ('Apartment', 'Martinez Plaza', 'Monthly', 5, '1000', 'sqft', '2262 Elm St', 'San Jose', 'USA', 'CA', '90210');
INSERT INTO property (property_type, property_name, frequency, unit, tarea, tarea_munit, property_address, city, property_country, property_province, zip_code) VALUES ('Multi-Family', 'Jackson Heights', 'Monthly', 31, '1000', 'sqft', '5936 Oak St', 'San Diego', 'USA', 'CA', '90210');
INSERT INTO property (property_type, property_name, frequency, unit, tarea, tarea_munit, property_address, city, property_country, property_province, zip_code) VALUES ('Apartment', 'Davis Heights', 'Monthly', 5, '1000', 'sqft', '7271 Cedar Ln', 'Dallas', 'USA', 'CA', '90210');
INSERT INTO property (property_type, property_name, frequency, unit, tarea, tarea_munit, property_address, city, property_country, property_province, zip_code) VALUES ('Townhouse', 'Martinez Heights', 'Monthly', 9, '1000', 'sqft', '4904 Hill St', 'Philadelphia', 'USA', 'CA', '90210');
INSERT INTO property (property_type, property_name, frequency, unit, tarea, tarea_munit, property_address, city, property_country, property_province, zip_code) VALUES ('Commercial', 'Thomas Plaza', 'Monthly', 42, '1000', 'sqft', '290 Lake Rd', 'Philadelphia', 'USA', 'CA', '90210');
INSERT INTO property (property_type, property_name, frequency, unit, tarea, tarea_munit, property_address, city, property_country, property_province, zip_code) VALUES ('Multi-Family', 'Davis Estates', 'Monthly', 33, '1000', 'sqft', '3473 Main St', 'Houston', 'USA', 'CA', '90210');
INSERT INTO property (property_type, property_name, frequency, unit, tarea, tarea_munit, property_address, city, property_country, property_province, zip_code) VALUES ('Multi-Family', 'Lopez Apartments', 'Monthly', 28, '1000', 'sqft', '7538 Oak St', 'San Antonio', 'USA', 'CA', '90210');
INSERT INTO property (property_type, property_name, frequency, unit, tarea, tarea_munit, property_address, city, property_country, property_province, zip_code) VALUES ('Multi-Family', 'Davis Plaza', 'Monthly', 39, '1000', 'sqft', '8093 Park Ave', 'Chicago', 'USA', 'CA', '90210');
INSERT INTO property (property_type, property_name, frequency, unit, tarea, tarea_munit, property_address, city, property_country, property_province, zip_code) VALUES ('Apartment', 'Brown Apartments', 'Monthly', 46, '1000', 'sqft', '2215 Park Ave', 'Houston', 'USA', 'CA', '90210');
INSERT INTO property (property_type, property_name, frequency, unit, tarea, tarea_munit, property_address, city, property_country, property_province, zip_code) VALUES ('Single Family Home', 'Martinez Estates', 'Monthly', 1, '1000', 'sqft', '3493 Maple Ave', 'Dallas', 'USA', 'CA', '90210');
INSERT INTO property (property_type, property_name, frequency, unit, tarea, tarea_munit, property_address, city, property_country, property_province, zip_code) VALUES ('Apartment', 'Brown Plaza', 'Monthly', 9, '1000', 'sqft', '6115 Oak St', 'Los Angeles', 'USA', 'CA', '90210');
INSERT INTO property (property_type, property_name, frequency, unit, tarea, tarea_munit, property_address, city, property_country, property_province, zip_code) VALUES ('Multi-Family', 'Wilson Apartments', 'Monthly', 3, '1000', 'sqft', '1480 Pine St', 'Los Angeles', 'USA', 'CA', '90210');
INSERT INTO property (property_type, property_name, frequency, unit, tarea, tarea_munit, property_address, city, property_country, property_province, zip_code) VALUES ('Townhouse', 'Jones Towers', 'Monthly', 30, '1000', 'sqft', '3942 Pine St', 'New York', 'USA', 'CA', '90210');
INSERT INTO property (property_type, property_name, frequency, unit, tarea, tarea_munit, property_address, city, property_country, property_province, zip_code) VALUES ('Commercial', 'Garcia Estates', 'Monthly', 49, '1000', 'sqft', '9123 Hill St', 'New York', 'USA', 'CA', '90210');
INSERT INTO property (property_type, property_name, frequency, unit, tarea, tarea_munit, property_address, city, property_country, property_province, zip_code) VALUES ('Multi-Family', 'Brown Towers', 'Monthly', 24, '1000', 'sqft', '2826 Lake Rd', 'San Diego', 'USA', 'CA', '90210');
INSERT INTO property (property_type, property_name, frequency, unit, tarea, tarea_munit, property_address, city, property_country, property_province, zip_code) VALUES ('Multi-Family', 'Jackson Plaza', 'Monthly', 8, '1000', 'sqft', '4176 Park Ave', 'New York', 'USA', 'CA', '90210');
INSERT INTO property (property_type, property_name, frequency, unit, tarea, tarea_munit, property_address, city, property_country, property_province, zip_code) VALUES ('Townhouse', 'Martin Court', 'Monthly', 32, '1000', 'sqft', '9632 Pine St', 'New York', 'USA', 'CA', '90210');
INSERT INTO property (property_type, property_name, frequency, unit, tarea, tarea_munit, property_address, city, property_country, property_province, zip_code) VALUES ('Single Family Home', 'Lopez Court', 'Monthly', 27, '1000', 'sqft', '8005 Main St', 'Dallas', 'USA', 'CA', '90210');
INSERT INTO property (property_type, property_name, frequency, unit, tarea, tarea_munit, property_address, city, property_country, property_province, zip_code) VALUES ('Apartment', 'Rodriguez Heights', 'Monthly', 10, '1000', 'sqft', '9675 Main St', 'Los Angeles', 'USA', 'CA', '90210');
INSERT INTO property (property_type, property_name, frequency, unit, tarea, tarea_munit, property_address, city, property_country, property_province, zip_code) VALUES ('Townhouse', 'Wilson Apartments', 'Monthly', 29, '1000', 'sqft', '1614 Hill St', 'Houston', 'USA', 'CA', '90210');
INSERT INTO property (property_type, property_name, frequency, unit, tarea, tarea_munit, property_address, city, property_country, property_province, zip_code) VALUES ('Apartment', 'Martin Court', 'Monthly', 30, '1000', 'sqft', '6280 Maple Ave', 'Dallas', 'USA', 'CA', '90210');
INSERT INTO property (property_type, property_name, frequency, unit, tarea, tarea_munit, property_address, city, property_country, property_province, zip_code) VALUES ('Condo', 'Martin Estates', 'Monthly', 8, '1000', 'sqft', '2678 Main St', 'Chicago', 'USA', 'CA', '90210');
INSERT INTO property (property_type, property_name, frequency, unit, tarea, tarea_munit, property_address, city, property_country, property_province, zip_code) VALUES ('Single Family Home', 'Smith Court', 'Monthly', 3, '1000', 'sqft', '7814 Maple Ave', 'Philadelphia', 'USA', 'CA', '90210');
INSERT INTO property (property_type, property_name, frequency, unit, tarea, tarea_munit, property_address, city, property_country, property_province, zip_code) VALUES ('Multi-Family', 'Anderson Heights', 'Monthly', 17, '1000', 'sqft', '6310 Park Ave', 'Chicago', 'USA', 'CA', '90210');
INSERT INTO property (property_type, property_name, frequency, unit, tarea, tarea_munit, property_address, city, property_country, property_province, zip_code) VALUES ('Multi-Family', 'Hernandez Court', 'Monthly', 21, '1000', 'sqft', '7568 Main St', 'San Jose', 'USA', 'CA', '90210');
INSERT INTO property (property_type, property_name, frequency, unit, tarea, tarea_munit, property_address, city, property_country, property_province, zip_code) VALUES ('Apartment', 'Garcia Apartments', 'Monthly', 5, '1000', 'sqft', '7749 Hill St', 'New York', 'USA', 'CA', '90210');
INSERT INTO property (property_type, property_name, frequency, unit, tarea, tarea_munit, property_address, city, property_country, property_province, zip_code) VALUES ('Multi-Family', 'Brown Towers', 'Monthly', 41, '1000', 'sqft', '6017 Pine St', 'Houston', 'USA', 'CA', '90210');
INSERT INTO property (property_type, property_name, frequency, unit, tarea, tarea_munit, property_address, city, property_country, property_province, zip_code) VALUES ('Apartment', 'Johnson Heights', 'Monthly', 14, '1000', 'sqft', '9641 Hill St', 'San Antonio', 'USA', 'CA', '90210');
INSERT INTO property (property_type, property_name, frequency, unit, tarea, tarea_munit, property_address, city, property_country, property_province, zip_code) VALUES ('Multi-Family', 'Martinez Heights', 'Monthly', 15, '1000', 'sqft', '5846 Main St', 'Phoenix', 'USA', 'CA', '90210');
INSERT INTO unit (unit_name, unit_type, property_name, floor_number, bedrooms, bathrooms, trent, trent_period, vacant_status) VALUES ('Unit 1', 'Residential', 1, 2, 2, 2, '3361', 'Monthly', 0);
INSERT INTO unit (unit_name, unit_type, property_name, floor_number, bedrooms, bathrooms, trent, trent_period, vacant_status) VALUES ('Unit 2', 'Residential', 1, 1, 2, 1, '1981', 'Monthly', 1);
INSERT INTO unit (unit_name, unit_type, property_name, floor_number, bedrooms, bathrooms, trent, trent_period, vacant_status) VALUES ('Unit 3', 'Residential', 1, 4, 4, 2, '1888', 'Monthly', 1);
INSERT INTO unit (unit_name, unit_type, property_name, floor_number, bedrooms, bathrooms, trent, trent_period, vacant_status) VALUES ('Unit 4', 'Residential', 1, 5, 1, 1, '2056', 'Monthly', 0);
INSERT INTO unit (unit_name, unit_type, property_name, floor_number, bedrooms, bathrooms, trent, trent_period, vacant_status) VALUES ('Unit 5', 'Residential', 1, 5, 4, 3, '1343', 'Monthly', 0);
INSERT INTO unit (unit_name, unit_type, property_name, floor_number, bedrooms, bathrooms, trent, trent_period, vacant_status) VALUES ('Unit 6', 'Residential', 1, 3, 4, 2, '1796', 'Monthly', 0);
INSERT INTO unit (unit_name, unit_type, property_name, floor_number, bedrooms, bathrooms, trent, trent_period, vacant_status) VALUES ('Unit 7', 'Residential', 1, 2, 1, 2, '2072', 'Monthly', 1);
INSERT INTO unit (unit_name, unit_type, property_name, floor_number, bedrooms, bathrooms, trent, trent_period, vacant_status) VALUES ('Unit 8', 'Residential', 1, 4, 2, 1, '2563', 'Monthly', 0);
INSERT INTO unit (unit_name, unit_type, property_name, floor_number, bedrooms, bathrooms, trent, trent_period, vacant_status) VALUES ('Unit 9', 'Residential', 1, 2, 2, 2, '889', 'Monthly', 1);
INSERT INTO unit (unit_name, unit_type, property_name, floor_number, bedrooms, bathrooms, trent, trent_period, vacant_status) VALUES ('Unit 10', 'Residential', 1, 5, 3, 1, '1669', 'Monthly', 0);
INSERT INTO unit (unit_name, unit_type, property_name, floor_number, bedrooms, bathrooms, trent, trent_period, vacant_status) VALUES ('Unit 1', 'Residential', 2, 1, 4, 1, '1423', 'Monthly', 0);
INSERT INTO unit (unit_name, unit_type, property_name, floor_number, bedrooms, bathrooms, trent, trent_period, vacant_status) VALUES ('Unit 2', 'Residential', 2, 2, 2, 2, '2845', 'Monthly', 0);
INSERT INTO unit (unit_name, unit_type, property_name, floor_number, bedrooms, bathrooms, trent, trent_period, vacant_status) VALUES ('Unit 3', 'Residential', 2, 4, 4, 2, '3197', 'Monthly', 1);
INSERT INTO unit (unit_name, unit_type, property_name, floor_number, bedrooms, bathrooms, trent, trent_period, vacant_status) VALUES ('Unit 4', 'Residential', 2, 5, 3, 1, '1055', 'Monthly', 1);
INSERT INTO unit (unit_name, unit_type, property_name, floor_number, bedrooms, bathrooms, trent, trent_period, vacant_status) VALUES ('Unit 5', 'Residential', 2, 2, 1, 1, '3160', 'Monthly', 1);
INSERT INTO unit (unit_name, unit_type, property_name, floor_number, bedrooms, bathrooms, trent, trent_period, vacant_status) VALUES ('Unit 6', 'Residential', 2, 1, 1, 1, '2109', 'Monthly', 1);
INSERT INTO unit (unit_name, unit_type, property_name, floor_number, bedrooms, bathrooms, trent, trent_period, vacant_status) VALUES ('Unit 7', 'Residential', 2, 4, 3, 3, '3386', 'Monthly', 1);
INSERT INTO unit (unit_name, unit_type, property_name, floor_number, bedrooms, bathrooms, trent, trent_period, vacant_status) VALUES ('Unit 8', 'Residential', 2, 1, 1, 1, '1783', 'Monthly', 1);
INSERT INTO unit (unit_name, unit_type, property_name, floor_number, bedrooms, bathrooms, trent, trent_period, vacant_status) VALUES ('Unit 1', 'Residential', 3, 2, 1, 2, '1133', 'Monthly', 0);
INSERT INTO unit (unit_name, unit_type, property_name, floor_number, bedrooms, bathrooms, trent, trent_period, vacant_status) VALUES ('Unit 2', 'Residential', 3, 3, 1, 1, '2112', 'Monthly', 0);
INSERT INTO unit (unit_name, unit_type, property_name, floor_number, bedrooms, bathrooms, trent, trent_period, vacant_status) VALUES ('Unit 3', 'Residential', 3, 4, 3, 2, '1585', 'Monthly', 0);
INSERT INTO unit (unit_name, unit_type, property_name, floor_number, bedrooms, bathrooms, trent, trent_period, vacant_status) VALUES ('Unit 4', 'Residential', 3, 3, 4, 3, '863', 'Monthly', 1);
INSERT INTO unit (unit_name, unit_type, property_name, floor_number, bedrooms, bathrooms, trent, trent_period, vacant_status) VALUES ('Unit 5', 'Residential', 3, 1, 3, 3, '1263', 'Monthly', 1);
INSERT INTO unit (unit_name, unit_type, property_name, floor_number, bedrooms, bathrooms, trent, trent_period, vacant_status) VALUES ('Unit 6', 'Residential', 3, 4, 3, 1, '2092', 'Monthly', 1);
INSERT INTO unit (unit_name, unit_type, property_name, floor_number, bedrooms, bathrooms, trent, trent_period, vacant_status) VALUES ('Unit 7', 'Residential', 3, 3, 3, 1, '3152', 'Monthly', 1);
INSERT INTO unit (unit_name, unit_type, property_name, floor_number, bedrooms, bathrooms, trent, trent_period, vacant_status) VALUES ('Unit 1', 'Residential', 4, 4, 4, 1, '831', 'Monthly', 1);
INSERT INTO unit (unit_name, unit_type, property_name, floor_number, bedrooms, bathrooms, trent, trent_period, vacant_status) VALUES ('Unit 2', 'Residential', 4, 4, 4, 1, '2875', 'Monthly', 0);
INSERT INTO unit (unit_name, unit_type, property_name, floor_number, bedrooms, bathrooms, trent, trent_period, vacant_status) VALUES ('Unit 3', 'Residential', 4, 2, 1, 2, '1199', 'Monthly', 1);
INSERT INTO unit (unit_name, unit_type, property_name, floor_number, bedrooms, bathrooms, trent, trent_period, vacant_status) VALUES ('Unit 4', 'Residential', 4, 2, 4, 3, '1151', 'Monthly', 1);
INSERT INTO unit (unit_name, unit_type, property_name, floor_number, bedrooms, bathrooms, trent, trent_period, vacant_status) VALUES ('Unit 5', 'Residential', 4, 4, 3, 2, '2839', 'Monthly', 1);
INSERT INTO unit (unit_name, unit_type, property_name, floor_number, bedrooms, bathrooms, trent, trent_period, vacant_status) VALUES ('Unit 6', 'Residential', 4, 1, 4, 1, '1969', 'Monthly', 1);
INSERT INTO unit (unit_name, unit_type, property_name, floor_number, bedrooms, bathrooms, trent, trent_period, vacant_status) VALUES ('Unit 7', 'Residential', 4, 4, 3, 3, '820', 'Monthly', 1);
INSERT INTO unit (unit_name, unit_type, property_name, floor_number, bedrooms, bathrooms, trent, trent_period, vacant_status) VALUES ('Unit 8', 'Residential', 4, 3, 1, 3, '2250', 'Monthly', 0);
INSERT INTO unit (unit_name, unit_type, property_name, floor_number, bedrooms, bathrooms, trent, trent_period, vacant_status) VALUES ('Unit 9', 'Residential', 4, 4, 1, 3, '1540', 'Monthly', 1);
INSERT INTO unit (unit_name, unit_type, property_name, floor_number, bedrooms, bathrooms, trent, trent_period, vacant_status) VALUES ('Unit 10', 'Residential', 4, 1, 4, 3, '1004', 'Monthly', 0);
INSERT INTO unit (unit_name, unit_type, property_name, floor_number, bedrooms, bathrooms, trent, trent_period, vacant_status) VALUES ('Unit 1', 'Residential', 5, 4, 2, 2, '1299', 'Monthly', 0);
INSERT INTO unit (unit_name, unit_type, property_name, floor_number, bedrooms, bathrooms, trent, trent_period, vacant_status) VALUES ('Unit 2', 'Residential', 5, 2, 3, 1, '1041', 'Monthly', 1);
INSERT INTO unit (unit_name, unit_type, property_name, floor_number, bedrooms, bathrooms, trent, trent_period, vacant_status) VALUES ('Unit 3', 'Residential', 5, 3, 2, 2, '1530', 'Monthly', 1);
INSERT INTO unit (unit_name, unit_type, property_name, floor_number, bedrooms, bathrooms, trent, trent_period, vacant_status) VALUES ('Unit 4', 'Residential', 5, 1, 3, 3, '3057', 'Monthly', 0);
INSERT INTO unit (unit_name, unit_type, property_name, floor_number, bedrooms, bathrooms, trent, trent_period, vacant_status) VALUES ('Unit 5', 'Residential', 5, 2, 4, 2, '3004', 'Monthly', 1);
INSERT INTO unit (unit_name, unit_type, property_name, floor_number, bedrooms, bathrooms, trent, trent_period, vacant_status) VALUES ('Unit 1', 'Residential', 6, 3, 1, 2, '1289', 'Monthly', 1);
INSERT INTO unit (unit_name, unit_type, property_name, floor_number, bedrooms, bathrooms, trent, trent_period, vacant_status) VALUES ('Unit 2', 'Residential', 6, 3, 2, 1, '2009', 'Monthly', 0);
INSERT INTO unit (unit_name, unit_type, property_name, floor_number, bedrooms, bathrooms, trent, trent_period, vacant_status) VALUES ('Unit 3', 'Residential', 6, 3, 2, 1, '1897', 'Monthly', 1);
INSERT INTO unit (unit_name, unit_type, property_name, floor_number, bedrooms, bathrooms, trent, trent_period, vacant_status) VALUES ('Unit 4', 'Residential', 6, 1, 1, 2, '2440', 'Monthly', 1);
INSERT INTO unit (unit_name, unit_type, property_name, floor_number, bedrooms, bathrooms, trent, trent_period, vacant_status) VALUES ('Unit 1', 'Residential', 7, 1, 1, 2, '2564', 'Monthly', 0);
INSERT INTO unit (unit_name, unit_type, property_name, floor_number, bedrooms, bathrooms, trent, trent_period, vacant_status) VALUES ('Unit 2', 'Residential', 7, 2, 4, 1, '2989', 'Monthly', 1);
INSERT INTO unit (unit_name, unit_type, property_name, floor_number, bedrooms, bathrooms, trent, trent_period, vacant_status) VALUES ('Unit 3', 'Residential', 7, 5, 2, 3, '1980', 'Monthly', 0);
INSERT INTO unit (unit_name, unit_type, property_name, floor_number, bedrooms, bathrooms, trent, trent_period, vacant_status) VALUES ('Unit 4', 'Residential', 7, 2, 2, 2, '2868', 'Monthly', 0);
INSERT INTO unit (unit_name, unit_type, property_name, floor_number, bedrooms, bathrooms, trent, trent_period, vacant_status) VALUES ('Unit 5', 'Residential', 7, 3, 4, 2, '1469', 'Monthly', 0);
INSERT INTO unit (unit_name, unit_type, property_name, floor_number, bedrooms, bathrooms, trent, trent_period, vacant_status) VALUES ('Unit 6', 'Residential', 7, 5, 3, 3, '1023', 'Monthly', 0);
INSERT INTO unit (unit_name, unit_type, property_name, floor_number, bedrooms, bathrooms, trent, trent_period, vacant_status) VALUES ('Unit 1', 'Residential', 8, 5, 2, 1, '1638', 'Monthly', 0);
INSERT INTO unit (unit_name, unit_type, property_name, floor_number, bedrooms, bathrooms, trent, trent_period, vacant_status) VALUES ('Unit 2', 'Residential', 8, 3, 2, 1, '1442', 'Monthly', 1);
INSERT INTO unit (unit_name, unit_type, property_name, floor_number, bedrooms, bathrooms, trent, trent_period, vacant_status) VALUES ('Unit 3', 'Residential', 8, 3, 2, 2, '1320', 'Monthly', 1);
INSERT INTO unit (unit_name, unit_type, property_name, floor_number, bedrooms, bathrooms, trent, trent_period, vacant_status) VALUES ('Unit 4', 'Residential', 8, 2, 2, 3, '2432', 'Monthly', 1);
INSERT INTO unit (unit_name, unit_type, property_name, floor_number, bedrooms, bathrooms, trent, trent_period, vacant_status) VALUES ('Unit 5', 'Residential', 8, 5, 4, 3, '833', 'Monthly', 0);
INSERT INTO unit (unit_name, unit_type, property_name, floor_number, bedrooms, bathrooms, trent, trent_period, vacant_status) VALUES ('Unit 6', 'Residential', 8, 2, 1, 2, '3396', 'Monthly', 0);
INSERT INTO unit (unit_name, unit_type, property_name, floor_number, bedrooms, bathrooms, trent, trent_period, vacant_status) VALUES ('Unit 7', 'Residential', 8, 2, 4, 1, '1036', 'Monthly', 1);
INSERT INTO unit (unit_name, unit_type, property_name, floor_number, bedrooms, bathrooms, trent, trent_period, vacant_status) VALUES ('Unit 8', 'Residential', 8, 1, 4, 3, '2718', 'Monthly', 0);
INSERT INTO unit (unit_name, unit_type, property_name, floor_number, bedrooms, bathrooms, trent, trent_period, vacant_status) VALUES ('Unit 9', 'Residential', 8, 3, 4, 2, '2626', 'Monthly', 1);
INSERT INTO unit (unit_name, unit_type, property_name, floor_number, bedrooms, bathrooms, trent, trent_period, vacant_status) VALUES ('Unit 10', 'Residential', 8, 5, 4, 1, '1803', 'Monthly', 0);
INSERT INTO unit (unit_name, unit_type, property_name, floor_number, bedrooms, bathrooms, trent, trent_period, vacant_status) VALUES ('Unit 1', 'Residential', 9, 1, 1, 3, '1737', 'Monthly', 1);
INSERT INTO unit (unit_name, unit_type, property_name, floor_number, bedrooms, bathrooms, trent, trent_period, vacant_status) VALUES ('Unit 2', 'Residential', 9, 4, 2, 3, '1299', 'Monthly', 0);
INSERT INTO unit (unit_name, unit_type, property_name, floor_number, bedrooms, bathrooms, trent, trent_period, vacant_status) VALUES ('Unit 3', 'Residential', 9, 4, 4, 2, '3399', 'Monthly', 0);
INSERT INTO unit (unit_name, unit_type, property_name, floor_number, bedrooms, bathrooms, trent, trent_period, vacant_status) VALUES ('Unit 4', 'Residential', 9, 5, 4, 2, '2655', 'Monthly', 0);
INSERT INTO unit (unit_name, unit_type, property_name, floor_number, bedrooms, bathrooms, trent, trent_period, vacant_status) VALUES ('Unit 5', 'Residential', 9, 3, 2, 3, '1107', 'Monthly', 1);
INSERT INTO unit (unit_name, unit_type, property_name, floor_number, bedrooms, bathrooms, trent, trent_period, vacant_status) VALUES ('Unit 6', 'Residential', 9, 2, 1, 2, '1987', 'Monthly', 0);
INSERT INTO unit (unit_name, unit_type, property_name, floor_number, bedrooms, bathrooms, trent, trent_period, vacant_status) VALUES ('Unit 7', 'Residential', 9, 2, 1, 1, '2996', 'Monthly', 0);
INSERT INTO unit (unit_name, unit_type, property_name, floor_number, bedrooms, bathrooms, trent, trent_period, vacant_status) VALUES ('Unit 1', 'Residential', 10, 5, 3, 3, '2329', 'Monthly', 0);
INSERT INTO unit (unit_name, unit_type, property_name, floor_number, bedrooms, bathrooms, trent, trent_period, vacant_status) VALUES ('Unit 2', 'Residential', 10, 1, 2, 2, '3251', 'Monthly', 1);
INSERT INTO unit (unit_name, unit_type, property_name, floor_number, bedrooms, bathrooms, trent, trent_period, vacant_status) VALUES ('Unit 3', 'Residential', 10, 2, 3, 1, '2013', 'Monthly', 1);
INSERT INTO unit (unit_name, unit_type, property_name, floor_number, bedrooms, bathrooms, trent, trent_period, vacant_status) VALUES ('Unit 4', 'Residential', 10, 5, 3, 3, '2790', 'Monthly', 0);
INSERT INTO unit (unit_name, unit_type, property_name, floor_number, bedrooms, bathrooms, trent, trent_period, vacant_status) VALUES ('Unit 5', 'Residential', 10, 2, 3, 2, '1466', 'Monthly', 1);
INSERT INTO unit (unit_name, unit_type, property_name, floor_number, bedrooms, bathrooms, trent, trent_period, vacant_status) VALUES ('Unit 6', 'Residential', 10, 5, 2, 1, '2580', 'Monthly', 0);
INSERT INTO unit (unit_name, unit_type, property_name, floor_number, bedrooms, bathrooms, trent, trent_period, vacant_status) VALUES ('Unit 1', 'Residential', 11, 2, 3, 3, '1798', 'Monthly', 0);
INSERT INTO unit (unit_name, unit_type, property_name, floor_number, bedrooms, bathrooms, trent, trent_period, vacant_status) VALUES ('Unit 2', 'Residential', 11, 4, 4, 1, '1674', 'Monthly', 0);
INSERT INTO unit (unit_name, unit_type, property_name, floor_number, bedrooms, bathrooms, trent, trent_period, vacant_status) VALUES ('Unit 3', 'Residential', 11, 5, 3, 2, '2200', 'Monthly', 0);
INSERT INTO unit (unit_name, unit_type, property_name, floor_number, bedrooms, bathrooms, trent, trent_period, vacant_status) VALUES ('Unit 4', 'Residential', 11, 2, 2, 1, '1158', 'Monthly', 0);
INSERT INTO unit (unit_name, unit_type, property_name, floor_number, bedrooms, bathrooms, trent, trent_period, vacant_status) VALUES ('Unit 5', 'Residential', 11, 1, 2, 1, '2450', 'Monthly', 0);
INSERT INTO unit (unit_name, unit_type, property_name, floor_number, bedrooms, bathrooms, trent, trent_period, vacant_status) VALUES ('Unit 1', 'Residential', 12, 1, 3, 3, '1798', 'Monthly', 1);
INSERT INTO unit (unit_name, unit_type, property_name, floor_number, bedrooms, bathrooms, trent, trent_period, vacant_status) VALUES ('Unit 2', 'Residential', 12, 1, 2, 2, '1752', 'Monthly', 0);
INSERT INTO unit (unit_name, unit_type, property_name, floor_number, bedrooms, bathrooms, trent, trent_period, vacant_status) VALUES ('Unit 3', 'Residential', 12, 4, 4, 1, '2021', 'Monthly', 1);
INSERT INTO unit (unit_name, unit_type, property_name, floor_number, bedrooms, bathrooms, trent, trent_period, vacant_status) VALUES ('Unit 4', 'Residential', 12, 3, 3, 2, '2094', 'Monthly', 1);
INSERT INTO unit (unit_name, unit_type, property_name, floor_number, bedrooms, bathrooms, trent, trent_period, vacant_status) VALUES ('Unit 5', 'Residential', 12, 1, 4, 3, '1570', 'Monthly', 0);
INSERT INTO unit (unit_name, unit_type, property_name, floor_number, bedrooms, bathrooms, trent, trent_period, vacant_status) VALUES ('Unit 6', 'Residential', 12, 4, 2, 1, '1562', 'Monthly', 1);
INSERT INTO unit (unit_name, unit_type, property_name, floor_number, bedrooms, bathrooms, trent, trent_period, vacant_status) VALUES ('Unit 7', 'Residential', 12, 1, 1, 2, '1380', 'Monthly', 1);
INSERT INTO unit (unit_name, unit_type, property_name, floor_number, bedrooms, bathrooms, trent, trent_period, vacant_status) VALUES ('Unit 1', 'Residential', 13, 3, 1, 2, '1221', 'Monthly', 0);
INSERT INTO unit (unit_name, unit_type, property_name, floor_number, bedrooms, bathrooms, trent, trent_period, vacant_status) VALUES ('Unit 2', 'Residential', 13, 3, 4, 1, '3430', 'Monthly', 0);
INSERT INTO unit (unit_name, unit_type, property_name, floor_number, bedrooms, bathrooms, trent, trent_period, vacant_status) VALUES ('Unit 3', 'Residential', 13, 3, 3, 3, '1481', 'Monthly', 0);
INSERT INTO unit (unit_name, unit_type, property_name, floor_number, bedrooms, bathrooms, trent, trent_period, vacant_status) VALUES ('Unit 4', 'Residential', 13, 3, 1, 2, '806', 'Monthly', 0);
INSERT INTO unit (unit_name, unit_type, property_name, floor_number, bedrooms, bathrooms, trent, trent_period, vacant_status) VALUES ('Unit 1', 'Residential', 14, 4, 2, 1, '3137', 'Monthly', 1);
INSERT INTO unit (unit_name, unit_type, property_name, floor_number, bedrooms, bathrooms, trent, trent_period, vacant_status) VALUES ('Unit 2', 'Residential', 14, 1, 1, 2, '2673', 'Monthly', 1);
INSERT INTO unit (unit_name, unit_type, property_name, floor_number, bedrooms, bathrooms, trent, trent_period, vacant_status) VALUES ('Unit 3', 'Residential', 14, 1, 1, 2, '3297', 'Monthly', 1);
INSERT INTO unit (unit_name, unit_type, property_name, floor_number, bedrooms, bathrooms, trent, trent_period, vacant_status) VALUES ('Unit 4', 'Residential', 14, 2, 2, 1, '1819', 'Monthly', 0);
INSERT INTO unit (unit_name, unit_type, property_name, floor_number, bedrooms, bathrooms, trent, trent_period, vacant_status) VALUES ('Unit 5', 'Residential', 14, 3, 1, 2, '1539', 'Monthly', 0);
INSERT INTO unit (unit_name, unit_type, property_name, floor_number, bedrooms, bathrooms, trent, trent_period, vacant_status) VALUES ('Unit 6', 'Residential', 14, 4, 4, 2, '2676', 'Monthly', 0);
INSERT INTO unit (unit_name, unit_type, property_name, floor_number, bedrooms, bathrooms, trent, trent_period, vacant_status) VALUES ('Unit 7', 'Residential', 14, 3, 2, 2, '1360', 'Monthly', 0);
INSERT INTO unit (unit_name, unit_type, property_name, floor_number, bedrooms, bathrooms, trent, trent_period, vacant_status) VALUES ('Unit 1', 'Residential', 15, 5, 4, 2, '1573', 'Monthly', 1);
INSERT INTO unit (unit_name, unit_type, property_name, floor_number, bedrooms, bathrooms, trent, trent_period, vacant_status) VALUES ('Unit 2', 'Residential', 15, 5, 4, 1, '2636', 'Monthly', 1);
INSERT INTO unit (unit_name, unit_type, property_name, floor_number, bedrooms, bathrooms, trent, trent_period, vacant_status) VALUES ('Unit 3', 'Residential', 15, 5, 1, 2, '2873', 'Monthly', 0);
INSERT INTO unit (unit_name, unit_type, property_name, floor_number, bedrooms, bathrooms, trent, trent_period, vacant_status) VALUES ('Unit 4', 'Residential', 15, 5, 3, 3, '3118', 'Monthly', 1);
INSERT INTO unit (unit_name, unit_type, property_name, floor_number, bedrooms, bathrooms, trent, trent_period, vacant_status) VALUES ('Unit 5', 'Residential', 15, 5, 3, 3, '1315', 'Monthly', 0);
INSERT INTO unit (unit_name, unit_type, property_name, floor_number, bedrooms, bathrooms, trent, trent_period, vacant_status) VALUES ('Unit 6', 'Residential', 15, 4, 2, 1, '1084', 'Monthly', 0);
INSERT INTO unit (unit_name, unit_type, property_name, floor_number, bedrooms, bathrooms, trent, trent_period, vacant_status) VALUES ('Unit 7', 'Residential', 15, 5, 3, 2, '2061', 'Monthly', 1);
INSERT INTO unit (unit_name, unit_type, property_name, floor_number, bedrooms, bathrooms, trent, trent_period, vacant_status) VALUES ('Unit 8', 'Residential', 15, 4, 3, 1, '1185', 'Monthly', 1);
INSERT INTO unit (unit_name, unit_type, property_name, floor_number, bedrooms, bathrooms, trent, trent_period, vacant_status) VALUES ('Unit 9', 'Residential', 15, 5, 2, 3, '1289', 'Monthly', 0);
INSERT INTO unit (unit_name, unit_type, property_name, floor_number, bedrooms, bathrooms, trent, trent_period, vacant_status) VALUES ('Unit 10', 'Residential', 15, 4, 4, 2, '1371', 'Monthly', 0);
INSERT INTO unit (unit_name, unit_type, property_name, floor_number, bedrooms, bathrooms, trent, trent_period, vacant_status) VALUES ('Unit 1', 'Residential', 16, 4, 3, 2, '3034', 'Monthly', 1);
INSERT INTO unit (unit_name, unit_type, property_name, floor_number, bedrooms, bathrooms, trent, trent_period, vacant_status) VALUES ('Unit 2', 'Residential', 16, 3, 4, 3, '3352', 'Monthly', 0);
INSERT INTO unit (unit_name, unit_type, property_name, floor_number, bedrooms, bathrooms, trent, trent_period, vacant_status) VALUES ('Unit 3', 'Residential', 16, 3, 4, 3, '3341', 'Monthly', 1);
INSERT INTO unit (unit_name, unit_type, property_name, floor_number, bedrooms, bathrooms, trent, trent_period, vacant_status) VALUES ('Unit 4', 'Residential', 16, 3, 4, 2, '1874', 'Monthly', 1);
INSERT INTO unit (unit_name, unit_type, property_name, floor_number, bedrooms, bathrooms, trent, trent_period, vacant_status) VALUES ('Unit 5', 'Residential', 16, 4, 4, 3, '3316', 'Monthly', 1);
INSERT INTO unit (unit_name, unit_type, property_name, floor_number, bedrooms, bathrooms, trent, trent_period, vacant_status) VALUES ('Unit 1', 'Residential', 17, 3, 4, 2, '1435', 'Monthly', 1);
INSERT INTO unit (unit_name, unit_type, property_name, floor_number, bedrooms, bathrooms, trent, trent_period, vacant_status) VALUES ('Unit 2', 'Residential', 17, 2, 2, 1, '2643', 'Monthly', 0);
INSERT INTO unit (unit_name, unit_type, property_name, floor_number, bedrooms, bathrooms, trent, trent_period, vacant_status) VALUES ('Unit 3', 'Residential', 17, 3, 3, 3, '909', 'Monthly', 0);
INSERT INTO unit (unit_name, unit_type, property_name, floor_number, bedrooms, bathrooms, trent, trent_period, vacant_status) VALUES ('Unit 4', 'Residential', 17, 2, 1, 3, '2279', 'Monthly', 1);
INSERT INTO unit (unit_name, unit_type, property_name, floor_number, bedrooms, bathrooms, trent, trent_period, vacant_status) VALUES ('Unit 5', 'Residential', 17, 5, 3, 2, '1624', 'Monthly', 0);
INSERT INTO unit (unit_name, unit_type, property_name, floor_number, bedrooms, bathrooms, trent, trent_period, vacant_status) VALUES ('Unit 6', 'Residential', 17, 5, 1, 1, '3473', 'Monthly', 0);
INSERT INTO unit (unit_name, unit_type, property_name, floor_number, bedrooms, bathrooms, trent, trent_period, vacant_status) VALUES ('Unit 7', 'Residential', 17, 5, 2, 3, '2401', 'Monthly', 1);
INSERT INTO unit (unit_name, unit_type, property_name, floor_number, bedrooms, bathrooms, trent, trent_period, vacant_status) VALUES ('Unit 8', 'Residential', 17, 4, 4, 2, '1262', 'Monthly', 1);
INSERT INTO unit (unit_name, unit_type, property_name, floor_number, bedrooms, bathrooms, trent, trent_period, vacant_status) VALUES ('Unit 9', 'Residential', 17, 1, 4, 3, '3228', 'Monthly', 1);
INSERT INTO unit (unit_name, unit_type, property_name, floor_number, bedrooms, bathrooms, trent, trent_period, vacant_status) VALUES ('Unit 1', 'Residential', 18, 2, 4, 3, '2148', 'Monthly', 1);
INSERT INTO unit (unit_name, unit_type, property_name, floor_number, bedrooms, bathrooms, trent, trent_period, vacant_status) VALUES ('Unit 2', 'Residential', 18, 4, 4, 3, '1308', 'Monthly', 1);
INSERT INTO unit (unit_name, unit_type, property_name, floor_number, bedrooms, bathrooms, trent, trent_period, vacant_status) VALUES ('Unit 3', 'Residential', 18, 5, 1, 3, '3312', 'Monthly', 0);
INSERT INTO unit (unit_name, unit_type, property_name, floor_number, bedrooms, bathrooms, trent, trent_period, vacant_status) VALUES ('Unit 4', 'Residential', 18, 1, 2, 2, '2000', 'Monthly', 0);
INSERT INTO unit (unit_name, unit_type, property_name, floor_number, bedrooms, bathrooms, trent, trent_period, vacant_status) VALUES ('Unit 5', 'Residential', 18, 3, 2, 1, '1757', 'Monthly', 1);
INSERT INTO unit (unit_name, unit_type, property_name, floor_number, bedrooms, bathrooms, trent, trent_period, vacant_status) VALUES ('Unit 6', 'Residential', 18, 1, 2, 2, '1969', 'Monthly', 1);
INSERT INTO unit (unit_name, unit_type, property_name, floor_number, bedrooms, bathrooms, trent, trent_period, vacant_status) VALUES ('Unit 1', 'Residential', 19, 4, 3, 2, '2847', 'Monthly', 0);
INSERT INTO unit (unit_name, unit_type, property_name, floor_number, bedrooms, bathrooms, trent, trent_period, vacant_status) VALUES ('Unit 2', 'Residential', 19, 2, 2, 2, '3490', 'Monthly', 0);
INSERT INTO unit (unit_name, unit_type, property_name, floor_number, bedrooms, bathrooms, trent, trent_period, vacant_status) VALUES ('Unit 3', 'Residential', 19, 2, 2, 2, '1628', 'Monthly', 1);
INSERT INTO unit (unit_name, unit_type, property_name, floor_number, bedrooms, bathrooms, trent, trent_period, vacant_status) VALUES ('Unit 4', 'Residential', 19, 1, 4, 3, '1013', 'Monthly', 0);
INSERT INTO unit (unit_name, unit_type, property_name, floor_number, bedrooms, bathrooms, trent, trent_period, vacant_status) VALUES ('Unit 5', 'Residential', 19, 4, 1, 2, '1557', 'Monthly', 0);
INSERT INTO unit (unit_name, unit_type, property_name, floor_number, bedrooms, bathrooms, trent, trent_period, vacant_status) VALUES ('Unit 1', 'Residential', 20, 2, 1, 1, '2706', 'Monthly', 0);
INSERT INTO unit (unit_name, unit_type, property_name, floor_number, bedrooms, bathrooms, trent, trent_period, vacant_status) VALUES ('Unit 2', 'Residential', 20, 3, 4, 2, '2782', 'Monthly', 1);
INSERT INTO unit (unit_name, unit_type, property_name, floor_number, bedrooms, bathrooms, trent, trent_period, vacant_status) VALUES ('Unit 3', 'Residential', 20, 5, 1, 2, '3245', 'Monthly', 0);
INSERT INTO unit (unit_name, unit_type, property_name, floor_number, bedrooms, bathrooms, trent, trent_period, vacant_status) VALUES ('Unit 4', 'Residential', 20, 1, 3, 2, '2031', 'Monthly', 0);
INSERT INTO unit (unit_name, unit_type, property_name, floor_number, bedrooms, bathrooms, trent, trent_period, vacant_status) VALUES ('Unit 1', 'Residential', 21, 4, 2, 1, '2481', 'Monthly', 1);
INSERT INTO unit (unit_name, unit_type, property_name, floor_number, bedrooms, bathrooms, trent, trent_period, vacant_status) VALUES ('Unit 2', 'Residential', 21, 1, 4, 1, '1698', 'Monthly', 1);
INSERT INTO unit (unit_name, unit_type, property_name, floor_number, bedrooms, bathrooms, trent, trent_period, vacant_status) VALUES ('Unit 3', 'Residential', 21, 2, 4, 2, '945', 'Monthly', 0);
INSERT INTO unit (unit_name, unit_type, property_name, floor_number, bedrooms, bathrooms, trent, trent_period, vacant_status) VALUES ('Unit 4', 'Residential', 21, 2, 2, 2, '1407', 'Monthly', 0);
INSERT INTO unit (unit_name, unit_type, property_name, floor_number, bedrooms, bathrooms, trent, trent_period, vacant_status) VALUES ('Unit 5', 'Residential', 21, 4, 2, 3, '3334', 'Monthly', 0);
INSERT INTO unit (unit_name, unit_type, property_name, floor_number, bedrooms, bathrooms, trent, trent_period, vacant_status) VALUES ('Unit 6', 'Residential', 21, 4, 3, 1, '952', 'Monthly', 0);
INSERT INTO unit (unit_name, unit_type, property_name, floor_number, bedrooms, bathrooms, trent, trent_period, vacant_status) VALUES ('Unit 7', 'Residential', 21, 2, 2, 1, '1668', 'Monthly', 0);
INSERT INTO unit (unit_name, unit_type, property_name, floor_number, bedrooms, bathrooms, trent, trent_period, vacant_status) VALUES ('Unit 8', 'Residential', 21, 2, 3, 3, '1543', 'Monthly', 0);
INSERT INTO unit (unit_name, unit_type, property_name, floor_number, bedrooms, bathrooms, trent, trent_period, vacant_status) VALUES ('Unit 9', 'Residential', 21, 2, 4, 3, '2952', 'Monthly', 1);
INSERT INTO unit (unit_name, unit_type, property_name, floor_number, bedrooms, bathrooms, trent, trent_period, vacant_status) VALUES ('Unit 10', 'Residential', 21, 5, 2, 3, '3056', 'Monthly', 1);
INSERT INTO unit (unit_name, unit_type, property_name, floor_number, bedrooms, bathrooms, trent, trent_period, vacant_status) VALUES ('Unit 1', 'Residential', 22, 2, 1, 3, '3111', 'Monthly', 1);
INSERT INTO unit (unit_name, unit_type, property_name, floor_number, bedrooms, bathrooms, trent, trent_period, vacant_status) VALUES ('Unit 2', 'Residential', 22, 3, 1, 3, '1103', 'Monthly', 0);
INSERT INTO unit (unit_name, unit_type, property_name, floor_number, bedrooms, bathrooms, trent, trent_period, vacant_status) VALUES ('Unit 3', 'Residential', 22, 4, 3, 1, '1159', 'Monthly', 1);
INSERT INTO unit (unit_name, unit_type, property_name, floor_number, bedrooms, bathrooms, trent, trent_period, vacant_status) VALUES ('Unit 4', 'Residential', 22, 3, 4, 1, '1459', 'Monthly', 0);
INSERT INTO unit (unit_name, unit_type, property_name, floor_number, bedrooms, bathrooms, trent, trent_period, vacant_status) VALUES ('Unit 5', 'Residential', 22, 3, 1, 1, '2765', 'Monthly', 1);
INSERT INTO unit (unit_name, unit_type, property_name, floor_number, bedrooms, bathrooms, trent, trent_period, vacant_status) VALUES ('Unit 6', 'Residential', 22, 5, 3, 3, '1184', 'Monthly', 1);
INSERT INTO unit (unit_name, unit_type, property_name, floor_number, bedrooms, bathrooms, trent, trent_period, vacant_status) VALUES ('Unit 7', 'Residential', 22, 4, 2, 1, '2415', 'Monthly', 0);
INSERT INTO unit (unit_name, unit_type, property_name, floor_number, bedrooms, bathrooms, trent, trent_period, vacant_status) VALUES ('Unit 8', 'Residential', 22, 5, 4, 1, '2992', 'Monthly', 0);
INSERT INTO unit (unit_name, unit_type, property_name, floor_number, bedrooms, bathrooms, trent, trent_period, vacant_status) VALUES ('Unit 9', 'Residential', 22, 4, 1, 2, '1557', 'Monthly', 1);
INSERT INTO unit (unit_name, unit_type, property_name, floor_number, bedrooms, bathrooms, trent, trent_period, vacant_status) VALUES ('Unit 10', 'Residential', 22, 4, 3, 1, '2534', 'Monthly', 1);
INSERT INTO unit (unit_name, unit_type, property_name, floor_number, bedrooms, bathrooms, trent, trent_period, vacant_status) VALUES ('Unit 1', 'Residential', 23, 2, 1, 2, '3273', 'Monthly', 0);
INSERT INTO unit (unit_name, unit_type, property_name, floor_number, bedrooms, bathrooms, trent, trent_period, vacant_status) VALUES ('Unit 2', 'Residential', 23, 4, 4, 2, '3196', 'Monthly', 0);
INSERT INTO unit (unit_name, unit_type, property_name, floor_number, bedrooms, bathrooms, trent, trent_period, vacant_status) VALUES ('Unit 3', 'Residential', 23, 2, 2, 3, '3063', 'Monthly', 0);
INSERT INTO unit (unit_name, unit_type, property_name, floor_number, bedrooms, bathrooms, trent, trent_period, vacant_status) VALUES ('Unit 4', 'Residential', 23, 2, 3, 1, '3244', 'Monthly', 0);
INSERT INTO unit (unit_name, unit_type, property_name, floor_number, bedrooms, bathrooms, trent, trent_period, vacant_status) VALUES ('Unit 5', 'Residential', 23, 2, 4, 1, '995', 'Monthly', 1);
INSERT INTO unit (unit_name, unit_type, property_name, floor_number, bedrooms, bathrooms, trent, trent_period, vacant_status) VALUES ('Unit 6', 'Residential', 23, 4, 1, 1, '2343', 'Monthly', 1);
INSERT INTO unit (unit_name, unit_type, property_name, floor_number, bedrooms, bathrooms, trent, trent_period, vacant_status) VALUES ('Unit 7', 'Residential', 23, 5, 3, 3, '3334', 'Monthly', 1);
INSERT INTO unit (unit_name, unit_type, property_name, floor_number, bedrooms, bathrooms, trent, trent_period, vacant_status) VALUES ('Unit 8', 'Residential', 23, 5, 4, 3, '870', 'Monthly', 0);
INSERT INTO unit (unit_name, unit_type, property_name, floor_number, bedrooms, bathrooms, trent, trent_period, vacant_status) VALUES ('Unit 9', 'Residential', 23, 3, 2, 3, '2382', 'Monthly', 1);
INSERT INTO unit (unit_name, unit_type, property_name, floor_number, bedrooms, bathrooms, trent, trent_period, vacant_status) VALUES ('Unit 1', 'Residential', 24, 2, 3, 1, '2642', 'Monthly', 1);
INSERT INTO unit (unit_name, unit_type, property_name, floor_number, bedrooms, bathrooms, trent, trent_period, vacant_status) VALUES ('Unit 2', 'Residential', 24, 5, 3, 3, '3458', 'Monthly', 1);
INSERT INTO unit (unit_name, unit_type, property_name, floor_number, bedrooms, bathrooms, trent, trent_period, vacant_status) VALUES ('Unit 3', 'Residential', 24, 2, 4, 2, '3034', 'Monthly', 0);
INSERT INTO unit (unit_name, unit_type, property_name, floor_number, bedrooms, bathrooms, trent, trent_period, vacant_status) VALUES ('Unit 4', 'Residential', 24, 4, 4, 1, '1906', 'Monthly', 1);
INSERT INTO unit (unit_name, unit_type, property_name, floor_number, bedrooms, bathrooms, trent, trent_period, vacant_status) VALUES ('Unit 5', 'Residential', 24, 1, 1, 2, '3370', 'Monthly', 0);
INSERT INTO unit (unit_name, unit_type, property_name, floor_number, bedrooms, bathrooms, trent, trent_period, vacant_status) VALUES ('Unit 6', 'Residential', 24, 1, 2, 3, '2493', 'Monthly', 0);
INSERT INTO unit (unit_name, unit_type, property_name, floor_number, bedrooms, bathrooms, trent, trent_period, vacant_status) VALUES ('Unit 7', 'Residential', 24, 3, 2, 2, '2412', 'Monthly', 1);
INSERT INTO unit (unit_name, unit_type, property_name, floor_number, bedrooms, bathrooms, trent, trent_period, vacant_status) VALUES ('Unit 1', 'Residential', 25, 3, 3, 3, '1231', 'Monthly', 0);
INSERT INTO unit (unit_name, unit_type, property_name, floor_number, bedrooms, bathrooms, trent, trent_period, vacant_status) VALUES ('Unit 2', 'Residential', 25, 3, 2, 3, '1141', 'Monthly', 0);
INSERT INTO unit (unit_name, unit_type, property_name, floor_number, bedrooms, bathrooms, trent, trent_period, vacant_status) VALUES ('Unit 3', 'Residential', 25, 3, 3, 2, '2400', 'Monthly', 0);
INSERT INTO unit (unit_name, unit_type, property_name, floor_number, bedrooms, bathrooms, trent, trent_period, vacant_status) VALUES ('Unit 4', 'Residential', 25, 1, 1, 1, '2486', 'Monthly', 1);
INSERT INTO unit (unit_name, unit_type, property_name, floor_number, bedrooms, bathrooms, trent, trent_period, vacant_status) VALUES ('Unit 5', 'Residential', 25, 5, 3, 2, '2181', 'Monthly', 0);
INSERT INTO unit (unit_name, unit_type, property_name, floor_number, bedrooms, bathrooms, trent, trent_period, vacant_status) VALUES ('Unit 6', 'Residential', 25, 1, 1, 1, '2244', 'Monthly', 0);
INSERT INTO unit (unit_name, unit_type, property_name, floor_number, bedrooms, bathrooms, trent, trent_period, vacant_status) VALUES ('Unit 7', 'Residential', 25, 2, 4, 2, '3340', 'Monthly', 0);
INSERT INTO unit (unit_name, unit_type, property_name, floor_number, bedrooms, bathrooms, trent, trent_period, vacant_status) VALUES ('Unit 8', 'Residential', 25, 5, 2, 2, '1332', 'Monthly', 0);
INSERT INTO unit (unit_name, unit_type, property_name, floor_number, bedrooms, bathrooms, trent, trent_period, vacant_status) VALUES ('Unit 9', 'Residential', 25, 1, 1, 3, '2779', 'Monthly', 1);
INSERT INTO unit (unit_name, unit_type, property_name, floor_number, bedrooms, bathrooms, trent, trent_period, vacant_status) VALUES ('Unit 1', 'Residential', 26, 3, 1, 1, '3168', 'Monthly', 0);
INSERT INTO unit (unit_name, unit_type, property_name, floor_number, bedrooms, bathrooms, trent, trent_period, vacant_status) VALUES ('Unit 2', 'Residential', 26, 4, 2, 2, '3201', 'Monthly', 0);
INSERT INTO unit (unit_name, unit_type, property_name, floor_number, bedrooms, bathrooms, trent, trent_period, vacant_status) VALUES ('Unit 3', 'Residential', 26, 3, 3, 2, '3457', 'Monthly', 0);
INSERT INTO unit (unit_name, unit_type, property_name, floor_number, bedrooms, bathrooms, trent, trent_period, vacant_status) VALUES ('Unit 4', 'Residential', 26, 3, 4, 1, '1518', 'Monthly', 1);
INSERT INTO unit (unit_name, unit_type, property_name, floor_number, bedrooms, bathrooms, trent, trent_period, vacant_status) VALUES ('Unit 5', 'Residential', 26, 2, 2, 2, '3146', 'Monthly', 0);
INSERT INTO unit (unit_name, unit_type, property_name, floor_number, bedrooms, bathrooms, trent, trent_period, vacant_status) VALUES ('Unit 6', 'Residential', 26, 3, 1, 3, '1607', 'Monthly', 0);
INSERT INTO unit (unit_name, unit_type, property_name, floor_number, bedrooms, bathrooms, trent, trent_period, vacant_status) VALUES ('Unit 7', 'Residential', 26, 4, 3, 2, '2944', 'Monthly', 1);
INSERT INTO unit (unit_name, unit_type, property_name, floor_number, bedrooms, bathrooms, trent, trent_period, vacant_status) VALUES ('Unit 8', 'Residential', 26, 4, 4, 1, '901', 'Monthly', 1);
INSERT INTO unit (unit_name, unit_type, property_name, floor_number, bedrooms, bathrooms, trent, trent_period, vacant_status) VALUES ('Unit 1', 'Residential', 27, 1, 2, 2, '864', 'Monthly', 1);
INSERT INTO unit (unit_name, unit_type, property_name, floor_number, bedrooms, bathrooms, trent, trent_period, vacant_status) VALUES ('Unit 2', 'Residential', 27, 4, 4, 1, '3491', 'Monthly', 0);
INSERT INTO unit (unit_name, unit_type, property_name, floor_number, bedrooms, bathrooms, trent, trent_period, vacant_status) VALUES ('Unit 3', 'Residential', 27, 4, 3, 2, '1931', 'Monthly', 0);
INSERT INTO unit (unit_name, unit_type, property_name, floor_number, bedrooms, bathrooms, trent, trent_period, vacant_status) VALUES ('Unit 4', 'Residential', 27, 1, 2, 1, '2542', 'Monthly', 0);
INSERT INTO unit (unit_name, unit_type, property_name, floor_number, bedrooms, bathrooms, trent, trent_period, vacant_status) VALUES ('Unit 5', 'Residential', 27, 3, 2, 3, '1537', 'Monthly', 1);
INSERT INTO unit (unit_name, unit_type, property_name, floor_number, bedrooms, bathrooms, trent, trent_period, vacant_status) VALUES ('Unit 6', 'Residential', 27, 5, 2, 2, '896', 'Monthly', 0);
INSERT INTO unit (unit_name, unit_type, property_name, floor_number, bedrooms, bathrooms, trent, trent_period, vacant_status) VALUES ('Unit 1', 'Residential', 28, 4, 3, 3, '1086', 'Monthly', 0);
INSERT INTO unit (unit_name, unit_type, property_name, floor_number, bedrooms, bathrooms, trent, trent_period, vacant_status) VALUES ('Unit 2', 'Residential', 28, 3, 4, 1, '3484', 'Monthly', 1);
INSERT INTO unit (unit_name, unit_type, property_name, floor_number, bedrooms, bathrooms, trent, trent_period, vacant_status) VALUES ('Unit 3', 'Residential', 28, 2, 2, 3, '3044', 'Monthly', 1);
INSERT INTO unit (unit_name, unit_type, property_name, floor_number, bedrooms, bathrooms, trent, trent_period, vacant_status) VALUES ('Unit 4', 'Residential', 28, 5, 2, 3, '1252', 'Monthly', 0);
INSERT INTO unit (unit_name, unit_type, property_name, floor_number, bedrooms, bathrooms, trent, trent_period, vacant_status) VALUES ('Unit 5', 'Residential', 28, 5, 1, 2, '3078', 'Monthly', 1);
INSERT INTO unit (unit_name, unit_type, property_name, floor_number, bedrooms, bathrooms, trent, trent_period, vacant_status) VALUES ('Unit 6', 'Residential', 28, 1, 3, 2, '2145', 'Monthly', 0);
INSERT INTO unit (unit_name, unit_type, property_name, floor_number, bedrooms, bathrooms, trent, trent_period, vacant_status) VALUES ('Unit 7', 'Residential', 28, 1, 3, 3, '2682', 'Monthly', 0);
INSERT INTO unit (unit_name, unit_type, property_name, floor_number, bedrooms, bathrooms, trent, trent_period, vacant_status) VALUES ('Unit 8', 'Residential', 28, 4, 1, 2, '1093', 'Monthly', 1);
INSERT INTO unit (unit_name, unit_type, property_name, floor_number, bedrooms, bathrooms, trent, trent_period, vacant_status) VALUES ('Unit 1', 'Residential', 29, 4, 2, 1, '1786', 'Monthly', 0);
INSERT INTO unit (unit_name, unit_type, property_name, floor_number, bedrooms, bathrooms, trent, trent_period, vacant_status) VALUES ('Unit 2', 'Residential', 29, 2, 1, 2, '1037', 'Monthly', 1);
INSERT INTO unit (unit_name, unit_type, property_name, floor_number, bedrooms, bathrooms, trent, trent_period, vacant_status) VALUES ('Unit 3', 'Residential', 29, 5, 3, 1, '2622', 'Monthly', 1);
INSERT INTO unit (unit_name, unit_type, property_name, floor_number, bedrooms, bathrooms, trent, trent_period, vacant_status) VALUES ('Unit 4', 'Residential', 29, 5, 1, 2, '3453', 'Monthly', 0);
INSERT INTO unit (unit_name, unit_type, property_name, floor_number, bedrooms, bathrooms, trent, trent_period, vacant_status) VALUES ('Unit 5', 'Residential', 29, 3, 4, 1, '2152', 'Monthly', 1);
INSERT INTO unit (unit_name, unit_type, property_name, floor_number, bedrooms, bathrooms, trent, trent_period, vacant_status) VALUES ('Unit 6', 'Residential', 29, 4, 1, 1, '1135', 'Monthly', 1);
INSERT INTO unit (unit_name, unit_type, property_name, floor_number, bedrooms, bathrooms, trent, trent_period, vacant_status) VALUES ('Unit 7', 'Residential', 29, 1, 3, 1, '2592', 'Monthly', 1);
INSERT INTO unit (unit_name, unit_type, property_name, floor_number, bedrooms, bathrooms, trent, trent_period, vacant_status) VALUES ('Unit 8', 'Residential', 29, 3, 4, 1, '986', 'Monthly', 1);
INSERT INTO unit (unit_name, unit_type, property_name, floor_number, bedrooms, bathrooms, trent, trent_period, vacant_status) VALUES ('Unit 9', 'Residential', 29, 5, 2, 2, '1272', 'Monthly', 0);
INSERT INTO unit (unit_name, unit_type, property_name, floor_number, bedrooms, bathrooms, trent, trent_period, vacant_status) VALUES ('Unit 1', 'Residential', 30, 5, 4, 1, '1669', 'Monthly', 0);
INSERT INTO unit (unit_name, unit_type, property_name, floor_number, bedrooms, bathrooms, trent, trent_period, vacant_status) VALUES ('Unit 2', 'Residential', 30, 4, 2, 3, '2032', 'Monthly', 1);
INSERT INTO unit (unit_name, unit_type, property_name, floor_number, bedrooms, bathrooms, trent, trent_period, vacant_status) VALUES ('Unit 3', 'Residential', 30, 4, 4, 3, '2395', 'Monthly', 1);
INSERT INTO unit (unit_name, unit_type, property_name, floor_number, bedrooms, bathrooms, trent, trent_period, vacant_status) VALUES ('Unit 4', 'Residential', 30, 4, 4, 2, '909', 'Monthly', 0);
INSERT INTO unit (unit_name, unit_type, property_name, floor_number, bedrooms, bathrooms, trent, trent_period, vacant_status) VALUES ('Unit 5', 'Residential', 30, 5, 3, 2, '874', 'Monthly', 0);
INSERT INTO unit (unit_name, unit_type, property_name, floor_number, bedrooms, bathrooms, trent, trent_period, vacant_status) VALUES ('Unit 6', 'Residential', 30, 3, 4, 1, '1452', 'Monthly', 0);
INSERT INTO unit (unit_name, unit_type, property_name, floor_number, bedrooms, bathrooms, trent, trent_period, vacant_status) VALUES ('Unit 7', 'Residential', 30, 2, 4, 2, '2325', 'Monthly', 0);
INSERT INTO unit (unit_name, unit_type, property_name, floor_number, bedrooms, bathrooms, trent, trent_period, vacant_status) VALUES ('Unit 8', 'Residential', 30, 2, 3, 3, '2236', 'Monthly', 0);
INSERT INTO unit (unit_name, unit_type, property_name, floor_number, bedrooms, bathrooms, trent, trent_period, vacant_status) VALUES ('Unit 9', 'Residential', 30, 5, 4, 2, '3320', 'Monthly', 0);
INSERT INTO unit (unit_name, unit_type, property_name, floor_number, bedrooms, bathrooms, trent, trent_period, vacant_status) VALUES ('Unit 10', 'Residential', 30, 4, 2, 2, '1067', 'Monthly', 0);
INSERT INTO unit (unit_name, unit_type, property_name, floor_number, bedrooms, bathrooms, trent, trent_period, vacant_status) VALUES ('Unit 1', 'Residential', 31, 5, 4, 2, '1773', 'Monthly', 1);
INSERT INTO unit (unit_name, unit_type, property_name, floor_number, bedrooms, bathrooms, trent, trent_period, vacant_status) VALUES ('Unit 2', 'Residential', 31, 2, 3, 1, '2573', 'Monthly', 1);
INSERT INTO unit (unit_name, unit_type, property_name, floor_number, bedrooms, bathrooms, trent, trent_period, vacant_status) VALUES ('Unit 3', 'Residential', 31, 4, 4, 2, '2256', 'Monthly', 1);
INSERT INTO unit (unit_name, unit_type, property_name, floor_number, bedrooms, bathrooms, trent, trent_period, vacant_status) VALUES ('Unit 4', 'Residential', 31, 3, 2, 3, '1346', 'Monthly', 0);
INSERT INTO unit (unit_name, unit_type, property_name, floor_number, bedrooms, bathrooms, trent, trent_period, vacant_status) VALUES ('Unit 5', 'Residential', 31, 1, 4, 1, '1373', 'Monthly', 0);
INSERT INTO unit (unit_name, unit_type, property_name, floor_number, bedrooms, bathrooms, trent, trent_period, vacant_status) VALUES ('Unit 6', 'Residential', 31, 5, 3, 2, '3120', 'Monthly', 0);
INSERT INTO unit (unit_name, unit_type, property_name, floor_number, bedrooms, bathrooms, trent, trent_period, vacant_status) VALUES ('Unit 7', 'Residential', 31, 4, 1, 3, '1797', 'Monthly', 1);
INSERT INTO unit (unit_name, unit_type, property_name, floor_number, bedrooms, bathrooms, trent, trent_period, vacant_status) VALUES ('Unit 8', 'Residential', 31, 1, 2, 3, '1397', 'Monthly', 1);
INSERT INTO unit (unit_name, unit_type, property_name, floor_number, bedrooms, bathrooms, trent, trent_period, vacant_status) VALUES ('Unit 9', 'Residential', 31, 3, 4, 2, '3305', 'Monthly', 1);
INSERT INTO unit (unit_name, unit_type, property_name, floor_number, bedrooms, bathrooms, trent, trent_period, vacant_status) VALUES ('Unit 10', 'Residential', 31, 3, 3, 1, '3312', 'Monthly', 1);
INSERT INTO unit (unit_name, unit_type, property_name, floor_number, bedrooms, bathrooms, trent, trent_period, vacant_status) VALUES ('Unit 1', 'Residential', 32, 1, 3, 2, '2538', 'Monthly', 1);
INSERT INTO unit (unit_name, unit_type, property_name, floor_number, bedrooms, bathrooms, trent, trent_period, vacant_status) VALUES ('Unit 2', 'Residential', 32, 1, 4, 1, '3306', 'Monthly', 1);
INSERT INTO unit (unit_name, unit_type, property_name, floor_number, bedrooms, bathrooms, trent, trent_period, vacant_status) VALUES ('Unit 3', 'Residential', 32, 2, 2, 2, '3066', 'Monthly', 0);
INSERT INTO unit (unit_name, unit_type, property_name, floor_number, bedrooms, bathrooms, trent, trent_period, vacant_status) VALUES ('Unit 4', 'Residential', 32, 4, 1, 3, '1174', 'Monthly', 0);
INSERT INTO unit (unit_name, unit_type, property_name, floor_number, bedrooms, bathrooms, trent, trent_period, vacant_status) VALUES ('Unit 5', 'Residential', 32, 4, 1, 2, '1293', 'Monthly', 0);
INSERT INTO unit (unit_name, unit_type, property_name, floor_number, bedrooms, bathrooms, trent, trent_period, vacant_status) VALUES ('Unit 1', 'Residential', 33, 4, 4, 2, '2761', 'Monthly', 1);
INSERT INTO unit (unit_name, unit_type, property_name, floor_number, bedrooms, bathrooms, trent, trent_period, vacant_status) VALUES ('Unit 2', 'Residential', 33, 2, 3, 2, '3268', 'Monthly', 1);
INSERT INTO unit (unit_name, unit_type, property_name, floor_number, bedrooms, bathrooms, trent, trent_period, vacant_status) VALUES ('Unit 3', 'Residential', 33, 4, 1, 1, '1536', 'Monthly', 0);
INSERT INTO unit (unit_name, unit_type, property_name, floor_number, bedrooms, bathrooms, trent, trent_period, vacant_status) VALUES ('Unit 4', 'Residential', 33, 5, 2, 1, '2437', 'Monthly', 1);
INSERT INTO unit (unit_name, unit_type, property_name, floor_number, bedrooms, bathrooms, trent, trent_period, vacant_status) VALUES ('Unit 5', 'Residential', 33, 3, 3, 3, '3381', 'Monthly', 0);
INSERT INTO unit (unit_name, unit_type, property_name, floor_number, bedrooms, bathrooms, trent, trent_period, vacant_status) VALUES ('Unit 6', 'Residential', 33, 4, 1, 2, '3080', 'Monthly', 0);
INSERT INTO unit (unit_name, unit_type, property_name, floor_number, bedrooms, bathrooms, trent, trent_period, vacant_status) VALUES ('Unit 7', 'Residential', 33, 5, 1, 3, '3466', 'Monthly', 1);
INSERT INTO unit (unit_name, unit_type, property_name, floor_number, bedrooms, bathrooms, trent, trent_period, vacant_status) VALUES ('Unit 8', 'Residential', 33, 3, 4, 2, '3163', 'Monthly', 1);
INSERT INTO unit (unit_name, unit_type, property_name, floor_number, bedrooms, bathrooms, trent, trent_period, vacant_status) VALUES ('Unit 9', 'Residential', 33, 5, 4, 3, '1365', 'Monthly', 0);
INSERT INTO unit (unit_name, unit_type, property_name, floor_number, bedrooms, bathrooms, trent, trent_period, vacant_status) VALUES ('Unit 1', 'Residential', 34, 5, 2, 1, '2916', 'Monthly', 1);
INSERT INTO unit (unit_name, unit_type, property_name, floor_number, bedrooms, bathrooms, trent, trent_period, vacant_status) VALUES ('Unit 2', 'Residential', 34, 1, 3, 1, '1476', 'Monthly', 0);
INSERT INTO unit (unit_name, unit_type, property_name, floor_number, bedrooms, bathrooms, trent, trent_period, vacant_status) VALUES ('Unit 3', 'Residential', 34, 2, 4, 1, '3066', 'Monthly', 1);
INSERT INTO unit (unit_name, unit_type, property_name, floor_number, bedrooms, bathrooms, trent, trent_period, vacant_status) VALUES ('Unit 4', 'Residential', 34, 2, 4, 3, '1365', 'Monthly', 0);
INSERT INTO unit (unit_name, unit_type, property_name, floor_number, bedrooms, bathrooms, trent, trent_period, vacant_status) VALUES ('Unit 5', 'Residential', 34, 3, 4, 2, '3357', 'Monthly', 1);
INSERT INTO unit (unit_name, unit_type, property_name, floor_number, bedrooms, bathrooms, trent, trent_period, vacant_status) VALUES ('Unit 6', 'Residential', 34, 2, 3, 1, '1052', 'Monthly', 0);
INSERT INTO unit (unit_name, unit_type, property_name, floor_number, bedrooms, bathrooms, trent, trent_period, vacant_status) VALUES ('Unit 1', 'Residential', 35, 4, 2, 3, '3320', 'Monthly', 0);
INSERT INTO unit (unit_name, unit_type, property_name, floor_number, bedrooms, bathrooms, trent, trent_period, vacant_status) VALUES ('Unit 2', 'Residential', 35, 5, 2, 2, '2761', 'Monthly', 1);
INSERT INTO unit (unit_name, unit_type, property_name, floor_number, bedrooms, bathrooms, trent, trent_period, vacant_status) VALUES ('Unit 3', 'Residential', 35, 3, 2, 1, '1520', 'Monthly', 1);
INSERT INTO unit (unit_name, unit_type, property_name, floor_number, bedrooms, bathrooms, trent, trent_period, vacant_status) VALUES ('Unit 4', 'Residential', 35, 1, 3, 1, '1369', 'Monthly', 0);
INSERT INTO unit (unit_name, unit_type, property_name, floor_number, bedrooms, bathrooms, trent, trent_period, vacant_status) VALUES ('Unit 5', 'Residential', 35, 1, 3, 1, '1543', 'Monthly', 1);
INSERT INTO unit (unit_name, unit_type, property_name, floor_number, bedrooms, bathrooms, trent, trent_period, vacant_status) VALUES ('Unit 6', 'Residential', 35, 4, 4, 3, '2586', 'Monthly', 1);
INSERT INTO unit (unit_name, unit_type, property_name, floor_number, bedrooms, bathrooms, trent, trent_period, vacant_status) VALUES ('Unit 1', 'Residential', 36, 5, 3, 3, '2256', 'Monthly', 0);
INSERT INTO unit (unit_name, unit_type, property_name, floor_number, bedrooms, bathrooms, trent, trent_period, vacant_status) VALUES ('Unit 2', 'Residential', 36, 2, 4, 3, '2749', 'Monthly', 0);
INSERT INTO unit (unit_name, unit_type, property_name, floor_number, bedrooms, bathrooms, trent, trent_period, vacant_status) VALUES ('Unit 3', 'Residential', 36, 2, 4, 3, '2960', 'Monthly', 1);
INSERT INTO unit (unit_name, unit_type, property_name, floor_number, bedrooms, bathrooms, trent, trent_period, vacant_status) VALUES ('Unit 4', 'Residential', 36, 3, 2, 2, '2827', 'Monthly', 0);
INSERT INTO unit (unit_name, unit_type, property_name, floor_number, bedrooms, bathrooms, trent, trent_period, vacant_status) VALUES ('Unit 5', 'Residential', 36, 2, 4, 3, '1800', 'Monthly', 1);
INSERT INTO unit (unit_name, unit_type, property_name, floor_number, bedrooms, bathrooms, trent, trent_period, vacant_status) VALUES ('Unit 6', 'Residential', 36, 5, 1, 3, '864', 'Monthly', 1);
INSERT INTO unit (unit_name, unit_type, property_name, floor_number, bedrooms, bathrooms, trent, trent_period, vacant_status) VALUES ('Unit 7', 'Residential', 36, 3, 2, 1, '1414', 'Monthly', 1);
INSERT INTO unit (unit_name, unit_type, property_name, floor_number, bedrooms, bathrooms, trent, trent_period, vacant_status) VALUES ('Unit 8', 'Residential', 36, 4, 4, 1, '2708', 'Monthly', 1);
INSERT INTO unit (unit_name, unit_type, property_name, floor_number, bedrooms, bathrooms, trent, trent_period, vacant_status) VALUES ('Unit 9', 'Residential', 36, 5, 4, 2, '2685', 'Monthly', 1);
INSERT INTO unit (unit_name, unit_type, property_name, floor_number, bedrooms, bathrooms, trent, trent_period, vacant_status) VALUES ('Unit 10', 'Residential', 36, 4, 4, 2, '2893', 'Monthly', 1);
INSERT INTO unit (unit_name, unit_type, property_name, floor_number, bedrooms, bathrooms, trent, trent_period, vacant_status) VALUES ('Unit 1', 'Residential', 37, 1, 3, 1, '1571', 'Monthly', 1);
INSERT INTO unit (unit_name, unit_type, property_name, floor_number, bedrooms, bathrooms, trent, trent_period, vacant_status) VALUES ('Unit 2', 'Residential', 37, 1, 4, 2, '3221', 'Monthly', 1);
INSERT INTO unit (unit_name, unit_type, property_name, floor_number, bedrooms, bathrooms, trent, trent_period, vacant_status) VALUES ('Unit 3', 'Residential', 37, 4, 1, 3, '2039', 'Monthly', 1);
INSERT INTO unit (unit_name, unit_type, property_name, floor_number, bedrooms, bathrooms, trent, trent_period, vacant_status) VALUES ('Unit 4', 'Residential', 37, 5, 2, 3, '1325', 'Monthly', 0);
INSERT INTO unit (unit_name, unit_type, property_name, floor_number, bedrooms, bathrooms, trent, trent_period, vacant_status) VALUES ('Unit 5', 'Residential', 37, 5, 1, 1, '3183', 'Monthly', 0);
INSERT INTO unit (unit_name, unit_type, property_name, floor_number, bedrooms, bathrooms, trent, trent_period, vacant_status) VALUES ('Unit 6', 'Residential', 37, 5, 3, 1, '1092', 'Monthly', 0);
INSERT INTO unit (unit_name, unit_type, property_name, floor_number, bedrooms, bathrooms, trent, trent_period, vacant_status) VALUES ('Unit 1', 'Residential', 38, 2, 2, 1, '2032', 'Monthly', 1);
INSERT INTO unit (unit_name, unit_type, property_name, floor_number, bedrooms, bathrooms, trent, trent_period, vacant_status) VALUES ('Unit 2', 'Residential', 38, 3, 1, 2, '2240', 'Monthly', 0);
INSERT INTO unit (unit_name, unit_type, property_name, floor_number, bedrooms, bathrooms, trent, trent_period, vacant_status) VALUES ('Unit 3', 'Residential', 38, 2, 3, 1, '1304', 'Monthly', 1);
INSERT INTO unit (unit_name, unit_type, property_name, floor_number, bedrooms, bathrooms, trent, trent_period, vacant_status) VALUES ('Unit 4', 'Residential', 38, 3, 3, 3, '2909', 'Monthly', 1);
INSERT INTO unit (unit_name, unit_type, property_name, floor_number, bedrooms, bathrooms, trent, trent_period, vacant_status) VALUES ('Unit 5', 'Residential', 38, 4, 1, 2, '2590', 'Monthly', 0);
INSERT INTO unit (unit_name, unit_type, property_name, floor_number, bedrooms, bathrooms, trent, trent_period, vacant_status) VALUES ('Unit 6', 'Residential', 38, 2, 1, 1, '2292', 'Monthly', 0);
INSERT INTO unit (unit_name, unit_type, property_name, floor_number, bedrooms, bathrooms, trent, trent_period, vacant_status) VALUES ('Unit 7', 'Residential', 38, 5, 2, 2, '1083', 'Monthly', 0);
INSERT INTO unit (unit_name, unit_type, property_name, floor_number, bedrooms, bathrooms, trent, trent_period, vacant_status) VALUES ('Unit 8', 'Residential', 38, 1, 2, 1, '2848', 'Monthly', 0);
INSERT INTO unit (unit_name, unit_type, property_name, floor_number, bedrooms, bathrooms, trent, trent_period, vacant_status) VALUES ('Unit 9', 'Residential', 38, 2, 2, 2, '814', 'Monthly', 0);
INSERT INTO unit (unit_name, unit_type, property_name, floor_number, bedrooms, bathrooms, trent, trent_period, vacant_status) VALUES ('Unit 1', 'Residential', 39, 1, 4, 3, '2692', 'Monthly', 0);
INSERT INTO unit (unit_name, unit_type, property_name, floor_number, bedrooms, bathrooms, trent, trent_period, vacant_status) VALUES ('Unit 2', 'Residential', 39, 1, 2, 1, '2657', 'Monthly', 0);
INSERT INTO unit (unit_name, unit_type, property_name, floor_number, bedrooms, bathrooms, trent, trent_period, vacant_status) VALUES ('Unit 3', 'Residential', 39, 5, 2, 1, '1925', 'Monthly', 0);
INSERT INTO unit (unit_name, unit_type, property_name, floor_number, bedrooms, bathrooms, trent, trent_period, vacant_status) VALUES ('Unit 4', 'Residential', 39, 4, 3, 1, '952', 'Monthly', 1);
INSERT INTO unit (unit_name, unit_type, property_name, floor_number, bedrooms, bathrooms, trent, trent_period, vacant_status) VALUES ('Unit 5', 'Residential', 39, 2, 3, 3, '2979', 'Monthly', 0);
INSERT INTO unit (unit_name, unit_type, property_name, floor_number, bedrooms, bathrooms, trent, trent_period, vacant_status) VALUES ('Unit 6', 'Residential', 39, 3, 1, 1, '1078', 'Monthly', 0);
INSERT INTO unit (unit_name, unit_type, property_name, floor_number, bedrooms, bathrooms, trent, trent_period, vacant_status) VALUES ('Unit 7', 'Residential', 39, 1, 1, 3, '2652', 'Monthly', 1);
INSERT INTO unit (unit_name, unit_type, property_name, floor_number, bedrooms, bathrooms, trent, trent_period, vacant_status) VALUES ('Unit 8', 'Residential', 39, 4, 1, 2, '3197', 'Monthly', 0);
INSERT INTO unit (unit_name, unit_type, property_name, floor_number, bedrooms, bathrooms, trent, trent_period, vacant_status) VALUES ('Unit 9', 'Residential', 39, 4, 2, 3, '1663', 'Monthly', 1);
INSERT INTO unit (unit_name, unit_type, property_name, floor_number, bedrooms, bathrooms, trent, trent_period, vacant_status) VALUES ('Unit 10', 'Residential', 39, 2, 1, 1, '2819', 'Monthly', 1);
INSERT INTO unit (unit_name, unit_type, property_name, floor_number, bedrooms, bathrooms, trent, trent_period, vacant_status) VALUES ('Unit 1', 'Residential', 40, 4, 1, 3, '827', 'Monthly', 1);
INSERT INTO unit (unit_name, unit_type, property_name, floor_number, bedrooms, bathrooms, trent, trent_period, vacant_status) VALUES ('Unit 2', 'Residential', 40, 4, 4, 1, '3284', 'Monthly', 0);
INSERT INTO unit (unit_name, unit_type, property_name, floor_number, bedrooms, bathrooms, trent, trent_period, vacant_status) VALUES ('Unit 3', 'Residential', 40, 4, 3, 1, '3225', 'Monthly', 1);
INSERT INTO unit (unit_name, unit_type, property_name, floor_number, bedrooms, bathrooms, trent, trent_period, vacant_status) VALUES ('Unit 4', 'Residential', 40, 1, 3, 3, '1441', 'Monthly', 1);
INSERT INTO unit (unit_name, unit_type, property_name, floor_number, bedrooms, bathrooms, trent, trent_period, vacant_status) VALUES ('Unit 5', 'Residential', 40, 3, 3, 1, '1517', 'Monthly', 0);
INSERT INTO unit (unit_name, unit_type, property_name, floor_number, bedrooms, bathrooms, trent, trent_period, vacant_status) VALUES ('Unit 1', 'Residential', 41, 1, 1, 3, '1430', 'Monthly', 0);
INSERT INTO unit (unit_name, unit_type, property_name, floor_number, bedrooms, bathrooms, trent, trent_period, vacant_status) VALUES ('Unit 2', 'Residential', 41, 1, 1, 1, '2703', 'Monthly', 1);
INSERT INTO unit (unit_name, unit_type, property_name, floor_number, bedrooms, bathrooms, trent, trent_period, vacant_status) VALUES ('Unit 3', 'Residential', 41, 5, 1, 3, '2171', 'Monthly', 0);
INSERT INTO unit (unit_name, unit_type, property_name, floor_number, bedrooms, bathrooms, trent, trent_period, vacant_status) VALUES ('Unit 4', 'Residential', 41, 4, 4, 3, '1016', 'Monthly', 1);
INSERT INTO unit (unit_name, unit_type, property_name, floor_number, bedrooms, bathrooms, trent, trent_period, vacant_status) VALUES ('Unit 5', 'Residential', 41, 2, 2, 1, '1739', 'Monthly', 0);
INSERT INTO unit (unit_name, unit_type, property_name, floor_number, bedrooms, bathrooms, trent, trent_period, vacant_status) VALUES ('Unit 6', 'Residential', 41, 4, 4, 2, '2608', 'Monthly', 1);
INSERT INTO unit (unit_name, unit_type, property_name, floor_number, bedrooms, bathrooms, trent, trent_period, vacant_status) VALUES ('Unit 7', 'Residential', 41, 4, 2, 3, '1205', 'Monthly', 1);
INSERT INTO unit (unit_name, unit_type, property_name, floor_number, bedrooms, bathrooms, trent, trent_period, vacant_status) VALUES ('Unit 8', 'Residential', 41, 5, 3, 1, '2000', 'Monthly', 0);
INSERT INTO unit (unit_name, unit_type, property_name, floor_number, bedrooms, bathrooms, trent, trent_period, vacant_status) VALUES ('Unit 9', 'Residential', 41, 2, 2, 2, '1041', 'Monthly', 0);
INSERT INTO unit (unit_name, unit_type, property_name, floor_number, bedrooms, bathrooms, trent, trent_period, vacant_status) VALUES ('Unit 1', 'Residential', 42, 4, 2, 3, '2013', 'Monthly', 1);
INSERT INTO unit (unit_name, unit_type, property_name, floor_number, bedrooms, bathrooms, trent, trent_period, vacant_status) VALUES ('Unit 2', 'Residential', 42, 3, 1, 3, '1313', 'Monthly', 1);
INSERT INTO unit (unit_name, unit_type, property_name, floor_number, bedrooms, bathrooms, trent, trent_period, vacant_status) VALUES ('Unit 3', 'Residential', 42, 5, 2, 1, '2379', 'Monthly', 1);
INSERT INTO unit (unit_name, unit_type, property_name, floor_number, bedrooms, bathrooms, trent, trent_period, vacant_status) VALUES ('Unit 4', 'Residential', 42, 4, 4, 1, '2172', 'Monthly', 0);
INSERT INTO unit (unit_name, unit_type, property_name, floor_number, bedrooms, bathrooms, trent, trent_period, vacant_status) VALUES ('Unit 5', 'Residential', 42, 1, 4, 3, '1360', 'Monthly', 1);
INSERT INTO unit (unit_name, unit_type, property_name, floor_number, bedrooms, bathrooms, trent, trent_period, vacant_status) VALUES ('Unit 6', 'Residential', 42, 4, 4, 1, '2307', 'Monthly', 0);
INSERT INTO unit (unit_name, unit_type, property_name, floor_number, bedrooms, bathrooms, trent, trent_period, vacant_status) VALUES ('Unit 7', 'Residential', 42, 2, 3, 3, '3434', 'Monthly', 1);
INSERT INTO unit (unit_name, unit_type, property_name, floor_number, bedrooms, bathrooms, trent, trent_period, vacant_status) VALUES ('Unit 1', 'Residential', 43, 2, 4, 1, '2324', 'Monthly', 0);
INSERT INTO unit (unit_name, unit_type, property_name, floor_number, bedrooms, bathrooms, trent, trent_period, vacant_status) VALUES ('Unit 2', 'Residential', 43, 5, 3, 1, '2433', 'Monthly', 0);
INSERT INTO unit (unit_name, unit_type, property_name, floor_number, bedrooms, bathrooms, trent, trent_period, vacant_status) VALUES ('Unit 3', 'Residential', 43, 4, 3, 3, '3448', 'Monthly', 1);
INSERT INTO unit (unit_name, unit_type, property_name, floor_number, bedrooms, bathrooms, trent, trent_period, vacant_status) VALUES ('Unit 4', 'Residential', 43, 2, 3, 2, '2568', 'Monthly', 0);
INSERT INTO unit (unit_name, unit_type, property_name, floor_number, bedrooms, bathrooms, trent, trent_period, vacant_status) VALUES ('Unit 5', 'Residential', 43, 4, 3, 2, '1235', 'Monthly', 1);
INSERT INTO unit (unit_name, unit_type, property_name, floor_number, bedrooms, bathrooms, trent, trent_period, vacant_status) VALUES ('Unit 6', 'Residential', 43, 2, 4, 2, '1133', 'Monthly', 1);
INSERT INTO unit (unit_name, unit_type, property_name, floor_number, bedrooms, bathrooms, trent, trent_period, vacant_status) VALUES ('Unit 7', 'Residential', 43, 2, 1, 3, '1946', 'Monthly', 1);
INSERT INTO unit (unit_name, unit_type, property_name, floor_number, bedrooms, bathrooms, trent, trent_period, vacant_status) VALUES ('Unit 8', 'Residential', 43, 1, 1, 2, '1823', 'Monthly', 1);
INSERT INTO unit (unit_name, unit_type, property_name, floor_number, bedrooms, bathrooms, trent, trent_period, vacant_status) VALUES ('Unit 1', 'Residential', 44, 2, 2, 3, '1820', 'Monthly', 1);
INSERT INTO unit (unit_name, unit_type, property_name, floor_number, bedrooms, bathrooms, trent, trent_period, vacant_status) VALUES ('Unit 2', 'Residential', 44, 3, 1, 2, '2897', 'Monthly', 1);
INSERT INTO unit (unit_name, unit_type, property_name, floor_number, bedrooms, bathrooms, trent, trent_period, vacant_status) VALUES ('Unit 3', 'Residential', 44, 2, 3, 3, '2803', 'Monthly', 1);
INSERT INTO unit (unit_name, unit_type, property_name, floor_number, bedrooms, bathrooms, trent, trent_period, vacant_status) VALUES ('Unit 4', 'Residential', 44, 1, 3, 3, '1049', 'Monthly', 0);
INSERT INTO unit (unit_name, unit_type, property_name, floor_number, bedrooms, bathrooms, trent, trent_period, vacant_status) VALUES ('Unit 5', 'Residential', 44, 4, 3, 2, '1607', 'Monthly', 1);
INSERT INTO unit (unit_name, unit_type, property_name, floor_number, bedrooms, bathrooms, trent, trent_period, vacant_status) VALUES ('Unit 6', 'Residential', 44, 5, 3, 3, '2461', 'Monthly', 1);
INSERT INTO unit (unit_name, unit_type, property_name, floor_number, bedrooms, bathrooms, trent, trent_period, vacant_status) VALUES ('Unit 7', 'Residential', 44, 2, 1, 2, '3189', 'Monthly', 0);
INSERT INTO unit (unit_name, unit_type, property_name, floor_number, bedrooms, bathrooms, trent, trent_period, vacant_status) VALUES ('Unit 8', 'Residential', 44, 5, 1, 1, '2455', 'Monthly', 0);
INSERT INTO unit (unit_name, unit_type, property_name, floor_number, bedrooms, bathrooms, trent, trent_period, vacant_status) VALUES ('Unit 1', 'Residential', 45, 2, 4, 2, '2407', 'Monthly', 0);
INSERT INTO unit (unit_name, unit_type, property_name, floor_number, bedrooms, bathrooms, trent, trent_period, vacant_status) VALUES ('Unit 2', 'Residential', 45, 3, 1, 2, '3297', 'Monthly', 0);
INSERT INTO unit (unit_name, unit_type, property_name, floor_number, bedrooms, bathrooms, trent, trent_period, vacant_status) VALUES ('Unit 3', 'Residential', 45, 5, 3, 2, '2808', 'Monthly', 1);
INSERT INTO unit (unit_name, unit_type, property_name, floor_number, bedrooms, bathrooms, trent, trent_period, vacant_status) VALUES ('Unit 4', 'Residential', 45, 3, 4, 2, '2882', 'Monthly', 1);
INSERT INTO unit (unit_name, unit_type, property_name, floor_number, bedrooms, bathrooms, trent, trent_period, vacant_status) VALUES ('Unit 5', 'Residential', 45, 2, 1, 3, '1189', 'Monthly', 0);
INSERT INTO unit (unit_name, unit_type, property_name, floor_number, bedrooms, bathrooms, trent, trent_period, vacant_status) VALUES ('Unit 6', 'Residential', 45, 5, 1, 2, '1488', 'Monthly', 1);
INSERT INTO unit (unit_name, unit_type, property_name, floor_number, bedrooms, bathrooms, trent, trent_period, vacant_status) VALUES ('Unit 7', 'Residential', 45, 3, 4, 3, '2528', 'Monthly', 1);
INSERT INTO unit (unit_name, unit_type, property_name, floor_number, bedrooms, bathrooms, trent, trent_period, vacant_status) VALUES ('Unit 1', 'Residential', 46, 4, 4, 2, '2533', 'Monthly', 1);
INSERT INTO unit (unit_name, unit_type, property_name, floor_number, bedrooms, bathrooms, trent, trent_period, vacant_status) VALUES ('Unit 2', 'Residential', 46, 4, 1, 2, '1239', 'Monthly', 1);
INSERT INTO unit (unit_name, unit_type, property_name, floor_number, bedrooms, bathrooms, trent, trent_period, vacant_status) VALUES ('Unit 3', 'Residential', 46, 3, 4, 2, '2402', 'Monthly', 1);
INSERT INTO unit (unit_name, unit_type, property_name, floor_number, bedrooms, bathrooms, trent, trent_period, vacant_status) VALUES ('Unit 4', 'Residential', 46, 3, 1, 1, '2158', 'Monthly', 1);
INSERT INTO unit (unit_name, unit_type, property_name, floor_number, bedrooms, bathrooms, trent, trent_period, vacant_status) VALUES ('Unit 5', 'Residential', 46, 2, 3, 1, '3104', 'Monthly', 0);
INSERT INTO unit (unit_name, unit_type, property_name, floor_number, bedrooms, bathrooms, trent, trent_period, vacant_status) VALUES ('Unit 6', 'Residential', 46, 3, 2, 1, '1477', 'Monthly', 1);
INSERT INTO unit (unit_name, unit_type, property_name, floor_number, bedrooms, bathrooms, trent, trent_period, vacant_status) VALUES ('Unit 7', 'Residential', 46, 1, 2, 1, '1683', 'Monthly', 0);
INSERT INTO unit (unit_name, unit_type, property_name, floor_number, bedrooms, bathrooms, trent, trent_period, vacant_status) VALUES ('Unit 8', 'Residential', 46, 5, 3, 2, '2252', 'Monthly', 1);
INSERT INTO unit (unit_name, unit_type, property_name, floor_number, bedrooms, bathrooms, trent, trent_period, vacant_status) VALUES ('Unit 1', 'Residential', 47, 1, 3, 1, '1696', 'Monthly', 0);
INSERT INTO unit (unit_name, unit_type, property_name, floor_number, bedrooms, bathrooms, trent, trent_period, vacant_status) VALUES ('Unit 2', 'Residential', 47, 4, 2, 3, '1167', 'Monthly', 1);
INSERT INTO unit (unit_name, unit_type, property_name, floor_number, bedrooms, bathrooms, trent, trent_period, vacant_status) VALUES ('Unit 3', 'Residential', 47, 5, 4, 3, '3105', 'Monthly', 1);
INSERT INTO unit (unit_name, unit_type, property_name, floor_number, bedrooms, bathrooms, trent, trent_period, vacant_status) VALUES ('Unit 4', 'Residential', 47, 1, 1, 2, '835', 'Monthly', 0);
INSERT INTO unit (unit_name, unit_type, property_name, floor_number, bedrooms, bathrooms, trent, trent_period, vacant_status) VALUES ('Unit 5', 'Residential', 47, 4, 2, 2, '2311', 'Monthly', 1);
INSERT INTO unit (unit_name, unit_type, property_name, floor_number, bedrooms, bathrooms, trent, trent_period, vacant_status) VALUES ('Unit 6', 'Residential', 47, 2, 3, 3, '2136', 'Monthly', 0);
INSERT INTO unit (unit_name, unit_type, property_name, floor_number, bedrooms, bathrooms, trent, trent_period, vacant_status) VALUES ('Unit 7', 'Residential', 47, 5, 4, 1, '3267', 'Monthly', 1);
INSERT INTO unit (unit_name, unit_type, property_name, floor_number, bedrooms, bathrooms, trent, trent_period, vacant_status) VALUES ('Unit 8', 'Residential', 47, 3, 4, 3, '2704', 'Monthly', 1);
INSERT INTO unit (unit_name, unit_type, property_name, floor_number, bedrooms, bathrooms, trent, trent_period, vacant_status) VALUES ('Unit 9', 'Residential', 47, 2, 2, 3, '995', 'Monthly', 0);
INSERT INTO unit (unit_name, unit_type, property_name, floor_number, bedrooms, bathrooms, trent, trent_period, vacant_status) VALUES ('Unit 1', 'Residential', 48, 3, 2, 3, '1622', 'Monthly', 1);
INSERT INTO unit (unit_name, unit_type, property_name, floor_number, bedrooms, bathrooms, trent, trent_period, vacant_status) VALUES ('Unit 2', 'Residential', 48, 2, 3, 3, '1511', 'Monthly', 1);
INSERT INTO unit (unit_name, unit_type, property_name, floor_number, bedrooms, bathrooms, trent, trent_period, vacant_status) VALUES ('Unit 3', 'Residential', 48, 4, 1, 3, '1413', 'Monthly', 0);
INSERT INTO unit (unit_name, unit_type, property_name, floor_number, bedrooms, bathrooms, trent, trent_period, vacant_status) VALUES ('Unit 4', 'Residential', 48, 1, 2, 1, '1271', 'Monthly', 0);
INSERT INTO unit (unit_name, unit_type, property_name, floor_number, bedrooms, bathrooms, trent, trent_period, vacant_status) VALUES ('Unit 1', 'Residential', 49, 4, 4, 2, '1569', 'Monthly', 0);
INSERT INTO unit (unit_name, unit_type, property_name, floor_number, bedrooms, bathrooms, trent, trent_period, vacant_status) VALUES ('Unit 2', 'Residential', 49, 3, 3, 2, '1670', 'Monthly', 0);
INSERT INTO unit (unit_name, unit_type, property_name, floor_number, bedrooms, bathrooms, trent, trent_period, vacant_status) VALUES ('Unit 3', 'Residential', 49, 3, 4, 2, '2767', 'Monthly', 0);
INSERT INTO unit (unit_name, unit_type, property_name, floor_number, bedrooms, bathrooms, trent, trent_period, vacant_status) VALUES ('Unit 4', 'Residential', 49, 2, 2, 2, '2843', 'Monthly', 0);
INSERT INTO unit (unit_name, unit_type, property_name, floor_number, bedrooms, bathrooms, trent, trent_period, vacant_status) VALUES ('Unit 5', 'Residential', 49, 3, 2, 2, '3154', 'Monthly', 0);
INSERT INTO unit (unit_name, unit_type, property_name, floor_number, bedrooms, bathrooms, trent, trent_period, vacant_status) VALUES ('Unit 6', 'Residential', 49, 1, 4, 1, '3478', 'Monthly', 1);
INSERT INTO unit (unit_name, unit_type, property_name, floor_number, bedrooms, bathrooms, trent, trent_period, vacant_status) VALUES ('Unit 7', 'Residential', 49, 5, 3, 1, '825', 'Monthly', 0);
INSERT INTO unit (unit_name, unit_type, property_name, floor_number, bedrooms, bathrooms, trent, trent_period, vacant_status) VALUES ('Unit 8', 'Residential', 49, 1, 1, 2, '1886', 'Monthly', 1);
INSERT INTO unit (unit_name, unit_type, property_name, floor_number, bedrooms, bathrooms, trent, trent_period, vacant_status) VALUES ('Unit 1', 'Residential', 50, 2, 2, 2, '2751', 'Monthly', 0);
INSERT INTO unit (unit_name, unit_type, property_name, floor_number, bedrooms, bathrooms, trent, trent_period, vacant_status) VALUES ('Unit 2', 'Residential', 50, 4, 3, 3, '3363', 'Monthly', 0);
INSERT INTO unit (unit_name, unit_type, property_name, floor_number, bedrooms, bathrooms, trent, trent_period, vacant_status) VALUES ('Unit 3', 'Residential', 50, 1, 2, 3, '2033', 'Monthly', 0);
INSERT INTO unit (unit_name, unit_type, property_name, floor_number, bedrooms, bathrooms, trent, trent_period, vacant_status) VALUES ('Unit 4', 'Residential', 50, 3, 4, 2, '1660', 'Monthly', 1);
INSERT INTO unit (unit_name, unit_type, property_name, floor_number, bedrooms, bathrooms, trent, trent_period, vacant_status) VALUES ('Unit 5', 'Residential', 50, 1, 3, 2, '2267', 'Monthly', 1);
INSERT INTO unit (unit_name, unit_type, property_name, floor_number, bedrooms, bathrooms, trent, trent_period, vacant_status) VALUES ('Unit 6', 'Residential', 50, 5, 4, 2, '3240', 'Monthly', 0);
INSERT INTO unit (unit_name, unit_type, property_name, floor_number, bedrooms, bathrooms, trent, trent_period, vacant_status) VALUES ('Unit 7', 'Residential', 50, 4, 2, 3, '2937', 'Monthly', 0);
INSERT INTO unit (unit_name, unit_type, property_name, floor_number, bedrooms, bathrooms, trent, trent_period, vacant_status) VALUES ('Unit 8', 'Residential', 50, 3, 2, 1, '2147', 'Monthly', 1);
INSERT INTO p_appinfo (property_name, movein_date, no_of_bedroom, full_name, phone_number, email, rent_status, application_date) VALUES (21, '2026-06-01', 1, 'Patricia Garcia', '555-850-2701', 'applicant1@example.com', 0, '2026-05-01');
INSERT INTO p_appinfo (property_name, movein_date, no_of_bedroom, full_name, phone_number, email, rent_status, application_date) VALUES (22, '2026-06-01', 2, 'Sarah Anderson', '555-528-3407', 'applicant2@example.com', 1, '2026-05-01');
INSERT INTO p_appinfo (property_name, movein_date, no_of_bedroom, full_name, phone_number, email, rent_status, application_date) VALUES (4, '2026-06-01', 3, 'Richard Williams', '555-826-1780', 'applicant3@example.com', 1, '2026-05-01');
INSERT INTO p_appinfo (property_name, movein_date, no_of_bedroom, full_name, phone_number, email, rent_status, application_date) VALUES (6, '2026-06-01', 3, 'David Martinez', '555-179-3430', 'applicant4@example.com', 0, '2026-05-01');
INSERT INTO p_appinfo (property_name, movein_date, no_of_bedroom, full_name, phone_number, email, rent_status, application_date) VALUES (37, '2026-06-01', 2, 'Jessica Martin', '555-297-7856', 'applicant5@example.com', 2, '2026-05-01');
INSERT INTO p_appinfo (property_name, movein_date, no_of_bedroom, full_name, phone_number, email, rent_status, application_date) VALUES (47, '2026-06-01', 2, 'Susan Taylor', '555-898-2452', 'applicant6@example.com', 0, '2026-05-01');
INSERT INTO p_appinfo (property_name, movein_date, no_of_bedroom, full_name, phone_number, email, rent_status, application_date) VALUES (44, '2026-06-01', 1, 'Mary Miller', '555-487-2741', 'applicant7@example.com', 1, '2026-05-01');
INSERT INTO p_appinfo (property_name, movein_date, no_of_bedroom, full_name, phone_number, email, rent_status, application_date) VALUES (33, '2026-06-01', 2, 'Elizabeth Wilson', '555-445-6884', 'applicant8@example.com', 2, '2026-05-01');
INSERT INTO p_appinfo (property_name, movein_date, no_of_bedroom, full_name, phone_number, email, rent_status, application_date) VALUES (18, '2026-06-01', 2, 'Jennifer Martinez', '555-238-7168', 'applicant9@example.com', 0, '2026-05-01');
INSERT INTO p_appinfo (property_name, movein_date, no_of_bedroom, full_name, phone_number, email, rent_status, application_date) VALUES (4, '2026-06-01', 1, 'Charles Taylor', '555-802-3611', 'applicant10@example.com', 1, '2026-05-01');
INSERT INTO p_appinfo (property_name, movein_date, no_of_bedroom, full_name, phone_number, email, rent_status, application_date) VALUES (17, '2026-06-01', 3, 'Jessica Jackson', '555-379-6377', 'applicant11@example.com', 0, '2026-05-01');
INSERT INTO p_appinfo (property_name, movein_date, no_of_bedroom, full_name, phone_number, email, rent_status, application_date) VALUES (8, '2026-06-01', 3, 'Joseph Brown', '555-313-4172', 'applicant12@example.com', 1, '2026-05-01');
INSERT INTO p_appinfo (property_name, movein_date, no_of_bedroom, full_name, phone_number, email, rent_status, application_date) VALUES (10, '2026-06-01', 3, 'Jennifer Thomas', '555-236-9310', 'applicant13@example.com', 2, '2026-05-01');
INSERT INTO p_appinfo (property_name, movein_date, no_of_bedroom, full_name, phone_number, email, rent_status, application_date) VALUES (40, '2026-06-01', 2, 'James Moore', '555-670-3155', 'applicant14@example.com', 1, '2026-05-01');
INSERT INTO p_appinfo (property_name, movein_date, no_of_bedroom, full_name, phone_number, email, rent_status, application_date) VALUES (49, '2026-06-01', 3, 'Jessica Davis', '555-309-5970', 'applicant15@example.com', 2, '2026-05-01');
INSERT INTO p_appinfo (property_name, movein_date, no_of_bedroom, full_name, phone_number, email, rent_status, application_date) VALUES (20, '2026-06-01', 1, 'Charles Taylor', '555-758-4709', 'applicant16@example.com', 1, '2026-05-01');
INSERT INTO p_appinfo (property_name, movein_date, no_of_bedroom, full_name, phone_number, email, rent_status, application_date) VALUES (27, '2026-06-01', 2, 'Charles Martinez', '555-698-1404', 'applicant17@example.com', 0, '2026-05-01');
INSERT INTO p_appinfo (property_name, movein_date, no_of_bedroom, full_name, phone_number, email, rent_status, application_date) VALUES (40, '2026-06-01', 1, 'Thomas Moore', '555-839-4414', 'applicant18@example.com', 1, '2026-05-01');
INSERT INTO p_appinfo (property_name, movein_date, no_of_bedroom, full_name, phone_number, email, rent_status, application_date) VALUES (44, '2026-06-01', 3, 'Linda Miller', '555-382-3926', 'applicant19@example.com', 2, '2026-05-01');
INSERT INTO p_appinfo (property_name, movein_date, no_of_bedroom, full_name, phone_number, email, rent_status, application_date) VALUES (20, '2026-06-01', 3, 'David Taylor', '555-423-4911', 'applicant20@example.com', 0, '2026-05-01');
INSERT INTO p_appinfo (property_name, movein_date, no_of_bedroom, full_name, phone_number, email, rent_status, application_date) VALUES (36, '2026-06-01', 1, 'Charles Jones', '555-775-4983', 'applicant21@example.com', 0, '2026-05-01');
INSERT INTO p_appinfo (property_name, movein_date, no_of_bedroom, full_name, phone_number, email, rent_status, application_date) VALUES (44, '2026-06-01', 1, 'Mary Martinez', '555-599-2510', 'applicant22@example.com', 1, '2026-05-01');
INSERT INTO p_appinfo (property_name, movein_date, no_of_bedroom, full_name, phone_number, email, rent_status, application_date) VALUES (28, '2026-06-01', 2, 'Charles Smith', '555-848-1936', 'applicant23@example.com', 2, '2026-05-01');
INSERT INTO p_appinfo (property_name, movein_date, no_of_bedroom, full_name, phone_number, email, rent_status, application_date) VALUES (42, '2026-06-01', 2, 'Linda Martin', '555-669-8752', 'applicant24@example.com', 0, '2026-05-01');
INSERT INTO p_appinfo (property_name, movein_date, no_of_bedroom, full_name, phone_number, email, rent_status, application_date) VALUES (9, '2026-06-01', 2, 'Joseph Rodriguez', '555-249-1974', 'applicant25@example.com', 0, '2026-05-01');
INSERT INTO p_appinfo (property_name, movein_date, no_of_bedroom, full_name, phone_number, email, rent_status, application_date) VALUES (41, '2026-06-01', 3, 'William Taylor', '555-812-9171', 'applicant26@example.com', 1, '2026-05-01');
INSERT INTO p_appinfo (property_name, movein_date, no_of_bedroom, full_name, phone_number, email, rent_status, application_date) VALUES (39, '2026-06-01', 2, 'John Moore', '555-715-1448', 'applicant27@example.com', 0, '2026-05-01');
INSERT INTO p_appinfo (property_name, movein_date, no_of_bedroom, full_name, phone_number, email, rent_status, application_date) VALUES (37, '2026-06-01', 3, 'Susan Lopez', '555-108-9909', 'applicant28@example.com', 1, '2026-05-01');
INSERT INTO p_appinfo (property_name, movein_date, no_of_bedroom, full_name, phone_number, email, rent_status, application_date) VALUES (24, '2026-06-01', 2, 'Patricia Martinez', '555-106-2852', 'applicant29@example.com', 1, '2026-05-01');
INSERT INTO p_appinfo (property_name, movein_date, no_of_bedroom, full_name, phone_number, email, rent_status, application_date) VALUES (38, '2026-06-01', 1, 'Karen Anderson', '555-670-6438', 'applicant30@example.com', 0, '2026-05-01');
INSERT INTO p_appinfo (property_name, movein_date, no_of_bedroom, full_name, phone_number, email, rent_status, application_date) VALUES (15, '2026-06-01', 2, 'Patricia Wilson', '555-792-3691', 'applicant31@example.com', 0, '2026-05-01');
INSERT INTO p_appinfo (property_name, movein_date, no_of_bedroom, full_name, phone_number, email, rent_status, application_date) VALUES (8, '2026-06-01', 1, 'David Thomas', '555-585-2880', 'applicant32@example.com', 1, '2026-05-01');
INSERT INTO p_appinfo (property_name, movein_date, no_of_bedroom, full_name, phone_number, email, rent_status, application_date) VALUES (8, '2026-06-01', 1, 'Michael Moore', '555-976-7464', 'applicant33@example.com', 2, '2026-05-01');
INSERT INTO p_appinfo (property_name, movein_date, no_of_bedroom, full_name, phone_number, email, rent_status, application_date) VALUES (15, '2026-06-01', 1, 'Patricia Rodriguez', '555-385-7300', 'applicant34@example.com', 1, '2026-05-01');
INSERT INTO p_appinfo (property_name, movein_date, no_of_bedroom, full_name, phone_number, email, rent_status, application_date) VALUES (17, '2026-06-01', 2, 'Robert Brown', '555-452-2583', 'applicant35@example.com', 1, '2026-05-01');
INSERT INTO p_appinfo (property_name, movein_date, no_of_bedroom, full_name, phone_number, email, rent_status, application_date) VALUES (50, '2026-06-01', 1, 'Thomas Moore', '555-312-1781', 'applicant36@example.com', 1, '2026-05-01');
INSERT INTO p_appinfo (property_name, movein_date, no_of_bedroom, full_name, phone_number, email, rent_status, application_date) VALUES (6, '2026-06-01', 3, 'Michael Miller', '555-191-7973', 'applicant37@example.com', 1, '2026-05-01');
INSERT INTO p_appinfo (property_name, movein_date, no_of_bedroom, full_name, phone_number, email, rent_status, application_date) VALUES (11, '2026-06-01', 3, 'Robert Garcia', '555-424-9916', 'applicant38@example.com', 0, '2026-05-01');
INSERT INTO p_appinfo (property_name, movein_date, no_of_bedroom, full_name, phone_number, email, rent_status, application_date) VALUES (30, '2026-06-01', 3, 'Richard Garcia', '555-928-5033', 'applicant39@example.com', 1, '2026-05-01');
INSERT INTO p_appinfo (property_name, movein_date, no_of_bedroom, full_name, phone_number, email, rent_status, application_date) VALUES (43, '2026-06-01', 2, 'Richard Jones', '555-228-7501', 'applicant40@example.com', 2, '2026-05-01');
INSERT INTO p_appinfo (property_name, movein_date, no_of_bedroom, full_name, phone_number, email, rent_status, application_date) VALUES (30, '2026-06-01', 2, 'Michael Garcia', '555-150-3469', 'applicant41@example.com', 2, '2026-05-01');
INSERT INTO p_appinfo (property_name, movein_date, no_of_bedroom, full_name, phone_number, email, rent_status, application_date) VALUES (15, '2026-06-01', 3, 'David Johnson', '555-510-6419', 'applicant42@example.com', 0, '2026-05-01');
INSERT INTO p_appinfo (property_name, movein_date, no_of_bedroom, full_name, phone_number, email, rent_status, application_date) VALUES (38, '2026-06-01', 3, 'Barbara Taylor', '555-910-7914', 'applicant43@example.com', 1, '2026-05-01');
INSERT INTO p_appinfo (property_name, movein_date, no_of_bedroom, full_name, phone_number, email, rent_status, application_date) VALUES (40, '2026-06-01', 3, 'Robert Taylor', '555-142-6290', 'applicant44@example.com', 0, '2026-05-01');
INSERT INTO p_appinfo (property_name, movein_date, no_of_bedroom, full_name, phone_number, email, rent_status, application_date) VALUES (2, '2026-06-01', 1, 'Thomas Jones', '555-594-8647', 'applicant45@example.com', 0, '2026-05-01');
INSERT INTO p_appinfo (property_name, movein_date, no_of_bedroom, full_name, phone_number, email, rent_status, application_date) VALUES (14, '2026-06-01', 3, 'Elizabeth Brown', '555-990-7336', 'applicant46@example.com', 0, '2026-05-01');
INSERT INTO p_appinfo (property_name, movein_date, no_of_bedroom, full_name, phone_number, email, rent_status, application_date) VALUES (8, '2026-06-01', 3, 'Patricia Davis', '555-316-9203', 'applicant47@example.com', 1, '2026-05-01');
INSERT INTO p_appinfo (property_name, movein_date, no_of_bedroom, full_name, phone_number, email, rent_status, application_date) VALUES (5, '2026-06-01', 2, 'Jennifer Williams', '555-804-6285', 'applicant48@example.com', 1, '2026-05-01');
INSERT INTO p_appinfo (property_name, movein_date, no_of_bedroom, full_name, phone_number, email, rent_status, application_date) VALUES (41, '2026-06-01', 1, 'Patricia Jones', '555-832-5906', 'applicant49@example.com', 1, '2026-05-01');
INSERT INTO p_appinfo (property_name, movein_date, no_of_bedroom, full_name, phone_number, email, rent_status, application_date) VALUES (17, '2026-06-01', 1, 'William Garcia', '555-346-7696', 'applicant50@example.com', 2, '2026-05-01');
INSERT INTO p_appinfo (property_name, movein_date, no_of_bedroom, full_name, phone_number, email, rent_status, application_date) VALUES (49, '2026-06-01', 2, 'Jennifer Thomas', '555-238-4378', 'applicant51@example.com', 0, '2026-05-01');
INSERT INTO p_appinfo (property_name, movein_date, no_of_bedroom, full_name, phone_number, email, rent_status, application_date) VALUES (32, '2026-06-01', 3, 'Jennifer Hernandez', '555-544-2210', 'applicant52@example.com', 1, '2026-05-01');
INSERT INTO p_appinfo (property_name, movein_date, no_of_bedroom, full_name, phone_number, email, rent_status, application_date) VALUES (5, '2026-06-01', 1, 'Karen Jones', '555-146-8429', 'applicant53@example.com', 0, '2026-05-01');
INSERT INTO p_appinfo (property_name, movein_date, no_of_bedroom, full_name, phone_number, email, rent_status, application_date) VALUES (5, '2026-06-01', 1, 'Robert Lopez', '555-983-6974', 'applicant54@example.com', 0, '2026-05-01');
INSERT INTO p_appinfo (property_name, movein_date, no_of_bedroom, full_name, phone_number, email, rent_status, application_date) VALUES (6, '2026-06-01', 3, 'Richard Martinez', '555-177-9968', 'applicant55@example.com', 1, '2026-05-01');
INSERT INTO p_appinfo (property_name, movein_date, no_of_bedroom, full_name, phone_number, email, rent_status, application_date) VALUES (17, '2026-06-01', 3, 'Jennifer Gonzalez', '555-113-5859', 'applicant56@example.com', 0, '2026-05-01');
INSERT INTO p_appinfo (property_name, movein_date, no_of_bedroom, full_name, phone_number, email, rent_status, application_date) VALUES (20, '2026-06-01', 3, 'Thomas Jones', '555-493-8548', 'applicant57@example.com', 2, '2026-05-01');
INSERT INTO p_appinfo (property_name, movein_date, no_of_bedroom, full_name, phone_number, email, rent_status, application_date) VALUES (15, '2026-06-01', 3, 'Jessica Moore', '555-421-8666', 'applicant58@example.com', 2, '2026-05-01');
INSERT INTO p_appinfo (property_name, movein_date, no_of_bedroom, full_name, phone_number, email, rent_status, application_date) VALUES (4, '2026-06-01', 1, 'William Martinez', '555-549-5220', 'applicant59@example.com', 1, '2026-05-01');
INSERT INTO p_appinfo (property_name, movein_date, no_of_bedroom, full_name, phone_number, email, rent_status, application_date) VALUES (36, '2026-06-01', 1, 'William Martinez', '555-494-1159', 'applicant60@example.com', 2, '2026-05-01');
INSERT INTO p_appinfo (property_name, movein_date, no_of_bedroom, full_name, phone_number, email, rent_status, application_date) VALUES (27, '2026-06-01', 1, 'Karen Hernandez', '555-524-5103', 'applicant61@example.com', 2, '2026-05-01');
INSERT INTO p_appinfo (property_name, movein_date, no_of_bedroom, full_name, phone_number, email, rent_status, application_date) VALUES (45, '2026-06-01', 2, 'Thomas Anderson', '555-743-4220', 'applicant62@example.com', 1, '2026-05-01');
INSERT INTO p_appinfo (property_name, movein_date, no_of_bedroom, full_name, phone_number, email, rent_status, application_date) VALUES (22, '2026-06-01', 2, 'Mary Hernandez', '555-260-5475', 'applicant63@example.com', 0, '2026-05-01');
INSERT INTO p_appinfo (property_name, movein_date, no_of_bedroom, full_name, phone_number, email, rent_status, application_date) VALUES (18, '2026-06-01', 3, 'David Thomas', '555-315-9873', 'applicant64@example.com', 1, '2026-05-01');
INSERT INTO p_appinfo (property_name, movein_date, no_of_bedroom, full_name, phone_number, email, rent_status, application_date) VALUES (2, '2026-06-01', 3, 'Jessica Smith', '555-523-9614', 'applicant65@example.com', 2, '2026-05-01');
INSERT INTO p_appinfo (property_name, movein_date, no_of_bedroom, full_name, phone_number, email, rent_status, application_date) VALUES (1, '2026-06-01', 2, 'William Smith', '555-891-4905', 'applicant66@example.com', 1, '2026-05-01');
INSERT INTO p_appinfo (property_name, movein_date, no_of_bedroom, full_name, phone_number, email, rent_status, application_date) VALUES (41, '2026-06-01', 3, 'Jessica Hernandez', '555-802-6952', 'applicant67@example.com', 0, '2026-05-01');
INSERT INTO p_appinfo (property_name, movein_date, no_of_bedroom, full_name, phone_number, email, rent_status, application_date) VALUES (1, '2026-06-01', 2, 'Jennifer Moore', '555-621-4947', 'applicant68@example.com', 2, '2026-05-01');
INSERT INTO p_appinfo (property_name, movein_date, no_of_bedroom, full_name, phone_number, email, rent_status, application_date) VALUES (39, '2026-06-01', 2, 'Jessica Garcia', '555-499-1891', 'applicant69@example.com', 2, '2026-05-01');
INSERT INTO p_appinfo (property_name, movein_date, no_of_bedroom, full_name, phone_number, email, rent_status, application_date) VALUES (19, '2026-06-01', 3, 'Sarah Jones', '555-329-1086', 'applicant70@example.com', 1, '2026-05-01');
INSERT INTO p_appinfo (property_name, movein_date, no_of_bedroom, full_name, phone_number, email, rent_status, application_date) VALUES (15, '2026-06-01', 1, 'Linda Johnson', '555-274-3935', 'applicant71@example.com', 1, '2026-05-01');
INSERT INTO p_appinfo (property_name, movein_date, no_of_bedroom, full_name, phone_number, email, rent_status, application_date) VALUES (1, '2026-06-01', 1, 'Thomas Jackson', '555-836-1762', 'applicant72@example.com', 0, '2026-05-01');
INSERT INTO p_appinfo (property_name, movein_date, no_of_bedroom, full_name, phone_number, email, rent_status, application_date) VALUES (36, '2026-06-01', 2, 'James Gonzalez', '555-287-6251', 'applicant73@example.com', 1, '2026-05-01');
INSERT INTO p_appinfo (property_name, movein_date, no_of_bedroom, full_name, phone_number, email, rent_status, application_date) VALUES (37, '2026-06-01', 1, 'Susan Davis', '555-554-9653', 'applicant74@example.com', 0, '2026-05-01');
INSERT INTO p_appinfo (property_name, movein_date, no_of_bedroom, full_name, phone_number, email, rent_status, application_date) VALUES (33, '2026-06-01', 3, 'Mary Miller', '555-815-5231', 'applicant75@example.com', 0, '2026-05-01');
INSERT INTO p_appinfo (property_name, movein_date, no_of_bedroom, full_name, phone_number, email, rent_status, application_date) VALUES (36, '2026-06-01', 3, 'Barbara Wilson', '555-375-8685', 'applicant76@example.com', 2, '2026-05-01');
INSERT INTO p_appinfo (property_name, movein_date, no_of_bedroom, full_name, phone_number, email, rent_status, application_date) VALUES (1, '2026-06-01', 1, 'William Smith', '555-454-2401', 'applicant77@example.com', 2, '2026-05-01');
INSERT INTO p_appinfo (property_name, movein_date, no_of_bedroom, full_name, phone_number, email, rent_status, application_date) VALUES (47, '2026-06-01', 2, 'Thomas Lopez', '555-251-1418', 'applicant78@example.com', 0, '2026-05-01');
INSERT INTO p_appinfo (property_name, movein_date, no_of_bedroom, full_name, phone_number, email, rent_status, application_date) VALUES (3, '2026-06-01', 2, 'James Lopez', '555-724-2756', 'applicant79@example.com', 2, '2026-05-01');
INSERT INTO p_appinfo (property_name, movein_date, no_of_bedroom, full_name, phone_number, email, rent_status, application_date) VALUES (12, '2026-06-01', 1, 'Elizabeth Martinez', '555-642-7447', 'applicant80@example.com', 1, '2026-05-01');
INSERT INTO p_appinfo (property_name, movein_date, no_of_bedroom, full_name, phone_number, email, rent_status, application_date) VALUES (2, '2026-06-01', 1, 'Elizabeth Miller', '555-334-2313', 'applicant81@example.com', 1, '2026-05-01');
INSERT INTO p_appinfo (property_name, movein_date, no_of_bedroom, full_name, phone_number, email, rent_status, application_date) VALUES (34, '2026-06-01', 2, 'Karen Martin', '555-206-5879', 'applicant82@example.com', 2, '2026-05-01');
INSERT INTO p_appinfo (property_name, movein_date, no_of_bedroom, full_name, phone_number, email, rent_status, application_date) VALUES (28, '2026-06-01', 3, 'William Hernandez', '555-637-6965', 'applicant83@example.com', 2, '2026-05-01');
INSERT INTO p_appinfo (property_name, movein_date, no_of_bedroom, full_name, phone_number, email, rent_status, application_date) VALUES (9, '2026-06-01', 1, 'Thomas Miller', '555-326-9465', 'applicant84@example.com', 1, '2026-05-01');
INSERT INTO p_appinfo (property_name, movein_date, no_of_bedroom, full_name, phone_number, email, rent_status, application_date) VALUES (27, '2026-06-01', 3, 'David Martin', '555-340-3432', 'applicant85@example.com', 2, '2026-05-01');
INSERT INTO p_appinfo (property_name, movein_date, no_of_bedroom, full_name, phone_number, email, rent_status, application_date) VALUES (48, '2026-06-01', 3, 'Susan Jones', '555-676-1231', 'applicant86@example.com', 2, '2026-05-01');
INSERT INTO p_appinfo (property_name, movein_date, no_of_bedroom, full_name, phone_number, email, rent_status, application_date) VALUES (3, '2026-06-01', 2, 'Elizabeth Anderson', '555-719-2600', 'applicant87@example.com', 1, '2026-05-01');
INSERT INTO p_appinfo (property_name, movein_date, no_of_bedroom, full_name, phone_number, email, rent_status, application_date) VALUES (21, '2026-06-01', 1, 'Mary Taylor', '555-572-9941', 'applicant88@example.com', 1, '2026-05-01');
INSERT INTO p_appinfo (property_name, movein_date, no_of_bedroom, full_name, phone_number, email, rent_status, application_date) VALUES (25, '2026-06-01', 3, 'Patricia Garcia', '555-618-4641', 'applicant89@example.com', 2, '2026-05-01');
INSERT INTO p_appinfo (property_name, movein_date, no_of_bedroom, full_name, phone_number, email, rent_status, application_date) VALUES (17, '2026-06-01', 1, 'Michael Anderson', '555-155-2664', 'applicant90@example.com', 2, '2026-05-01');
INSERT INTO p_appinfo (property_name, movein_date, no_of_bedroom, full_name, phone_number, email, rent_status, application_date) VALUES (4, '2026-06-01', 3, 'Thomas Martin', '555-887-7303', 'applicant91@example.com', 0, '2026-05-01');
INSERT INTO p_appinfo (property_name, movein_date, no_of_bedroom, full_name, phone_number, email, rent_status, application_date) VALUES (17, '2026-06-01', 2, 'Mary Wilson', '555-155-5266', 'applicant92@example.com', 1, '2026-05-01');
INSERT INTO p_appinfo (property_name, movein_date, no_of_bedroom, full_name, phone_number, email, rent_status, application_date) VALUES (18, '2026-06-01', 3, 'Charles Jackson', '555-130-8314', 'applicant93@example.com', 1, '2026-05-01');
INSERT INTO p_appinfo (property_name, movein_date, no_of_bedroom, full_name, phone_number, email, rent_status, application_date) VALUES (21, '2026-06-01', 3, 'Jennifer Williams', '555-938-5911', 'applicant94@example.com', 0, '2026-05-01');
INSERT INTO p_appinfo (property_name, movein_date, no_of_bedroom, full_name, phone_number, email, rent_status, application_date) VALUES (45, '2026-06-01', 3, 'Karen Moore', '555-723-7076', 'applicant95@example.com', 1, '2026-05-01');
INSERT INTO p_appinfo (property_name, movein_date, no_of_bedroom, full_name, phone_number, email, rent_status, application_date) VALUES (28, '2026-06-01', 1, 'Jessica Wilson', '555-511-7663', 'applicant96@example.com', 1, '2026-05-01');
INSERT INTO p_appinfo (property_name, movein_date, no_of_bedroom, full_name, phone_number, email, rent_status, application_date) VALUES (37, '2026-06-01', 2, 'Linda Gonzalez', '555-549-7981', 'applicant97@example.com', 2, '2026-05-01');
INSERT INTO p_appinfo (property_name, movein_date, no_of_bedroom, full_name, phone_number, email, rent_status, application_date) VALUES (11, '2026-06-01', 2, 'Richard Miller', '555-945-1461', 'applicant98@example.com', 0, '2026-05-01');
INSERT INTO p_appinfo (property_name, movein_date, no_of_bedroom, full_name, phone_number, email, rent_status, application_date) VALUES (45, '2026-06-01', 2, 'Linda Martinez', '555-366-7687', 'applicant99@example.com', 1, '2026-05-01');
INSERT INTO p_appinfo (property_name, movein_date, no_of_bedroom, full_name, phone_number, email, rent_status, application_date) VALUES (14, '2026-06-01', 2, 'Mary Garcia', '555-267-5150', 'applicant100@example.com', 1, '2026-05-01');
INSERT INTO p_appinfo (property_name, movein_date, no_of_bedroom, full_name, phone_number, email, rent_status, application_date) VALUES (19, '2026-06-01', 2, 'Thomas Jones', '555-904-2802', 'applicant101@example.com', 1, '2026-05-01');
INSERT INTO p_appinfo (property_name, movein_date, no_of_bedroom, full_name, phone_number, email, rent_status, application_date) VALUES (31, '2026-06-01', 2, 'William Moore', '555-131-3935', 'applicant102@example.com', 0, '2026-05-01');
INSERT INTO p_appinfo (property_name, movein_date, no_of_bedroom, full_name, phone_number, email, rent_status, application_date) VALUES (35, '2026-06-01', 3, 'Barbara Jackson', '555-640-6229', 'applicant103@example.com', 0, '2026-05-01');
INSERT INTO p_appinfo (property_name, movein_date, no_of_bedroom, full_name, phone_number, email, rent_status, application_date) VALUES (6, '2026-06-01', 3, 'Richard Lopez', '555-575-9619', 'applicant104@example.com', 2, '2026-05-01');
INSERT INTO p_appinfo (property_name, movein_date, no_of_bedroom, full_name, phone_number, email, rent_status, application_date) VALUES (4, '2026-06-01', 1, 'Jennifer Moore', '555-611-2854', 'applicant105@example.com', 0, '2026-05-01');
INSERT INTO p_appinfo (property_name, movein_date, no_of_bedroom, full_name, phone_number, email, rent_status, application_date) VALUES (9, '2026-06-01', 1, 'Joseph Wilson', '555-695-9136', 'applicant106@example.com', 0, '2026-05-01');
INSERT INTO p_appinfo (property_name, movein_date, no_of_bedroom, full_name, phone_number, email, rent_status, application_date) VALUES (13, '2026-06-01', 1, 'James Brown', '555-808-1543', 'applicant107@example.com', 0, '2026-05-01');
INSERT INTO p_appinfo (property_name, movein_date, no_of_bedroom, full_name, phone_number, email, rent_status, application_date) VALUES (41, '2026-06-01', 1, 'Thomas Gonzalez', '555-105-1068', 'applicant108@example.com', 2, '2026-05-01');
INSERT INTO p_appinfo (property_name, movein_date, no_of_bedroom, full_name, phone_number, email, rent_status, application_date) VALUES (23, '2026-06-01', 3, 'Karen Smith', '555-600-6326', 'applicant109@example.com', 2, '2026-05-01');
INSERT INTO p_appinfo (property_name, movein_date, no_of_bedroom, full_name, phone_number, email, rent_status, application_date) VALUES (26, '2026-06-01', 1, 'David Martinez', '555-113-5031', 'applicant110@example.com', 2, '2026-05-01');
INSERT INTO p_appinfo (property_name, movein_date, no_of_bedroom, full_name, phone_number, email, rent_status, application_date) VALUES (3, '2026-06-01', 2, 'Barbara Wilson', '555-470-4046', 'applicant111@example.com', 1, '2026-05-01');
INSERT INTO p_appinfo (property_name, movein_date, no_of_bedroom, full_name, phone_number, email, rent_status, application_date) VALUES (41, '2026-06-01', 2, 'Susan Jones', '555-526-7577', 'applicant112@example.com', 0, '2026-05-01');
INSERT INTO p_appinfo (property_name, movein_date, no_of_bedroom, full_name, phone_number, email, rent_status, application_date) VALUES (50, '2026-06-01', 3, 'Michael Gonzalez', '555-108-4844', 'applicant113@example.com', 0, '2026-05-01');
INSERT INTO p_appinfo (property_name, movein_date, no_of_bedroom, full_name, phone_number, email, rent_status, application_date) VALUES (49, '2026-06-01', 2, 'Michael Martinez', '555-188-1601', 'applicant114@example.com', 1, '2026-05-01');
INSERT INTO p_appinfo (property_name, movein_date, no_of_bedroom, full_name, phone_number, email, rent_status, application_date) VALUES (12, '2026-06-01', 1, 'Jennifer Taylor', '555-885-3176', 'applicant115@example.com', 2, '2026-05-01');
INSERT INTO p_appinfo (property_name, movein_date, no_of_bedroom, full_name, phone_number, email, rent_status, application_date) VALUES (48, '2026-06-01', 1, 'Barbara Lopez', '555-791-9320', 'applicant116@example.com', 1, '2026-05-01');
INSERT INTO p_appinfo (property_name, movein_date, no_of_bedroom, full_name, phone_number, email, rent_status, application_date) VALUES (24, '2026-06-01', 3, 'Jessica Brown', '555-220-6078', 'applicant117@example.com', 0, '2026-05-01');
INSERT INTO p_appinfo (property_name, movein_date, no_of_bedroom, full_name, phone_number, email, rent_status, application_date) VALUES (23, '2026-06-01', 1, 'John Jones', '555-488-2698', 'applicant118@example.com', 2, '2026-05-01');
INSERT INTO p_appinfo (property_name, movein_date, no_of_bedroom, full_name, phone_number, email, rent_status, application_date) VALUES (37, '2026-06-01', 1, 'Linda Brown', '555-540-2453', 'applicant119@example.com', 0, '2026-05-01');
INSERT INTO p_appinfo (property_name, movein_date, no_of_bedroom, full_name, phone_number, email, rent_status, application_date) VALUES (33, '2026-06-01', 1, 'John Garcia', '555-948-7194', 'applicant120@example.com', 2, '2026-05-01');
INSERT INTO p_appinfo (property_name, movein_date, no_of_bedroom, full_name, phone_number, email, rent_status, application_date) VALUES (48, '2026-06-01', 3, 'William Johnson', '555-779-4316', 'applicant121@example.com', 2, '2026-05-01');
INSERT INTO p_appinfo (property_name, movein_date, no_of_bedroom, full_name, phone_number, email, rent_status, application_date) VALUES (39, '2026-06-01', 1, 'Barbara Davis', '555-371-1474', 'applicant122@example.com', 0, '2026-05-01');
INSERT INTO p_appinfo (property_name, movein_date, no_of_bedroom, full_name, phone_number, email, rent_status, application_date) VALUES (27, '2026-06-01', 3, 'Jennifer Thomas', '555-148-8434', 'applicant123@example.com', 0, '2026-05-01');
INSERT INTO p_appinfo (property_name, movein_date, no_of_bedroom, full_name, phone_number, email, rent_status, application_date) VALUES (25, '2026-06-01', 2, 'Karen Davis', '555-832-2064', 'applicant124@example.com', 2, '2026-05-01');
INSERT INTO p_appinfo (property_name, movein_date, no_of_bedroom, full_name, phone_number, email, rent_status, application_date) VALUES (19, '2026-06-01', 1, 'Charles Hernandez', '555-932-8950', 'applicant125@example.com', 1, '2026-05-01');
INSERT INTO p_appinfo (property_name, movein_date, no_of_bedroom, full_name, phone_number, email, rent_status, application_date) VALUES (38, '2026-06-01', 1, 'David Jackson', '555-909-9450', 'applicant126@example.com', 0, '2026-05-01');
INSERT INTO p_appinfo (property_name, movein_date, no_of_bedroom, full_name, phone_number, email, rent_status, application_date) VALUES (21, '2026-06-01', 3, 'Michael Brown', '555-783-1422', 'applicant127@example.com', 2, '2026-05-01');
INSERT INTO p_appinfo (property_name, movein_date, no_of_bedroom, full_name, phone_number, email, rent_status, application_date) VALUES (19, '2026-06-01', 3, 'Charles Jackson', '555-623-6378', 'applicant128@example.com', 1, '2026-05-01');
INSERT INTO p_appinfo (property_name, movein_date, no_of_bedroom, full_name, phone_number, email, rent_status, application_date) VALUES (43, '2026-06-01', 2, 'Robert Garcia', '555-760-6943', 'applicant129@example.com', 0, '2026-05-01');
INSERT INTO p_appinfo (property_name, movein_date, no_of_bedroom, full_name, phone_number, email, rent_status, application_date) VALUES (47, '2026-06-01', 3, 'Elizabeth Taylor', '555-892-4667', 'applicant130@example.com', 2, '2026-05-01');
INSERT INTO p_appinfo (property_name, movein_date, no_of_bedroom, full_name, phone_number, email, rent_status, application_date) VALUES (32, '2026-06-01', 3, 'James Moore', '555-967-6462', 'applicant131@example.com', 0, '2026-05-01');
INSERT INTO p_appinfo (property_name, movein_date, no_of_bedroom, full_name, phone_number, email, rent_status, application_date) VALUES (13, '2026-06-01', 3, 'Patricia Johnson', '555-611-9968', 'applicant132@example.com', 0, '2026-05-01');
INSERT INTO p_appinfo (property_name, movein_date, no_of_bedroom, full_name, phone_number, email, rent_status, application_date) VALUES (27, '2026-06-01', 1, 'David Johnson', '555-553-2802', 'applicant133@example.com', 0, '2026-05-01');
INSERT INTO p_appinfo (property_name, movein_date, no_of_bedroom, full_name, phone_number, email, rent_status, application_date) VALUES (40, '2026-06-01', 1, 'David Martinez', '555-972-1942', 'applicant134@example.com', 1, '2026-05-01');
INSERT INTO p_appinfo (property_name, movein_date, no_of_bedroom, full_name, phone_number, email, rent_status, application_date) VALUES (44, '2026-06-01', 2, 'Robert Jones', '555-241-9330', 'applicant135@example.com', 1, '2026-05-01');
INSERT INTO p_appinfo (property_name, movein_date, no_of_bedroom, full_name, phone_number, email, rent_status, application_date) VALUES (35, '2026-06-01', 2, 'Linda Davis', '555-802-3337', 'applicant136@example.com', 2, '2026-05-01');
INSERT INTO p_appinfo (property_name, movein_date, no_of_bedroom, full_name, phone_number, email, rent_status, application_date) VALUES (46, '2026-06-01', 1, 'Elizabeth Johnson', '555-646-4993', 'applicant137@example.com', 2, '2026-05-01');
INSERT INTO p_appinfo (property_name, movein_date, no_of_bedroom, full_name, phone_number, email, rent_status, application_date) VALUES (2, '2026-06-01', 1, 'Linda Wilson', '555-486-2176', 'applicant138@example.com', 1, '2026-05-01');
INSERT INTO p_appinfo (property_name, movein_date, no_of_bedroom, full_name, phone_number, email, rent_status, application_date) VALUES (47, '2026-06-01', 3, 'Barbara Garcia', '555-603-8350', 'applicant139@example.com', 0, '2026-05-01');
INSERT INTO p_appinfo (property_name, movein_date, no_of_bedroom, full_name, phone_number, email, rent_status, application_date) VALUES (43, '2026-06-01', 2, 'Thomas Martinez', '555-359-6995', 'applicant140@example.com', 0, '2026-05-01');
INSERT INTO p_appinfo (property_name, movein_date, no_of_bedroom, full_name, phone_number, email, rent_status, application_date) VALUES (34, '2026-06-01', 2, 'Robert Wilson', '555-697-1346', 'applicant141@example.com', 1, '2026-05-01');
INSERT INTO p_appinfo (property_name, movein_date, no_of_bedroom, full_name, phone_number, email, rent_status, application_date) VALUES (48, '2026-06-01', 2, 'Jennifer Martin', '555-491-1739', 'applicant142@example.com', 0, '2026-05-01');
INSERT INTO p_appinfo (property_name, movein_date, no_of_bedroom, full_name, phone_number, email, rent_status, application_date) VALUES (12, '2026-06-01', 1, 'John Gonzalez', '555-732-1408', 'applicant143@example.com', 0, '2026-05-01');
INSERT INTO p_appinfo (property_name, movein_date, no_of_bedroom, full_name, phone_number, email, rent_status, application_date) VALUES (31, '2026-06-01', 2, 'Linda Gonzalez', '555-943-2364', 'applicant144@example.com', 0, '2026-05-01');
INSERT INTO p_appinfo (property_name, movein_date, no_of_bedroom, full_name, phone_number, email, rent_status, application_date) VALUES (26, '2026-06-01', 3, 'Charles Brown', '555-675-3157', 'applicant145@example.com', 2, '2026-05-01');
INSERT INTO p_appinfo (property_name, movein_date, no_of_bedroom, full_name, phone_number, email, rent_status, application_date) VALUES (43, '2026-06-01', 1, 'Sarah Rodriguez', '555-585-2436', 'applicant146@example.com', 2, '2026-05-01');
INSERT INTO p_appinfo (property_name, movein_date, no_of_bedroom, full_name, phone_number, email, rent_status, application_date) VALUES (38, '2026-06-01', 2, 'Thomas Lopez', '555-606-2318', 'applicant147@example.com', 0, '2026-05-01');
INSERT INTO p_appinfo (property_name, movein_date, no_of_bedroom, full_name, phone_number, email, rent_status, application_date) VALUES (50, '2026-06-01', 2, 'Barbara Miller', '555-386-3175', 'applicant148@example.com', 2, '2026-05-01');
INSERT INTO p_appinfo (property_name, movein_date, no_of_bedroom, full_name, phone_number, email, rent_status, application_date) VALUES (24, '2026-06-01', 3, 'Sarah Jackson', '555-921-1643', 'applicant149@example.com', 0, '2026-05-01');
INSERT INTO p_appinfo (property_name, movein_date, no_of_bedroom, full_name, phone_number, email, rent_status, application_date) VALUES (45, '2026-06-01', 1, 'Jennifer Gonzalez', '555-620-9613', 'applicant150@example.com', 0, '2026-05-01');
INSERT INTO p_tenant (appinfo_id, tenant_name, tenant_contact, property_name, frequency, vacant_unit, tenantStatus) VALUES (1, 'William Anderson', '555-526-5672', 49, 'Monthly', 253, 0);
INSERT INTO p_lease (tenantId, moveinDate, moveoutDate, property_name, frequency, vacant_unit, rentAmount, leaseStatus) VALUES (1, '2025-01-01', '2026-01-01', 49, 'Monthly', 253, '2933', 0);
INSERT INTO p_tenant (appinfo_id, tenant_name, tenant_contact, property_name, frequency, vacant_unit, tenantStatus) VALUES (2, 'Barbara Lopez', '555-796-2362', 8, 'Monthly', 9, 0);
INSERT INTO p_lease (tenantId, moveinDate, moveoutDate, property_name, frequency, vacant_unit, rentAmount, leaseStatus) VALUES (2, '2025-01-01', '2026-01-01', 8, 'Monthly', 9, '1768', 0);
INSERT INTO p_tenant (appinfo_id, tenant_name, tenant_contact, property_name, frequency, vacant_unit, tenantStatus) VALUES (3, 'John Miller', '555-954-6142', 27, 'Monthly', 43, 0);
INSERT INTO p_lease (tenantId, moveinDate, moveoutDate, property_name, frequency, vacant_unit, rentAmount, leaseStatus) VALUES (3, '2025-01-01', '2026-01-01', 27, 'Monthly', 43, '1732', 0);
INSERT INTO p_tenant (appinfo_id, tenant_name, tenant_contact, property_name, frequency, vacant_unit, tenantStatus) VALUES (4, 'Jennifer Hernandez', '555-206-1353', 19, 'Monthly', 297, 0);
INSERT INTO p_lease (tenantId, moveinDate, moveoutDate, property_name, frequency, vacant_unit, rentAmount, leaseStatus) VALUES (4, '2025-01-01', '2026-01-01', 19, 'Monthly', 297, '1114', 0);
INSERT INTO p_tenant (appinfo_id, tenant_name, tenant_contact, property_name, frequency, vacant_unit, tenantStatus) VALUES (5, 'Jessica Anderson', '555-303-7085', 40, 'Monthly', 1, 0);
INSERT INTO p_lease (tenantId, moveinDate, moveoutDate, property_name, frequency, vacant_unit, rentAmount, leaseStatus) VALUES (5, '2025-01-01', '2026-01-01', 40, 'Monthly', 1, '2541', 0);
INSERT INTO p_tenant (appinfo_id, tenant_name, tenant_contact, property_name, frequency, vacant_unit, tenantStatus) VALUES (6, 'Patricia Johnson', '555-888-9499', 14, 'Monthly', 31, 0);
INSERT INTO p_lease (tenantId, moveinDate, moveoutDate, property_name, frequency, vacant_unit, rentAmount, leaseStatus) VALUES (6, '2025-01-01', '2026-01-01', 14, 'Monthly', 31, '2171', 0);
INSERT INTO p_tenant (appinfo_id, tenant_name, tenant_contact, property_name, frequency, vacant_unit, tenantStatus) VALUES (7, 'Charles Jones', '555-346-4330', 4, 'Monthly', 197, 0);
INSERT INTO p_lease (tenantId, moveinDate, moveoutDate, property_name, frequency, vacant_unit, rentAmount, leaseStatus) VALUES (7, '2025-01-01', '2026-01-01', 4, 'Monthly', 197, '890', 0);
INSERT INTO p_tenant (appinfo_id, tenant_name, tenant_contact, property_name, frequency, vacant_unit, tenantStatus) VALUES (8, 'Linda Jones', '555-134-8226', 21, 'Monthly', 301, 0);
INSERT INTO p_lease (tenantId, moveinDate, moveoutDate, property_name, frequency, vacant_unit, rentAmount, leaseStatus) VALUES (8, '2025-01-01', '2026-01-01', 21, 'Monthly', 301, '2484', 0);
INSERT INTO p_tenant (appinfo_id, tenant_name, tenant_contact, property_name, frequency, vacant_unit, tenantStatus) VALUES (9, 'Susan Garcia', '555-376-9813', 37, 'Monthly', 254, 0);
INSERT INTO p_lease (tenantId, moveinDate, moveoutDate, property_name, frequency, vacant_unit, rentAmount, leaseStatus) VALUES (9, '2025-01-01', '2026-01-01', 37, 'Monthly', 254, '3217', 0);
INSERT INTO p_tenant (appinfo_id, tenant_name, tenant_contact, property_name, frequency, vacant_unit, tenantStatus) VALUES (10, 'Joseph Gonzalez', '555-314-1058', 38, 'Monthly', 221, 0);
INSERT INTO p_lease (tenantId, moveinDate, moveoutDate, property_name, frequency, vacant_unit, rentAmount, leaseStatus) VALUES (10, '2025-01-01', '2026-01-01', 38, 'Monthly', 221, '2297', 0);
INSERT INTO p_tenant (appinfo_id, tenant_name, tenant_contact, property_name, frequency, vacant_unit, tenantStatus) VALUES (11, 'Elizabeth Martinez', '555-158-8991', 9, 'Monthly', 320, 0);
INSERT INTO p_lease (tenantId, moveinDate, moveoutDate, property_name, frequency, vacant_unit, rentAmount, leaseStatus) VALUES (11, '2025-01-01', '2026-01-01', 9, 'Monthly', 320, '1733', 0);
INSERT INTO p_tenant (appinfo_id, tenant_name, tenant_contact, property_name, frequency, vacant_unit, tenantStatus) VALUES (12, 'Mary Hernandez', '555-577-3736', 6, 'Monthly', 153, 0);
INSERT INTO p_lease (tenantId, moveinDate, moveoutDate, property_name, frequency, vacant_unit, rentAmount, leaseStatus) VALUES (12, '2025-01-01', '2026-01-01', 6, 'Monthly', 153, '3190', 0);
INSERT INTO p_tenant (appinfo_id, tenant_name, tenant_contact, property_name, frequency, vacant_unit, tenantStatus) VALUES (13, 'Elizabeth Moore', '555-314-1868', 29, 'Monthly', 113, 0);
INSERT INTO p_lease (tenantId, moveinDate, moveoutDate, property_name, frequency, vacant_unit, rentAmount, leaseStatus) VALUES (13, '2025-01-01', '2026-01-01', 29, 'Monthly', 113, '2810', 0);
INSERT INTO p_tenant (appinfo_id, tenant_name, tenant_contact, property_name, frequency, vacant_unit, tenantStatus) VALUES (14, 'Robert Davis', '555-872-7979', 15, 'Monthly', 22, 0);
INSERT INTO p_lease (tenantId, moveinDate, moveoutDate, property_name, frequency, vacant_unit, rentAmount, leaseStatus) VALUES (14, '2025-01-01', '2026-01-01', 15, 'Monthly', 22, '1335', 0);
INSERT INTO p_tenant (appinfo_id, tenant_name, tenant_contact, property_name, frequency, vacant_unit, tenantStatus) VALUES (15, 'Michael Gonzalez', '555-657-6191', 12, 'Monthly', 243, 0);
INSERT INTO p_lease (tenantId, moveinDate, moveoutDate, property_name, frequency, vacant_unit, rentAmount, leaseStatus) VALUES (15, '2025-01-01', '2026-01-01', 12, 'Monthly', 243, '1096', 0);
INSERT INTO p_tenant (appinfo_id, tenant_name, tenant_contact, property_name, frequency, vacant_unit, tenantStatus) VALUES (16, 'Linda Miller', '555-220-7664', 45, 'Monthly', 338, 0);
INSERT INTO p_lease (tenantId, moveinDate, moveoutDate, property_name, frequency, vacant_unit, rentAmount, leaseStatus) VALUES (16, '2025-01-01', '2026-01-01', 45, 'Monthly', 338, '1855', 0);
INSERT INTO p_tenant (appinfo_id, tenant_name, tenant_contact, property_name, frequency, vacant_unit, tenantStatus) VALUES (17, 'Linda Lopez', '555-656-7507', 38, 'Monthly', 269, 0);
INSERT INTO p_lease (tenantId, moveinDate, moveoutDate, property_name, frequency, vacant_unit, rentAmount, leaseStatus) VALUES (17, '2025-01-01', '2026-01-01', 38, 'Monthly', 269, '995', 0);
INSERT INTO p_tenant (appinfo_id, tenant_name, tenant_contact, property_name, frequency, vacant_unit, tenantStatus) VALUES (18, 'Robert Johnson', '555-540-9523', 10, 'Monthly', 242, 0);
INSERT INTO p_lease (tenantId, moveinDate, moveoutDate, property_name, frequency, vacant_unit, rentAmount, leaseStatus) VALUES (18, '2025-01-01', '2026-01-01', 10, 'Monthly', 242, '2424', 0);
INSERT INTO p_tenant (appinfo_id, tenant_name, tenant_contact, property_name, frequency, vacant_unit, tenantStatus) VALUES (19, 'Michael Martinez', '555-847-2815', 11, 'Monthly', 279, 0);
INSERT INTO p_lease (tenantId, moveinDate, moveoutDate, property_name, frequency, vacant_unit, rentAmount, leaseStatus) VALUES (19, '2025-01-01', '2026-01-01', 11, 'Monthly', 279, '1411', 0);
INSERT INTO p_tenant (appinfo_id, tenant_name, tenant_contact, property_name, frequency, vacant_unit, tenantStatus) VALUES (20, 'Charles Garcia', '555-987-5037', 39, 'Monthly', 293, 0);
INSERT INTO p_lease (tenantId, moveinDate, moveoutDate, property_name, frequency, vacant_unit, rentAmount, leaseStatus) VALUES (20, '2025-01-01', '2026-01-01', 39, 'Monthly', 293, '2293', 0);
INSERT INTO p_tenant (appinfo_id, tenant_name, tenant_contact, property_name, frequency, vacant_unit, tenantStatus) VALUES (21, 'Michael Williams', '555-796-6203', 2, 'Monthly', 349, 0);
INSERT INTO p_lease (tenantId, moveinDate, moveoutDate, property_name, frequency, vacant_unit, rentAmount, leaseStatus) VALUES (21, '2025-01-01', '2026-01-01', 2, 'Monthly', 349, '1617', 0);
INSERT INTO p_tenant (appinfo_id, tenant_name, tenant_contact, property_name, frequency, vacant_unit, tenantStatus) VALUES (22, 'Susan Johnson', '555-604-6404', 20, 'Monthly', 4, 0);
INSERT INTO p_lease (tenantId, moveinDate, moveoutDate, property_name, frequency, vacant_unit, rentAmount, leaseStatus) VALUES (22, '2025-01-01', '2026-01-01', 20, 'Monthly', 4, '866', 0);
INSERT INTO p_tenant (appinfo_id, tenant_name, tenant_contact, property_name, frequency, vacant_unit, tenantStatus) VALUES (23, 'William Moore', '555-905-8176', 27, 'Monthly', 121, 0);
INSERT INTO p_lease (tenantId, moveinDate, moveoutDate, property_name, frequency, vacant_unit, rentAmount, leaseStatus) VALUES (23, '2025-01-01', '2026-01-01', 27, 'Monthly', 121, '1364', 0);
INSERT INTO p_tenant (appinfo_id, tenant_name, tenant_contact, property_name, frequency, vacant_unit, tenantStatus) VALUES (24, 'Joseph Anderson', '555-403-4203', 39, 'Monthly', 169, 0);
INSERT INTO p_lease (tenantId, moveinDate, moveoutDate, property_name, frequency, vacant_unit, rentAmount, leaseStatus) VALUES (24, '2025-01-01', '2026-01-01', 39, 'Monthly', 169, '2081', 0);
INSERT INTO p_tenant (appinfo_id, tenant_name, tenant_contact, property_name, frequency, vacant_unit, tenantStatus) VALUES (25, 'Patricia Martin', '555-265-3193', 20, 'Monthly', 93, 0);
INSERT INTO p_lease (tenantId, moveinDate, moveoutDate, property_name, frequency, vacant_unit, rentAmount, leaseStatus) VALUES (25, '2025-01-01', '2026-01-01', 20, 'Monthly', 93, '3019', 0);
INSERT INTO p_tenant (appinfo_id, tenant_name, tenant_contact, property_name, frequency, vacant_unit, tenantStatus) VALUES (26, 'Charles Thomas', '555-515-4425', 2, 'Monthly', 356, 0);
INSERT INTO p_lease (tenantId, moveinDate, moveoutDate, property_name, frequency, vacant_unit, rentAmount, leaseStatus) VALUES (26, '2025-01-01', '2026-01-01', 2, 'Monthly', 356, '860', 0);
INSERT INTO p_tenant (appinfo_id, tenant_name, tenant_contact, property_name, frequency, vacant_unit, tenantStatus) VALUES (27, 'Linda Brown', '555-776-6526', 33, 'Monthly', 12, 0);
INSERT INTO p_lease (tenantId, moveinDate, moveoutDate, property_name, frequency, vacant_unit, rentAmount, leaseStatus) VALUES (27, '2025-01-01', '2026-01-01', 33, 'Monthly', 12, '2688', 0);
INSERT INTO p_tenant (appinfo_id, tenant_name, tenant_contact, property_name, frequency, vacant_unit, tenantStatus) VALUES (28, 'Mary Gonzalez', '555-350-7330', 41, 'Monthly', 44, 0);
INSERT INTO p_lease (tenantId, moveinDate, moveoutDate, property_name, frequency, vacant_unit, rentAmount, leaseStatus) VALUES (28, '2025-01-01', '2026-01-01', 41, 'Monthly', 44, '3289', 0);
INSERT INTO p_tenant (appinfo_id, tenant_name, tenant_contact, property_name, frequency, vacant_unit, tenantStatus) VALUES (29, 'Patricia Johnson', '555-654-3438', 39, 'Monthly', 270, 0);
INSERT INTO p_lease (tenantId, moveinDate, moveoutDate, property_name, frequency, vacant_unit, rentAmount, leaseStatus) VALUES (29, '2025-01-01', '2026-01-01', 39, 'Monthly', 270, '3400', 0);
INSERT INTO p_tenant (appinfo_id, tenant_name, tenant_contact, property_name, frequency, vacant_unit, tenantStatus) VALUES (30, 'Karen Thomas', '555-469-9654', 39, 'Monthly', 134, 0);
INSERT INTO p_lease (tenantId, moveinDate, moveoutDate, property_name, frequency, vacant_unit, rentAmount, leaseStatus) VALUES (30, '2025-01-01', '2026-01-01', 39, 'Monthly', 134, '2542', 0);
INSERT INTO p_tenant (appinfo_id, tenant_name, tenant_contact, property_name, frequency, vacant_unit, tenantStatus) VALUES (31, 'William Martin', '555-254-5289', 15, 'Monthly', 87, 0);
INSERT INTO p_lease (tenantId, moveinDate, moveoutDate, property_name, frequency, vacant_unit, rentAmount, leaseStatus) VALUES (31, '2025-01-01', '2026-01-01', 15, 'Monthly', 87, '1581', 0);
INSERT INTO p_tenant (appinfo_id, tenant_name, tenant_contact, property_name, frequency, vacant_unit, tenantStatus) VALUES (32, 'Mary Taylor', '555-260-2304', 34, 'Monthly', 237, 0);
INSERT INTO p_lease (tenantId, moveinDate, moveoutDate, property_name, frequency, vacant_unit, rentAmount, leaseStatus) VALUES (32, '2025-01-01', '2026-01-01', 34, 'Monthly', 237, '2149', 0);
INSERT INTO p_tenant (appinfo_id, tenant_name, tenant_contact, property_name, frequency, vacant_unit, tenantStatus) VALUES (33, 'Richard Rodriguez', '555-298-7293', 13, 'Monthly', 49, 0);
INSERT INTO p_lease (tenantId, moveinDate, moveoutDate, property_name, frequency, vacant_unit, rentAmount, leaseStatus) VALUES (33, '2025-01-01', '2026-01-01', 13, 'Monthly', 49, '2555', 0);
INSERT INTO p_tenant (appinfo_id, tenant_name, tenant_contact, property_name, frequency, vacant_unit, tenantStatus) VALUES (34, 'Joseph Rodriguez', '555-404-4363', 31, 'Monthly', 65, 0);
INSERT INTO p_lease (tenantId, moveinDate, moveoutDate, property_name, frequency, vacant_unit, rentAmount, leaseStatus) VALUES (34, '2025-01-01', '2026-01-01', 31, 'Monthly', 65, '1894', 0);
INSERT INTO p_tenant (appinfo_id, tenant_name, tenant_contact, property_name, frequency, vacant_unit, tenantStatus) VALUES (35, 'Barbara Davis', '555-133-2390', 42, 'Monthly', 149, 0);
INSERT INTO p_lease (tenantId, moveinDate, moveoutDate, property_name, frequency, vacant_unit, rentAmount, leaseStatus) VALUES (35, '2025-01-01', '2026-01-01', 42, 'Monthly', 149, '3497', 0);
INSERT INTO p_tenant (appinfo_id, tenant_name, tenant_contact, property_name, frequency, vacant_unit, tenantStatus) VALUES (36, 'Jennifer Lopez', '555-509-6227', 33, 'Monthly', 133, 0);
INSERT INTO p_lease (tenantId, moveinDate, moveoutDate, property_name, frequency, vacant_unit, rentAmount, leaseStatus) VALUES (36, '2025-01-01', '2026-01-01', 33, 'Monthly', 133, '1474', 0);
INSERT INTO p_tenant (appinfo_id, tenant_name, tenant_contact, property_name, frequency, vacant_unit, tenantStatus) VALUES (37, 'Susan Lopez', '555-168-7101', 35, 'Monthly', 138, 0);
INSERT INTO p_lease (tenantId, moveinDate, moveoutDate, property_name, frequency, vacant_unit, rentAmount, leaseStatus) VALUES (37, '2025-01-01', '2026-01-01', 35, 'Monthly', 138, '2958', 0);
INSERT INTO p_tenant (appinfo_id, tenant_name, tenant_contact, property_name, frequency, vacant_unit, tenantStatus) VALUES (38, 'John Jackson', '555-696-2668', 21, 'Monthly', 181, 0);
INSERT INTO p_lease (tenantId, moveinDate, moveoutDate, property_name, frequency, vacant_unit, rentAmount, leaseStatus) VALUES (38, '2025-01-01', '2026-01-01', 21, 'Monthly', 181, '2420', 0);
INSERT INTO p_tenant (appinfo_id, tenant_name, tenant_contact, property_name, frequency, vacant_unit, tenantStatus) VALUES (39, 'Richard Martinez', '555-450-8858', 34, 'Monthly', 109, 0);
INSERT INTO p_lease (tenantId, moveinDate, moveoutDate, property_name, frequency, vacant_unit, rentAmount, leaseStatus) VALUES (39, '2025-01-01', '2026-01-01', 34, 'Monthly', 109, '963', 0);
INSERT INTO p_tenant (appinfo_id, tenant_name, tenant_contact, property_name, frequency, vacant_unit, tenantStatus) VALUES (40, 'Barbara Anderson', '555-870-2537', 18, 'Monthly', 82, 0);
INSERT INTO p_lease (tenantId, moveinDate, moveoutDate, property_name, frequency, vacant_unit, rentAmount, leaseStatus) VALUES (40, '2025-01-01', '2026-01-01', 18, 'Monthly', 82, '2431', 0);
INSERT INTO p_tenant (appinfo_id, tenant_name, tenant_contact, property_name, frequency, vacant_unit, tenantStatus) VALUES (41, 'Jessica Moore', '555-949-1085', 33, 'Monthly', 72, 0);
INSERT INTO p_lease (tenantId, moveinDate, moveoutDate, property_name, frequency, vacant_unit, rentAmount, leaseStatus) VALUES (41, '2025-01-01', '2026-01-01', 33, 'Monthly', 72, '2682', 0);
INSERT INTO p_tenant (appinfo_id, tenant_name, tenant_contact, property_name, frequency, vacant_unit, tenantStatus) VALUES (42, 'William Davis', '555-108-4305', 26, 'Monthly', 138, 0);
INSERT INTO p_lease (tenantId, moveinDate, moveoutDate, property_name, frequency, vacant_unit, rentAmount, leaseStatus) VALUES (42, '2025-01-01', '2026-01-01', 26, 'Monthly', 138, '3011', 0);
INSERT INTO p_tenant (appinfo_id, tenant_name, tenant_contact, property_name, frequency, vacant_unit, tenantStatus) VALUES (43, 'David Martinez', '555-676-6033', 10, 'Monthly', 370, 0);
INSERT INTO p_lease (tenantId, moveinDate, moveoutDate, property_name, frequency, vacant_unit, rentAmount, leaseStatus) VALUES (43, '2025-01-01', '2026-01-01', 10, 'Monthly', 370, '1690', 0);
INSERT INTO p_tenant (appinfo_id, tenant_name, tenant_contact, property_name, frequency, vacant_unit, tenantStatus) VALUES (44, 'Robert Williams', '555-412-5563', 5, 'Monthly', 364, 0);
INSERT INTO p_lease (tenantId, moveinDate, moveoutDate, property_name, frequency, vacant_unit, rentAmount, leaseStatus) VALUES (44, '2025-01-01', '2026-01-01', 5, 'Monthly', 364, '2361', 0);
INSERT INTO p_tenant (appinfo_id, tenant_name, tenant_contact, property_name, frequency, vacant_unit, tenantStatus) VALUES (45, 'Charles Miller', '555-155-2477', 45, 'Monthly', 109, 0);
INSERT INTO p_lease (tenantId, moveinDate, moveoutDate, property_name, frequency, vacant_unit, rentAmount, leaseStatus) VALUES (45, '2025-01-01', '2026-01-01', 45, 'Monthly', 109, '2170', 0);
INSERT INTO p_tenant (appinfo_id, tenant_name, tenant_contact, property_name, frequency, vacant_unit, tenantStatus) VALUES (46, 'Joseph Hernandez', '555-515-9353', 14, 'Monthly', 338, 0);
INSERT INTO p_lease (tenantId, moveinDate, moveoutDate, property_name, frequency, vacant_unit, rentAmount, leaseStatus) VALUES (46, '2025-01-01', '2026-01-01', 14, 'Monthly', 338, '3321', 0);
INSERT INTO p_tenant (appinfo_id, tenant_name, tenant_contact, property_name, frequency, vacant_unit, tenantStatus) VALUES (47, 'Barbara Martinez', '555-507-5095', 42, 'Monthly', 13, 0);
INSERT INTO p_lease (tenantId, moveinDate, moveoutDate, property_name, frequency, vacant_unit, rentAmount, leaseStatus) VALUES (47, '2025-01-01', '2026-01-01', 42, 'Monthly', 13, '3417', 0);
INSERT INTO p_tenant (appinfo_id, tenant_name, tenant_contact, property_name, frequency, vacant_unit, tenantStatus) VALUES (48, 'Jennifer Jackson', '555-760-7639', 17, 'Monthly', 191, 0);
INSERT INTO p_lease (tenantId, moveinDate, moveoutDate, property_name, frequency, vacant_unit, rentAmount, leaseStatus) VALUES (48, '2025-01-01', '2026-01-01', 17, 'Monthly', 191, '966', 0);
INSERT INTO p_tenant (appinfo_id, tenant_name, tenant_contact, property_name, frequency, vacant_unit, tenantStatus) VALUES (49, 'James Johnson', '555-596-8333', 44, 'Monthly', 363, 0);
INSERT INTO p_lease (tenantId, moveinDate, moveoutDate, property_name, frequency, vacant_unit, rentAmount, leaseStatus) VALUES (49, '2025-01-01', '2026-01-01', 44, 'Monthly', 363, '2281', 0);
INSERT INTO p_tenant (appinfo_id, tenant_name, tenant_contact, property_name, frequency, vacant_unit, tenantStatus) VALUES (50, 'David Gonzalez', '555-151-9855', 16, 'Monthly', 253, 0);
INSERT INTO p_lease (tenantId, moveinDate, moveoutDate, property_name, frequency, vacant_unit, rentAmount, leaseStatus) VALUES (50, '2025-01-01', '2026-01-01', 16, 'Monthly', 253, '3192', 0);
INSERT INTO p_tenant (appinfo_id, tenant_name, tenant_contact, property_name, frequency, vacant_unit, tenantStatus) VALUES (51, 'Robert Taylor', '555-874-2732', 1, 'Monthly', 147, 0);
INSERT INTO p_lease (tenantId, moveinDate, moveoutDate, property_name, frequency, vacant_unit, rentAmount, leaseStatus) VALUES (51, '2025-01-01', '2026-01-01', 1, 'Monthly', 147, '1331', 0);
INSERT INTO p_tenant (appinfo_id, tenant_name, tenant_contact, property_name, frequency, vacant_unit, tenantStatus) VALUES (52, 'Michael Gonzalez', '555-461-1481', 33, 'Monthly', 239, 0);
INSERT INTO p_lease (tenantId, moveinDate, moveoutDate, property_name, frequency, vacant_unit, rentAmount, leaseStatus) VALUES (52, '2025-01-01', '2026-01-01', 33, 'Monthly', 239, '2769', 0);
INSERT INTO p_tenant (appinfo_id, tenant_name, tenant_contact, property_name, frequency, vacant_unit, tenantStatus) VALUES (53, 'Karen Miller', '555-594-6185', 50, 'Monthly', 179, 0);
INSERT INTO p_lease (tenantId, moveinDate, moveoutDate, property_name, frequency, vacant_unit, rentAmount, leaseStatus) VALUES (53, '2025-01-01', '2026-01-01', 50, 'Monthly', 179, '3366', 0);
INSERT INTO p_tenant (appinfo_id, tenant_name, tenant_contact, property_name, frequency, vacant_unit, tenantStatus) VALUES (54, 'Linda Lopez', '555-685-2302', 16, 'Monthly', 362, 0);
INSERT INTO p_lease (tenantId, moveinDate, moveoutDate, property_name, frequency, vacant_unit, rentAmount, leaseStatus) VALUES (54, '2025-01-01', '2026-01-01', 16, 'Monthly', 362, '2758', 0);
INSERT INTO p_tenant (appinfo_id, tenant_name, tenant_contact, property_name, frequency, vacant_unit, tenantStatus) VALUES (55, 'Barbara Garcia', '555-417-7206', 37, 'Monthly', 314, 0);
INSERT INTO p_lease (tenantId, moveinDate, moveoutDate, property_name, frequency, vacant_unit, rentAmount, leaseStatus) VALUES (55, '2025-01-01', '2026-01-01', 37, 'Monthly', 314, '2611', 0);
INSERT INTO p_tenant (appinfo_id, tenant_name, tenant_contact, property_name, frequency, vacant_unit, tenantStatus) VALUES (56, 'Patricia Moore', '555-882-4779', 35, 'Monthly', 258, 0);
INSERT INTO p_lease (tenantId, moveinDate, moveoutDate, property_name, frequency, vacant_unit, rentAmount, leaseStatus) VALUES (56, '2025-01-01', '2026-01-01', 35, 'Monthly', 258, '1063', 0);
INSERT INTO p_tenant (appinfo_id, tenant_name, tenant_contact, property_name, frequency, vacant_unit, tenantStatus) VALUES (57, 'Karen Garcia', '555-140-7651', 32, 'Monthly', 275, 0);
INSERT INTO p_lease (tenantId, moveinDate, moveoutDate, property_name, frequency, vacant_unit, rentAmount, leaseStatus) VALUES (57, '2025-01-01', '2026-01-01', 32, 'Monthly', 275, '2521', 0);
INSERT INTO p_tenant (appinfo_id, tenant_name, tenant_contact, property_name, frequency, vacant_unit, tenantStatus) VALUES (58, 'Elizabeth Miller', '555-574-4198', 23, 'Monthly', 370, 0);
INSERT INTO p_lease (tenantId, moveinDate, moveoutDate, property_name, frequency, vacant_unit, rentAmount, leaseStatus) VALUES (58, '2025-01-01', '2026-01-01', 23, 'Monthly', 370, '3010', 0);
INSERT INTO p_tenant (appinfo_id, tenant_name, tenant_contact, property_name, frequency, vacant_unit, tenantStatus) VALUES (59, 'Charles Jones', '555-616-8704', 14, 'Monthly', 329, 0);
INSERT INTO p_lease (tenantId, moveinDate, moveoutDate, property_name, frequency, vacant_unit, rentAmount, leaseStatus) VALUES (59, '2025-01-01', '2026-01-01', 14, 'Monthly', 329, '1477', 0);
INSERT INTO p_tenant (appinfo_id, tenant_name, tenant_contact, property_name, frequency, vacant_unit, tenantStatus) VALUES (60, 'Robert Rodriguez', '555-872-4737', 37, 'Monthly', 158, 0);
INSERT INTO p_lease (tenantId, moveinDate, moveoutDate, property_name, frequency, vacant_unit, rentAmount, leaseStatus) VALUES (60, '2025-01-01', '2026-01-01', 37, 'Monthly', 158, '2088', 0);
INSERT INTO p_tenant (appinfo_id, tenant_name, tenant_contact, property_name, frequency, vacant_unit, tenantStatus) VALUES (61, 'Richard Smith', '555-370-3440', 22, 'Monthly', 33, 0);
INSERT INTO p_lease (tenantId, moveinDate, moveoutDate, property_name, frequency, vacant_unit, rentAmount, leaseStatus) VALUES (61, '2025-01-01', '2026-01-01', 22, 'Monthly', 33, '1209', 0);
INSERT INTO p_tenant (appinfo_id, tenant_name, tenant_contact, property_name, frequency, vacant_unit, tenantStatus) VALUES (62, 'John Thomas', '555-718-1511', 13, 'Monthly', 354, 0);
INSERT INTO p_lease (tenantId, moveinDate, moveoutDate, property_name, frequency, vacant_unit, rentAmount, leaseStatus) VALUES (62, '2025-01-01', '2026-01-01', 13, 'Monthly', 354, '805', 0);
INSERT INTO p_tenant (appinfo_id, tenant_name, tenant_contact, property_name, frequency, vacant_unit, tenantStatus) VALUES (63, 'Susan Martin', '555-918-6938', 5, 'Monthly', 346, 0);
INSERT INTO p_lease (tenantId, moveinDate, moveoutDate, property_name, frequency, vacant_unit, rentAmount, leaseStatus) VALUES (63, '2025-01-01', '2026-01-01', 5, 'Monthly', 346, '939', 0);
INSERT INTO p_tenant (appinfo_id, tenant_name, tenant_contact, property_name, frequency, vacant_unit, tenantStatus) VALUES (64, 'Jessica Lopez', '555-834-7740', 47, 'Monthly', 159, 0);
INSERT INTO p_lease (tenantId, moveinDate, moveoutDate, property_name, frequency, vacant_unit, rentAmount, leaseStatus) VALUES (64, '2025-01-01', '2026-01-01', 47, 'Monthly', 159, '3078', 0);
INSERT INTO p_tenant (appinfo_id, tenant_name, tenant_contact, property_name, frequency, vacant_unit, tenantStatus) VALUES (65, 'Jennifer Miller', '555-259-2362', 17, 'Monthly', 228, 0);
INSERT INTO p_lease (tenantId, moveinDate, moveoutDate, property_name, frequency, vacant_unit, rentAmount, leaseStatus) VALUES (65, '2025-01-01', '2026-01-01', 17, 'Monthly', 228, '2438', 0);
INSERT INTO p_tenant (appinfo_id, tenant_name, tenant_contact, property_name, frequency, vacant_unit, tenantStatus) VALUES (66, 'Sarah Johnson', '555-865-4849', 9, 'Monthly', 84, 0);
INSERT INTO p_lease (tenantId, moveinDate, moveoutDate, property_name, frequency, vacant_unit, rentAmount, leaseStatus) VALUES (66, '2025-01-01', '2026-01-01', 9, 'Monthly', 84, '1724', 0);
INSERT INTO p_tenant (appinfo_id, tenant_name, tenant_contact, property_name, frequency, vacant_unit, tenantStatus) VALUES (67, 'James Martin', '555-217-7643', 16, 'Monthly', 25, 0);
INSERT INTO p_lease (tenantId, moveinDate, moveoutDate, property_name, frequency, vacant_unit, rentAmount, leaseStatus) VALUES (67, '2025-01-01', '2026-01-01', 16, 'Monthly', 25, '2798', 0);
INSERT INTO p_tenant (appinfo_id, tenant_name, tenant_contact, property_name, frequency, vacant_unit, tenantStatus) VALUES (68, 'Jessica Davis', '555-514-7409', 20, 'Monthly', 236, 0);
INSERT INTO p_lease (tenantId, moveinDate, moveoutDate, property_name, frequency, vacant_unit, rentAmount, leaseStatus) VALUES (68, '2025-01-01', '2026-01-01', 20, 'Monthly', 236, '1794', 0);
INSERT INTO p_tenant (appinfo_id, tenant_name, tenant_contact, property_name, frequency, vacant_unit, tenantStatus) VALUES (69, 'Robert Moore', '555-208-6665', 8, 'Monthly', 89, 0);
INSERT INTO p_lease (tenantId, moveinDate, moveoutDate, property_name, frequency, vacant_unit, rentAmount, leaseStatus) VALUES (69, '2025-01-01', '2026-01-01', 8, 'Monthly', 89, '836', 0);
INSERT INTO p_tenant (appinfo_id, tenant_name, tenant_contact, property_name, frequency, vacant_unit, tenantStatus) VALUES (70, 'Mary Jackson', '555-640-8200', 11, 'Monthly', 251, 0);
INSERT INTO p_lease (tenantId, moveinDate, moveoutDate, property_name, frequency, vacant_unit, rentAmount, leaseStatus) VALUES (70, '2025-01-01', '2026-01-01', 11, 'Monthly', 251, '1726', 0);
INSERT INTO p_tenant (appinfo_id, tenant_name, tenant_contact, property_name, frequency, vacant_unit, tenantStatus) VALUES (71, 'Richard Lopez', '555-928-9551', 13, 'Monthly', 321, 0);
INSERT INTO p_lease (tenantId, moveinDate, moveoutDate, property_name, frequency, vacant_unit, rentAmount, leaseStatus) VALUES (71, '2025-01-01', '2026-01-01', 13, 'Monthly', 321, '930', 0);
INSERT INTO p_tenant (appinfo_id, tenant_name, tenant_contact, property_name, frequency, vacant_unit, tenantStatus) VALUES (72, 'Barbara Moore', '555-608-8102', 14, 'Monthly', 350, 0);
INSERT INTO p_lease (tenantId, moveinDate, moveoutDate, property_name, frequency, vacant_unit, rentAmount, leaseStatus) VALUES (72, '2025-01-01', '2026-01-01', 14, 'Monthly', 350, '3127', 0);
INSERT INTO p_tenant (appinfo_id, tenant_name, tenant_contact, property_name, frequency, vacant_unit, tenantStatus) VALUES (73, 'John Jones', '555-483-2864', 15, 'Monthly', 74, 0);
INSERT INTO p_lease (tenantId, moveinDate, moveoutDate, property_name, frequency, vacant_unit, rentAmount, leaseStatus) VALUES (73, '2025-01-01', '2026-01-01', 15, 'Monthly', 74, '1850', 0);
INSERT INTO p_tenant (appinfo_id, tenant_name, tenant_contact, property_name, frequency, vacant_unit, tenantStatus) VALUES (74, 'Barbara Hernandez', '555-783-5562', 8, 'Monthly', 287, 0);
INSERT INTO p_lease (tenantId, moveinDate, moveoutDate, property_name, frequency, vacant_unit, rentAmount, leaseStatus) VALUES (74, '2025-01-01', '2026-01-01', 8, 'Monthly', 287, '2802', 0);
INSERT INTO p_tenant (appinfo_id, tenant_name, tenant_contact, property_name, frequency, vacant_unit, tenantStatus) VALUES (75, 'Joseph Moore', '555-159-9215', 48, 'Monthly', 106, 0);
INSERT INTO p_lease (tenantId, moveinDate, moveoutDate, property_name, frequency, vacant_unit, rentAmount, leaseStatus) VALUES (75, '2025-01-01', '2026-01-01', 48, 'Monthly', 106, '1012', 0);
INSERT INTO p_tenant (appinfo_id, tenant_name, tenant_contact, property_name, frequency, vacant_unit, tenantStatus) VALUES (76, 'Barbara Davis', '555-704-9567', 12, 'Monthly', 279, 0);
INSERT INTO p_lease (tenantId, moveinDate, moveoutDate, property_name, frequency, vacant_unit, rentAmount, leaseStatus) VALUES (76, '2025-01-01', '2026-01-01', 12, 'Monthly', 279, '1604', 0);
INSERT INTO p_tenant (appinfo_id, tenant_name, tenant_contact, property_name, frequency, vacant_unit, tenantStatus) VALUES (77, 'Susan Thomas', '555-334-8768', 10, 'Monthly', 106, 0);
INSERT INTO p_lease (tenantId, moveinDate, moveoutDate, property_name, frequency, vacant_unit, rentAmount, leaseStatus) VALUES (77, '2025-01-01', '2026-01-01', 10, 'Monthly', 106, '1139', 0);
INSERT INTO p_tenant (appinfo_id, tenant_name, tenant_contact, property_name, frequency, vacant_unit, tenantStatus) VALUES (78, 'Linda Taylor', '555-136-7020', 21, 'Monthly', 337, 0);
INSERT INTO p_lease (tenantId, moveinDate, moveoutDate, property_name, frequency, vacant_unit, rentAmount, leaseStatus) VALUES (78, '2025-01-01', '2026-01-01', 21, 'Monthly', 337, '2364', 0);
INSERT INTO p_tenant (appinfo_id, tenant_name, tenant_contact, property_name, frequency, vacant_unit, tenantStatus) VALUES (79, 'John Rodriguez', '555-971-8535', 43, 'Monthly', 76, 0);
INSERT INTO p_lease (tenantId, moveinDate, moveoutDate, property_name, frequency, vacant_unit, rentAmount, leaseStatus) VALUES (79, '2025-01-01', '2026-01-01', 43, 'Monthly', 76, '2757', 0);
INSERT INTO p_tenant (appinfo_id, tenant_name, tenant_contact, property_name, frequency, vacant_unit, tenantStatus) VALUES (80, 'Mary Miller', '555-851-9890', 42, 'Monthly', 105, 0);
INSERT INTO p_lease (tenantId, moveinDate, moveoutDate, property_name, frequency, vacant_unit, rentAmount, leaseStatus) VALUES (80, '2025-01-01', '2026-01-01', 42, 'Monthly', 105, '944', 0);
INSERT INTO p_tenant (appinfo_id, tenant_name, tenant_contact, property_name, frequency, vacant_unit, tenantStatus) VALUES (81, 'Joseph Martinez', '555-120-2654', 3, 'Monthly', 264, 0);
INSERT INTO p_lease (tenantId, moveinDate, moveoutDate, property_name, frequency, vacant_unit, rentAmount, leaseStatus) VALUES (81, '2025-01-01', '2026-01-01', 3, 'Monthly', 264, '2974', 0);
INSERT INTO p_tenant (appinfo_id, tenant_name, tenant_contact, property_name, frequency, vacant_unit, tenantStatus) VALUES (82, 'David Gonzalez', '555-753-8218', 35, 'Monthly', 55, 0);
INSERT INTO p_lease (tenantId, moveinDate, moveoutDate, property_name, frequency, vacant_unit, rentAmount, leaseStatus) VALUES (82, '2025-01-01', '2026-01-01', 35, 'Monthly', 55, '1446', 0);
INSERT INTO p_tenant (appinfo_id, tenant_name, tenant_contact, property_name, frequency, vacant_unit, tenantStatus) VALUES (83, 'Karen Hernandez', '555-269-2487', 34, 'Monthly', 166, 0);
INSERT INTO p_lease (tenantId, moveinDate, moveoutDate, property_name, frequency, vacant_unit, rentAmount, leaseStatus) VALUES (83, '2025-01-01', '2026-01-01', 34, 'Monthly', 166, '2876', 0);
INSERT INTO p_tenant (appinfo_id, tenant_name, tenant_contact, property_name, frequency, vacant_unit, tenantStatus) VALUES (84, 'Linda Williams', '555-761-4290', 7, 'Monthly', 222, 0);
INSERT INTO p_lease (tenantId, moveinDate, moveoutDate, property_name, frequency, vacant_unit, rentAmount, leaseStatus) VALUES (84, '2025-01-01', '2026-01-01', 7, 'Monthly', 222, '2365', 0);
INSERT INTO p_tenant (appinfo_id, tenant_name, tenant_contact, property_name, frequency, vacant_unit, tenantStatus) VALUES (85, 'Karen Hernandez', '555-999-2024', 44, 'Monthly', 133, 0);
INSERT INTO p_lease (tenantId, moveinDate, moveoutDate, property_name, frequency, vacant_unit, rentAmount, leaseStatus) VALUES (85, '2025-01-01', '2026-01-01', 44, 'Monthly', 133, '1433', 0);
INSERT INTO p_tenant (appinfo_id, tenant_name, tenant_contact, property_name, frequency, vacant_unit, tenantStatus) VALUES (86, 'Thomas Hernandez', '555-127-1738', 45, 'Monthly', 332, 0);
INSERT INTO p_lease (tenantId, moveinDate, moveoutDate, property_name, frequency, vacant_unit, rentAmount, leaseStatus) VALUES (86, '2025-01-01', '2026-01-01', 45, 'Monthly', 332, '2813', 0);
INSERT INTO p_tenant (appinfo_id, tenant_name, tenant_contact, property_name, frequency, vacant_unit, tenantStatus) VALUES (87, 'Jessica Martinez', '555-653-3854', 2, 'Monthly', 79, 0);
INSERT INTO p_lease (tenantId, moveinDate, moveoutDate, property_name, frequency, vacant_unit, rentAmount, leaseStatus) VALUES (87, '2025-01-01', '2026-01-01', 2, 'Monthly', 79, '1338', 0);
INSERT INTO p_tenant (appinfo_id, tenant_name, tenant_contact, property_name, frequency, vacant_unit, tenantStatus) VALUES (88, 'William Rodriguez', '555-312-8529', 50, 'Monthly', 3, 0);
INSERT INTO p_lease (tenantId, moveinDate, moveoutDate, property_name, frequency, vacant_unit, rentAmount, leaseStatus) VALUES (88, '2025-01-01', '2026-01-01', 50, 'Monthly', 3, '2970', 0);
INSERT INTO p_tenant (appinfo_id, tenant_name, tenant_contact, property_name, frequency, vacant_unit, tenantStatus) VALUES (89, 'Robert Hernandez', '555-428-2724', 3, 'Monthly', 87, 0);
INSERT INTO p_lease (tenantId, moveinDate, moveoutDate, property_name, frequency, vacant_unit, rentAmount, leaseStatus) VALUES (89, '2025-01-01', '2026-01-01', 3, 'Monthly', 87, '1344', 0);
INSERT INTO p_tenant (appinfo_id, tenant_name, tenant_contact, property_name, frequency, vacant_unit, tenantStatus) VALUES (90, 'Barbara Gonzalez', '555-110-4505', 9, 'Monthly', 364, 0);
INSERT INTO p_lease (tenantId, moveinDate, moveoutDate, property_name, frequency, vacant_unit, rentAmount, leaseStatus) VALUES (90, '2025-01-01', '2026-01-01', 9, 'Monthly', 364, '910', 0);
INSERT INTO p_tenant (appinfo_id, tenant_name, tenant_contact, property_name, frequency, vacant_unit, tenantStatus) VALUES (91, 'Linda Anderson', '555-967-2345', 46, 'Monthly', 303, 0);
INSERT INTO p_lease (tenantId, moveinDate, moveoutDate, property_name, frequency, vacant_unit, rentAmount, leaseStatus) VALUES (91, '2025-01-01', '2026-01-01', 46, 'Monthly', 303, '3148', 0);
INSERT INTO p_tenant (appinfo_id, tenant_name, tenant_contact, property_name, frequency, vacant_unit, tenantStatus) VALUES (92, 'John Miller', '555-399-3136', 26, 'Monthly', 192, 0);
INSERT INTO p_lease (tenantId, moveinDate, moveoutDate, property_name, frequency, vacant_unit, rentAmount, leaseStatus) VALUES (92, '2025-01-01', '2026-01-01', 26, 'Monthly', 192, '1292', 0);
INSERT INTO p_tenant (appinfo_id, tenant_name, tenant_contact, property_name, frequency, vacant_unit, tenantStatus) VALUES (93, 'Joseph Thomas', '555-934-1201', 34, 'Monthly', 298, 0);
INSERT INTO p_lease (tenantId, moveinDate, moveoutDate, property_name, frequency, vacant_unit, rentAmount, leaseStatus) VALUES (93, '2025-01-01', '2026-01-01', 34, 'Monthly', 298, '1203', 0);
INSERT INTO p_tenant (appinfo_id, tenant_name, tenant_contact, property_name, frequency, vacant_unit, tenantStatus) VALUES (94, 'Thomas Anderson', '555-786-5392', 6, 'Monthly', 194, 0);
INSERT INTO p_lease (tenantId, moveinDate, moveoutDate, property_name, frequency, vacant_unit, rentAmount, leaseStatus) VALUES (94, '2025-01-01', '2026-01-01', 6, 'Monthly', 194, '2078', 0);
INSERT INTO p_tenant (appinfo_id, tenant_name, tenant_contact, property_name, frequency, vacant_unit, tenantStatus) VALUES (95, 'Linda Brown', '555-284-8565', 19, 'Monthly', 123, 0);
INSERT INTO p_lease (tenantId, moveinDate, moveoutDate, property_name, frequency, vacant_unit, rentAmount, leaseStatus) VALUES (95, '2025-01-01', '2026-01-01', 19, 'Monthly', 123, '1869', 0);
INSERT INTO p_tenant (appinfo_id, tenant_name, tenant_contact, property_name, frequency, vacant_unit, tenantStatus) VALUES (96, 'Sarah Williams', '555-738-5591', 4, 'Monthly', 161, 0);
INSERT INTO p_lease (tenantId, moveinDate, moveoutDate, property_name, frequency, vacant_unit, rentAmount, leaseStatus) VALUES (96, '2025-01-01', '2026-01-01', 4, 'Monthly', 161, '1423', 0);
INSERT INTO p_tenant (appinfo_id, tenant_name, tenant_contact, property_name, frequency, vacant_unit, tenantStatus) VALUES (97, 'Elizabeth Lopez', '555-599-4616', 29, 'Monthly', 98, 0);
INSERT INTO p_lease (tenantId, moveinDate, moveoutDate, property_name, frequency, vacant_unit, rentAmount, leaseStatus) VALUES (97, '2025-01-01', '2026-01-01', 29, 'Monthly', 98, '1477', 0);
INSERT INTO p_tenant (appinfo_id, tenant_name, tenant_contact, property_name, frequency, vacant_unit, tenantStatus) VALUES (98, 'Jennifer Rodriguez', '555-988-3653', 47, 'Monthly', 116, 0);
INSERT INTO p_lease (tenantId, moveinDate, moveoutDate, property_name, frequency, vacant_unit, rentAmount, leaseStatus) VALUES (98, '2025-01-01', '2026-01-01', 47, 'Monthly', 116, '1632', 0);
INSERT INTO p_tenant (appinfo_id, tenant_name, tenant_contact, property_name, frequency, vacant_unit, tenantStatus) VALUES (99, 'Karen Moore', '555-525-3743', 11, 'Monthly', 365, 0);
INSERT INTO p_lease (tenantId, moveinDate, moveoutDate, property_name, frequency, vacant_unit, rentAmount, leaseStatus) VALUES (99, '2025-01-01', '2026-01-01', 11, 'Monthly', 365, '2393', 0);
INSERT INTO p_tenant (appinfo_id, tenant_name, tenant_contact, property_name, frequency, vacant_unit, tenantStatus) VALUES (100, 'Elizabeth Brown', '555-520-5995', 32, 'Monthly', 138, 0);
INSERT INTO p_lease (tenantId, moveinDate, moveoutDate, property_name, frequency, vacant_unit, rentAmount, leaseStatus) VALUES (100, '2025-01-01', '2026-01-01', 32, 'Monthly', 138, '1670', 0);
INSERT INTO work_order (contractor, PropertyId, JobTitle, JobDescription, Material1Cost, isWorkDone, user) VALUES ('Roof Masters', 3, 'Replace Light Fixture', 'Routine maintenance task.', '272', 'Yes', 'admin');
INSERT INTO work_order (contractor, PropertyId, JobTitle, JobDescription, Material1Cost, isWorkDone, user) VALUES ('Bobs Plumbing', 18, 'Fix Leaking Pipe', 'Routine maintenance task.', '478', 'No', 'admin');
INSERT INTO work_order (contractor, PropertyId, JobTitle, JobDescription, Material1Cost, isWorkDone, user) VALUES ('Pro Cleaners', 44, 'Fix Broken Window', 'Routine maintenance task.', '281', 'Yes', 'admin');
INSERT INTO work_order (contractor, PropertyId, JobTitle, JobDescription, Material1Cost, isWorkDone, user) VALUES ('Speedy Maintenance', 11, 'Fix Leaking Pipe', 'Routine maintenance task.', '136', 'Yes', 'admin');
INSERT INTO work_order (contractor, PropertyId, JobTitle, JobDescription, Material1Cost, isWorkDone, user) VALUES ('Speedy Maintenance', 23, 'Paint Walls', 'Routine maintenance task.', '339', 'No', 'admin');
INSERT INTO work_order (contractor, PropertyId, JobTitle, JobDescription, Material1Cost, isWorkDone, user) VALUES ('Ace Electrical', 49, 'Repair HVAC', 'Routine maintenance task.', '59', 'No', 'admin');
INSERT INTO work_order (contractor, PropertyId, JobTitle, JobDescription, Material1Cost, isWorkDone, user) VALUES ('Pro Cleaners', 31, 'Replace Light Fixture', 'Routine maintenance task.', '274', 'Yes', 'admin');
INSERT INTO work_order (contractor, PropertyId, JobTitle, JobDescription, Material1Cost, isWorkDone, user) VALUES ('Ace Electrical', 5, 'Paint Walls', 'Routine maintenance task.', '213', 'Yes', 'admin');
INSERT INTO work_order (contractor, PropertyId, JobTitle, JobDescription, Material1Cost, isWorkDone, user) VALUES ('Bobs Plumbing', 49, 'Fix Leaking Pipe', 'Routine maintenance task.', '477', 'Yes', 'admin');
INSERT INTO work_order (contractor, PropertyId, JobTitle, JobDescription, Material1Cost, isWorkDone, user) VALUES ('Bobs Plumbing', 46, 'Replace Light Fixture', 'Routine maintenance task.', '352', 'No', 'admin');
INSERT INTO work_order (contractor, PropertyId, JobTitle, JobDescription, Material1Cost, isWorkDone, user) VALUES ('Speedy Maintenance', 37, 'Fix Broken Window', 'Routine maintenance task.', '492', 'No', 'admin');
INSERT INTO work_order (contractor, PropertyId, JobTitle, JobDescription, Material1Cost, isWorkDone, user) VALUES ('Pro Cleaners', 24, 'Clean Carpets', 'Routine maintenance task.', '85', 'No', 'admin');
INSERT INTO work_order (contractor, PropertyId, JobTitle, JobDescription, Material1Cost, isWorkDone, user) VALUES ('Speedy Maintenance', 24, 'Paint Walls', 'Routine maintenance task.', '134', 'No', 'admin');
INSERT INTO work_order (contractor, PropertyId, JobTitle, JobDescription, Material1Cost, isWorkDone, user) VALUES ('Roof Masters', 47, 'Clean Carpets', 'Routine maintenance task.', '483', 'No', 'admin');
INSERT INTO work_order (contractor, PropertyId, JobTitle, JobDescription, Material1Cost, isWorkDone, user) VALUES ('Speedy Maintenance', 6, 'Clean Carpets', 'Routine maintenance task.', '409', 'Yes', 'admin');
INSERT INTO work_order (contractor, PropertyId, JobTitle, JobDescription, Material1Cost, isWorkDone, user) VALUES ('Speedy Maintenance', 33, 'Repair HVAC', 'Routine maintenance task.', '245', 'No', 'admin');
INSERT INTO work_order (contractor, PropertyId, JobTitle, JobDescription, Material1Cost, isWorkDone, user) VALUES ('Speedy Maintenance', 22, 'Paint Walls', 'Routine maintenance task.', '274', 'No', 'admin');
INSERT INTO work_order (contractor, PropertyId, JobTitle, JobDescription, Material1Cost, isWorkDone, user) VALUES ('Speedy Maintenance', 17, 'Fix Broken Window', 'Routine maintenance task.', '471', 'No', 'admin');
INSERT INTO work_order (contractor, PropertyId, JobTitle, JobDescription, Material1Cost, isWorkDone, user) VALUES ('Pro Cleaners', 5, 'Repair HVAC', 'Routine maintenance task.', '156', 'No', 'admin');
INSERT INTO work_order (contractor, PropertyId, JobTitle, JobDescription, Material1Cost, isWorkDone, user) VALUES ('Roof Masters', 41, 'Fix Broken Window', 'Routine maintenance task.', '437', 'No', 'admin');
INSERT INTO work_order (contractor, PropertyId, JobTitle, JobDescription, Material1Cost, isWorkDone, user) VALUES ('Speedy Maintenance', 8, 'Replace Light Fixture', 'Routine maintenance task.', '387', 'Yes', 'admin');
INSERT INTO work_order (contractor, PropertyId, JobTitle, JobDescription, Material1Cost, isWorkDone, user) VALUES ('Pro Cleaners', 6, 'Fix Broken Window', 'Routine maintenance task.', '191', 'Yes', 'admin');
INSERT INTO work_order (contractor, PropertyId, JobTitle, JobDescription, Material1Cost, isWorkDone, user) VALUES ('Roof Masters', 45, 'Fix Broken Window', 'Routine maintenance task.', '176', 'No', 'admin');
INSERT INTO work_order (contractor, PropertyId, JobTitle, JobDescription, Material1Cost, isWorkDone, user) VALUES ('Roof Masters', 29, 'Repair HVAC', 'Routine maintenance task.', '226', 'No', 'admin');
INSERT INTO work_order (contractor, PropertyId, JobTitle, JobDescription, Material1Cost, isWorkDone, user) VALUES ('Roof Masters', 43, 'Paint Walls', 'Routine maintenance task.', '260', 'No', 'admin');
INSERT INTO work_order (contractor, PropertyId, JobTitle, JobDescription, Material1Cost, isWorkDone, user) VALUES ('Roof Masters', 32, 'Clean Carpets', 'Routine maintenance task.', '468', 'No', 'admin');
INSERT INTO work_order (contractor, PropertyId, JobTitle, JobDescription, Material1Cost, isWorkDone, user) VALUES ('Speedy Maintenance', 24, 'Clean Carpets', 'Routine maintenance task.', '113', 'Yes', 'admin');
INSERT INTO work_order (contractor, PropertyId, JobTitle, JobDescription, Material1Cost, isWorkDone, user) VALUES ('Bobs Plumbing', 47, 'Fix Leaking Pipe', 'Routine maintenance task.', '383', 'No', 'admin');
INSERT INTO work_order (contractor, PropertyId, JobTitle, JobDescription, Material1Cost, isWorkDone, user) VALUES ('Bobs Plumbing', 30, 'Fix Broken Window', 'Routine maintenance task.', '286', 'Yes', 'admin');
INSERT INTO work_order (contractor, PropertyId, JobTitle, JobDescription, Material1Cost, isWorkDone, user) VALUES ('Roof Masters', 29, 'Repair HVAC', 'Routine maintenance task.', '118', 'No', 'admin');
INSERT INTO work_order (contractor, PropertyId, JobTitle, JobDescription, Material1Cost, isWorkDone, user) VALUES ('Speedy Maintenance', 35, 'Fix Broken Window', 'Routine maintenance task.', '95', 'No', 'admin');
INSERT INTO work_order (contractor, PropertyId, JobTitle, JobDescription, Material1Cost, isWorkDone, user) VALUES ('Roof Masters', 41, 'Fix Leaking Pipe', 'Routine maintenance task.', '288', 'Yes', 'admin');
INSERT INTO work_order (contractor, PropertyId, JobTitle, JobDescription, Material1Cost, isWorkDone, user) VALUES ('Roof Masters', 24, 'Repair HVAC', 'Routine maintenance task.', '316', 'No', 'admin');
INSERT INTO work_order (contractor, PropertyId, JobTitle, JobDescription, Material1Cost, isWorkDone, user) VALUES ('Pro Cleaners', 49, 'Fix Broken Window', 'Routine maintenance task.', '243', 'Yes', 'admin');
INSERT INTO work_order (contractor, PropertyId, JobTitle, JobDescription, Material1Cost, isWorkDone, user) VALUES ('Ace Electrical', 7, 'Clean Carpets', 'Routine maintenance task.', '163', 'No', 'admin');
INSERT INTO work_order (contractor, PropertyId, JobTitle, JobDescription, Material1Cost, isWorkDone, user) VALUES ('Speedy Maintenance', 12, 'Paint Walls', 'Routine maintenance task.', '216', 'Yes', 'admin');
INSERT INTO work_order (contractor, PropertyId, JobTitle, JobDescription, Material1Cost, isWorkDone, user) VALUES ('Speedy Maintenance', 35, 'Fix Broken Window', 'Routine maintenance task.', '378', 'Yes', 'admin');
INSERT INTO work_order (contractor, PropertyId, JobTitle, JobDescription, Material1Cost, isWorkDone, user) VALUES ('Ace Electrical', 20, 'Clean Carpets', 'Routine maintenance task.', '156', 'No', 'admin');
INSERT INTO work_order (contractor, PropertyId, JobTitle, JobDescription, Material1Cost, isWorkDone, user) VALUES ('Speedy Maintenance', 5, 'Fix Leaking Pipe', 'Routine maintenance task.', '452', 'Yes', 'admin');
INSERT INTO work_order (contractor, PropertyId, JobTitle, JobDescription, Material1Cost, isWorkDone, user) VALUES ('Roof Masters', 46, 'Fix Leaking Pipe', 'Routine maintenance task.', '189', 'Yes', 'admin');
INSERT INTO work_order (contractor, PropertyId, JobTitle, JobDescription, Material1Cost, isWorkDone, user) VALUES ('Speedy Maintenance', 12, 'Repair HVAC', 'Routine maintenance task.', '175', 'Yes', 'admin');
INSERT INTO work_order (contractor, PropertyId, JobTitle, JobDescription, Material1Cost, isWorkDone, user) VALUES ('Pro Cleaners', 43, 'Replace Light Fixture', 'Routine maintenance task.', '495', 'No', 'admin');
INSERT INTO work_order (contractor, PropertyId, JobTitle, JobDescription, Material1Cost, isWorkDone, user) VALUES ('Ace Electrical', 33, 'Paint Walls', 'Routine maintenance task.', '213', 'No', 'admin');
INSERT INTO work_order (contractor, PropertyId, JobTitle, JobDescription, Material1Cost, isWorkDone, user) VALUES ('Bobs Plumbing', 36, 'Fix Leaking Pipe', 'Routine maintenance task.', '143', 'No', 'admin');
INSERT INTO work_order (contractor, PropertyId, JobTitle, JobDescription, Material1Cost, isWorkDone, user) VALUES ('Ace Electrical', 20, 'Repair HVAC', 'Routine maintenance task.', '274', 'No', 'admin');
INSERT INTO work_order (contractor, PropertyId, JobTitle, JobDescription, Material1Cost, isWorkDone, user) VALUES ('Pro Cleaners', 38, 'Fix Leaking Pipe', 'Routine maintenance task.', '247', 'Yes', 'admin');
INSERT INTO work_order (contractor, PropertyId, JobTitle, JobDescription, Material1Cost, isWorkDone, user) VALUES ('Speedy Maintenance', 47, 'Clean Carpets', 'Routine maintenance task.', '102', 'No', 'admin');
INSERT INTO work_order (contractor, PropertyId, JobTitle, JobDescription, Material1Cost, isWorkDone, user) VALUES ('Pro Cleaners', 21, 'Replace Light Fixture', 'Routine maintenance task.', '450', 'No', 'admin');
INSERT INTO work_order (contractor, PropertyId, JobTitle, JobDescription, Material1Cost, isWorkDone, user) VALUES ('Roof Masters', 47, 'Fix Leaking Pipe', 'Routine maintenance task.', '88', 'Yes', 'admin');
INSERT INTO work_order (contractor, PropertyId, JobTitle, JobDescription, Material1Cost, isWorkDone, user) VALUES ('Pro Cleaners', 19, 'Fix Leaking Pipe', 'Routine maintenance task.', '332', 'Yes', 'admin');
INSERT INTO work_order (contractor, PropertyId, JobTitle, JobDescription, Material1Cost, isWorkDone, user) VALUES ('Speedy Maintenance', 9, 'Fix Leaking Pipe', 'Routine maintenance task.', '204', 'No', 'admin');
INSERT INTO work_order (contractor, PropertyId, JobTitle, JobDescription, Material1Cost, isWorkDone, user) VALUES ('Ace Electrical', 29, 'Fix Broken Window', 'Routine maintenance task.', '201', 'No', 'admin');
INSERT INTO work_order (contractor, PropertyId, JobTitle, JobDescription, Material1Cost, isWorkDone, user) VALUES ('Bobs Plumbing', 50, 'Clean Carpets', 'Routine maintenance task.', '242', 'No', 'admin');
INSERT INTO work_order (contractor, PropertyId, JobTitle, JobDescription, Material1Cost, isWorkDone, user) VALUES ('Speedy Maintenance', 3, 'Paint Walls', 'Routine maintenance task.', '379', 'Yes', 'admin');
INSERT INTO work_order (contractor, PropertyId, JobTitle, JobDescription, Material1Cost, isWorkDone, user) VALUES ('Bobs Plumbing', 29, 'Fix Broken Window', 'Routine maintenance task.', '351', 'No', 'admin');
INSERT INTO work_order (contractor, PropertyId, JobTitle, JobDescription, Material1Cost, isWorkDone, user) VALUES ('Ace Electrical', 31, 'Paint Walls', 'Routine maintenance task.', '172', 'Yes', 'admin');
INSERT INTO work_order (contractor, PropertyId, JobTitle, JobDescription, Material1Cost, isWorkDone, user) VALUES ('Bobs Plumbing', 48, 'Replace Light Fixture', 'Routine maintenance task.', '217', 'Yes', 'admin');
INSERT INTO work_order (contractor, PropertyId, JobTitle, JobDescription, Material1Cost, isWorkDone, user) VALUES ('Bobs Plumbing', 44, 'Fix Leaking Pipe', 'Routine maintenance task.', '472', 'No', 'admin');
INSERT INTO work_order (contractor, PropertyId, JobTitle, JobDescription, Material1Cost, isWorkDone, user) VALUES ('Bobs Plumbing', 8, 'Clean Carpets', 'Routine maintenance task.', '150', 'Yes', 'admin');
INSERT INTO work_order (contractor, PropertyId, JobTitle, JobDescription, Material1Cost, isWorkDone, user) VALUES ('Ace Electrical', 23, 'Fix Leaking Pipe', 'Routine maintenance task.', '428', 'No', 'admin');
INSERT INTO work_order (contractor, PropertyId, JobTitle, JobDescription, Material1Cost, isWorkDone, user) VALUES ('Ace Electrical', 8, 'Fix Leaking Pipe', 'Routine maintenance task.', '352', 'No', 'admin');
INSERT INTO work_order (contractor, PropertyId, JobTitle, JobDescription, Material1Cost, isWorkDone, user) VALUES ('Speedy Maintenance', 23, 'Paint Walls', 'Routine maintenance task.', '212', 'No', 'admin');
INSERT INTO work_order (contractor, PropertyId, JobTitle, JobDescription, Material1Cost, isWorkDone, user) VALUES ('Roof Masters', 17, 'Fix Leaking Pipe', 'Routine maintenance task.', '378', 'Yes', 'admin');
INSERT INTO work_order (contractor, PropertyId, JobTitle, JobDescription, Material1Cost, isWorkDone, user) VALUES ('Roof Masters', 14, 'Paint Walls', 'Routine maintenance task.', '350', 'Yes', 'admin');
INSERT INTO work_order (contractor, PropertyId, JobTitle, JobDescription, Material1Cost, isWorkDone, user) VALUES ('Roof Masters', 27, 'Fix Broken Window', 'Routine maintenance task.', '430', 'Yes', 'admin');
INSERT INTO work_order (contractor, PropertyId, JobTitle, JobDescription, Material1Cost, isWorkDone, user) VALUES ('Ace Electrical', 24, 'Paint Walls', 'Routine maintenance task.', '173', 'Yes', 'admin');
INSERT INTO work_order (contractor, PropertyId, JobTitle, JobDescription, Material1Cost, isWorkDone, user) VALUES ('Ace Electrical', 37, 'Clean Carpets', 'Routine maintenance task.', '489', 'Yes', 'admin');
INSERT INTO work_order (contractor, PropertyId, JobTitle, JobDescription, Material1Cost, isWorkDone, user) VALUES ('Speedy Maintenance', 20, 'Repair HVAC', 'Routine maintenance task.', '134', 'Yes', 'admin');
INSERT INTO work_order (contractor, PropertyId, JobTitle, JobDescription, Material1Cost, isWorkDone, user) VALUES ('Ace Electrical', 14, 'Paint Walls', 'Routine maintenance task.', '111', 'Yes', 'admin');
INSERT INTO work_order (contractor, PropertyId, JobTitle, JobDescription, Material1Cost, isWorkDone, user) VALUES ('Bobs Plumbing', 35, 'Replace Light Fixture', 'Routine maintenance task.', '372', 'Yes', 'admin');
INSERT INTO work_order (contractor, PropertyId, JobTitle, JobDescription, Material1Cost, isWorkDone, user) VALUES ('Ace Electrical', 48, 'Replace Light Fixture', 'Routine maintenance task.', '411', 'No', 'admin');
INSERT INTO work_order (contractor, PropertyId, JobTitle, JobDescription, Material1Cost, isWorkDone, user) VALUES ('Ace Electrical', 7, 'Fix Leaking Pipe', 'Routine maintenance task.', '485', 'Yes', 'admin');
INSERT INTO work_order (contractor, PropertyId, JobTitle, JobDescription, Material1Cost, isWorkDone, user) VALUES ('Speedy Maintenance', 24, 'Fix Leaking Pipe', 'Routine maintenance task.', '400', 'No', 'admin');
INSERT INTO work_order (contractor, PropertyId, JobTitle, JobDescription, Material1Cost, isWorkDone, user) VALUES ('Bobs Plumbing', 43, 'Repair HVAC', 'Routine maintenance task.', '453', 'Yes', 'admin');
INSERT INTO work_order (contractor, PropertyId, JobTitle, JobDescription, Material1Cost, isWorkDone, user) VALUES ('Pro Cleaners', 18, 'Fix Leaking Pipe', 'Routine maintenance task.', '301', 'Yes', 'admin');
INSERT INTO work_order (contractor, PropertyId, JobTitle, JobDescription, Material1Cost, isWorkDone, user) VALUES ('Ace Electrical', 14, 'Paint Walls', 'Routine maintenance task.', '299', 'Yes', 'admin');
INSERT INTO work_order (contractor, PropertyId, JobTitle, JobDescription, Material1Cost, isWorkDone, user) VALUES ('Pro Cleaners', 49, 'Repair HVAC', 'Routine maintenance task.', '443', 'Yes', 'admin');
INSERT INTO work_order (contractor, PropertyId, JobTitle, JobDescription, Material1Cost, isWorkDone, user) VALUES ('Bobs Plumbing', 41, 'Fix Leaking Pipe', 'Routine maintenance task.', '150', 'No', 'admin');
INSERT INTO work_order (contractor, PropertyId, JobTitle, JobDescription, Material1Cost, isWorkDone, user) VALUES ('Pro Cleaners', 26, 'Replace Light Fixture', 'Routine maintenance task.', '103', 'No', 'admin');
INSERT INTO work_order (contractor, PropertyId, JobTitle, JobDescription, Material1Cost, isWorkDone, user) VALUES ('Roof Masters', 40, 'Clean Carpets', 'Routine maintenance task.', '200', 'No', 'admin');
INSERT INTO work_order (contractor, PropertyId, JobTitle, JobDescription, Material1Cost, isWorkDone, user) VALUES ('Speedy Maintenance', 15, 'Clean Carpets', 'Routine maintenance task.', '374', 'Yes', 'admin');
INSERT INTO work_order (contractor, PropertyId, JobTitle, JobDescription, Material1Cost, isWorkDone, user) VALUES ('Bobs Plumbing', 26, 'Replace Light Fixture', 'Routine maintenance task.', '375', 'Yes', 'admin');
INSERT INTO work_order (contractor, PropertyId, JobTitle, JobDescription, Material1Cost, isWorkDone, user) VALUES ('Roof Masters', 27, 'Clean Carpets', 'Routine maintenance task.', '202', 'Yes', 'admin');
INSERT INTO work_order (contractor, PropertyId, JobTitle, JobDescription, Material1Cost, isWorkDone, user) VALUES ('Bobs Plumbing', 47, 'Fix Leaking Pipe', 'Routine maintenance task.', '492', 'No', 'admin');
INSERT INTO work_order (contractor, PropertyId, JobTitle, JobDescription, Material1Cost, isWorkDone, user) VALUES ('Roof Masters', 16, 'Fix Leaking Pipe', 'Routine maintenance task.', '145', 'No', 'admin');
INSERT INTO work_order (contractor, PropertyId, JobTitle, JobDescription, Material1Cost, isWorkDone, user) VALUES ('Roof Masters', 40, 'Paint Walls', 'Routine maintenance task.', '304', 'Yes', 'admin');
INSERT INTO work_order (contractor, PropertyId, JobTitle, JobDescription, Material1Cost, isWorkDone, user) VALUES ('Bobs Plumbing', 49, 'Fix Broken Window', 'Routine maintenance task.', '227', 'No', 'admin');
INSERT INTO work_order (contractor, PropertyId, JobTitle, JobDescription, Material1Cost, isWorkDone, user) VALUES ('Speedy Maintenance', 32, 'Clean Carpets', 'Routine maintenance task.', '115', 'No', 'admin');
INSERT INTO work_order (contractor, PropertyId, JobTitle, JobDescription, Material1Cost, isWorkDone, user) VALUES ('Bobs Plumbing', 42, 'Repair HVAC', 'Routine maintenance task.', '405', 'Yes', 'admin');
INSERT INTO work_order (contractor, PropertyId, JobTitle, JobDescription, Material1Cost, isWorkDone, user) VALUES ('Pro Cleaners', 5, 'Repair HVAC', 'Routine maintenance task.', '110', 'Yes', 'admin');
INSERT INTO work_order (contractor, PropertyId, JobTitle, JobDescription, Material1Cost, isWorkDone, user) VALUES ('Speedy Maintenance', 37, 'Replace Light Fixture', 'Routine maintenance task.', '336', 'Yes', 'admin');
INSERT INTO work_order (contractor, PropertyId, JobTitle, JobDescription, Material1Cost, isWorkDone, user) VALUES ('Bobs Plumbing', 43, 'Paint Walls', 'Routine maintenance task.', '431', 'Yes', 'admin');
INSERT INTO work_order (contractor, PropertyId, JobTitle, JobDescription, Material1Cost, isWorkDone, user) VALUES ('Roof Masters', 44, 'Paint Walls', 'Routine maintenance task.', '471', 'Yes', 'admin');
INSERT INTO work_order (contractor, PropertyId, JobTitle, JobDescription, Material1Cost, isWorkDone, user) VALUES ('Roof Masters', 21, 'Repair HVAC', 'Routine maintenance task.', '329', 'Yes', 'admin');
INSERT INTO work_order (contractor, PropertyId, JobTitle, JobDescription, Material1Cost, isWorkDone, user) VALUES ('Ace Electrical', 20, 'Replace Light Fixture', 'Routine maintenance task.', '178', 'Yes', 'admin');
INSERT INTO work_order (contractor, PropertyId, JobTitle, JobDescription, Material1Cost, isWorkDone, user) VALUES ('Roof Masters', 30, 'Fix Leaking Pipe', 'Routine maintenance task.', '309', 'Yes', 'admin');
INSERT INTO work_order (contractor, PropertyId, JobTitle, JobDescription, Material1Cost, isWorkDone, user) VALUES ('Bobs Plumbing', 48, 'Fix Broken Window', 'Routine maintenance task.', '456', 'Yes', 'admin');
INSERT INTO work_order (contractor, PropertyId, JobTitle, JobDescription, Material1Cost, isWorkDone, user) VALUES ('Bobs Plumbing', 34, 'Paint Walls', 'Routine maintenance task.', '277', 'Yes', 'admin');
INSERT INTO work_order (contractor, PropertyId, JobTitle, JobDescription, Material1Cost, isWorkDone, user) VALUES ('Pro Cleaners', 3, 'Fix Broken Window', 'Routine maintenance task.', '178', 'No', 'admin');
INSERT INTO work_order (contractor, PropertyId, JobTitle, JobDescription, Material1Cost, isWorkDone, user) VALUES ('Ace Electrical', 11, 'Clean Carpets', 'Routine maintenance task.', '270', 'Yes', 'admin');
INSERT INTO work_order (contractor, PropertyId, JobTitle, JobDescription, Material1Cost, isWorkDone, user) VALUES ('Pro Cleaners', 34, 'Clean Carpets', 'Routine maintenance task.', '196', 'No', 'admin');
INSERT INTO work_order (contractor, PropertyId, JobTitle, JobDescription, Material1Cost, isWorkDone, user) VALUES ('Ace Electrical', 30, 'Clean Carpets', 'Routine maintenance task.', '278', 'Yes', 'admin');
INSERT INTO work_order (contractor, PropertyId, JobTitle, JobDescription, Material1Cost, isWorkDone, user) VALUES ('Speedy Maintenance', 44, 'Fix Broken Window', 'Routine maintenance task.', '345', 'Yes', 'admin');
INSERT INTO work_order (contractor, PropertyId, JobTitle, JobDescription, Material1Cost, isWorkDone, user) VALUES ('Pro Cleaners', 44, 'Fix Leaking Pipe', 'Routine maintenance task.', '187', 'Yes', 'admin');
INSERT INTO work_order (contractor, PropertyId, JobTitle, JobDescription, Material1Cost, isWorkDone, user) VALUES ('Pro Cleaners', 20, 'Clean Carpets', 'Routine maintenance task.', '177', 'No', 'admin');
INSERT INTO work_order (contractor, PropertyId, JobTitle, JobDescription, Material1Cost, isWorkDone, user) VALUES ('Ace Electrical', 34, 'Replace Light Fixture', 'Routine maintenance task.', '245', 'Yes', 'admin');
INSERT INTO work_order (contractor, PropertyId, JobTitle, JobDescription, Material1Cost, isWorkDone, user) VALUES ('Bobs Plumbing', 27, 'Replace Light Fixture', 'Routine maintenance task.', '252', 'Yes', 'admin');
INSERT INTO work_order (contractor, PropertyId, JobTitle, JobDescription, Material1Cost, isWorkDone, user) VALUES ('Roof Masters', 26, 'Repair HVAC', 'Routine maintenance task.', '477', 'Yes', 'admin');
INSERT INTO work_order (contractor, PropertyId, JobTitle, JobDescription, Material1Cost, isWorkDone, user) VALUES ('Ace Electrical', 35, 'Paint Walls', 'Routine maintenance task.', '298', 'No', 'admin');
INSERT INTO work_order (contractor, PropertyId, JobTitle, JobDescription, Material1Cost, isWorkDone, user) VALUES ('Roof Masters', 3, 'Paint Walls', 'Routine maintenance task.', '275', 'Yes', 'admin');
INSERT INTO work_order (contractor, PropertyId, JobTitle, JobDescription, Material1Cost, isWorkDone, user) VALUES ('Roof Masters', 4, 'Fix Broken Window', 'Routine maintenance task.', '77', 'No', 'admin');
INSERT INTO work_order (contractor, PropertyId, JobTitle, JobDescription, Material1Cost, isWorkDone, user) VALUES ('Roof Masters', 16, 'Repair HVAC', 'Routine maintenance task.', '272', 'Yes', 'admin');
INSERT INTO work_order (contractor, PropertyId, JobTitle, JobDescription, Material1Cost, isWorkDone, user) VALUES ('Bobs Plumbing', 12, 'Repair HVAC', 'Routine maintenance task.', '137', 'No', 'admin');
INSERT INTO work_order (contractor, PropertyId, JobTitle, JobDescription, Material1Cost, isWorkDone, user) VALUES ('Bobs Plumbing', 49, 'Replace Light Fixture', 'Routine maintenance task.', '62', 'Yes', 'admin');
INSERT INTO work_order (contractor, PropertyId, JobTitle, JobDescription, Material1Cost, isWorkDone, user) VALUES ('Ace Electrical', 4, 'Clean Carpets', 'Routine maintenance task.', '122', 'No', 'admin');
INSERT INTO work_order (contractor, PropertyId, JobTitle, JobDescription, Material1Cost, isWorkDone, user) VALUES ('Speedy Maintenance', 26, 'Replace Light Fixture', 'Routine maintenance task.', '403', 'Yes', 'admin');
INSERT INTO work_order (contractor, PropertyId, JobTitle, JobDescription, Material1Cost, isWorkDone, user) VALUES ('Ace Electrical', 45, 'Repair HVAC', 'Routine maintenance task.', '71', 'Yes', 'admin');
INSERT INTO work_order (contractor, PropertyId, JobTitle, JobDescription, Material1Cost, isWorkDone, user) VALUES ('Speedy Maintenance', 33, 'Replace Light Fixture', 'Routine maintenance task.', '245', 'No', 'admin');
INSERT INTO work_order (contractor, PropertyId, JobTitle, JobDescription, Material1Cost, isWorkDone, user) VALUES ('Ace Electrical', 23, 'Replace Light Fixture', 'Routine maintenance task.', '205', 'No', 'admin');
INSERT INTO work_order (contractor, PropertyId, JobTitle, JobDescription, Material1Cost, isWorkDone, user) VALUES ('Bobs Plumbing', 39, 'Repair HVAC', 'Routine maintenance task.', '140', 'Yes', 'admin');
INSERT INTO work_order (contractor, PropertyId, JobTitle, JobDescription, Material1Cost, isWorkDone, user) VALUES ('Ace Electrical', 46, 'Repair HVAC', 'Routine maintenance task.', '485', 'No', 'admin');
INSERT INTO work_order (contractor, PropertyId, JobTitle, JobDescription, Material1Cost, isWorkDone, user) VALUES ('Pro Cleaners', 45, 'Fix Broken Window', 'Routine maintenance task.', '264', 'Yes', 'admin');
INSERT INTO work_order (contractor, PropertyId, JobTitle, JobDescription, Material1Cost, isWorkDone, user) VALUES ('Bobs Plumbing', 29, 'Fix Leaking Pipe', 'Routine maintenance task.', '235', 'No', 'admin');
INSERT INTO work_order (contractor, PropertyId, JobTitle, JobDescription, Material1Cost, isWorkDone, user) VALUES ('Speedy Maintenance', 34, 'Paint Walls', 'Routine maintenance task.', '363', 'No', 'admin');
INSERT INTO work_order (contractor, PropertyId, JobTitle, JobDescription, Material1Cost, isWorkDone, user) VALUES ('Speedy Maintenance', 29, 'Clean Carpets', 'Routine maintenance task.', '141', 'No', 'admin');
INSERT INTO work_order (contractor, PropertyId, JobTitle, JobDescription, Material1Cost, isWorkDone, user) VALUES ('Ace Electrical', 27, 'Paint Walls', 'Routine maintenance task.', '378', 'Yes', 'admin');
INSERT INTO work_order (contractor, PropertyId, JobTitle, JobDescription, Material1Cost, isWorkDone, user) VALUES ('Ace Electrical', 46, 'Paint Walls', 'Routine maintenance task.', '460', 'Yes', 'admin');
INSERT INTO work_order (contractor, PropertyId, JobTitle, JobDescription, Material1Cost, isWorkDone, user) VALUES ('Bobs Plumbing', 1, 'Clean Carpets', 'Routine maintenance task.', '299', 'No', 'admin');
INSERT INTO work_order (contractor, PropertyId, JobTitle, JobDescription, Material1Cost, isWorkDone, user) VALUES ('Ace Electrical', 22, 'Repair HVAC', 'Routine maintenance task.', '439', 'No', 'admin');
INSERT INTO work_order (contractor, PropertyId, JobTitle, JobDescription, Material1Cost, isWorkDone, user) VALUES ('Bobs Plumbing', 2, 'Clean Carpets', 'Routine maintenance task.', '442', 'Yes', 'admin');
INSERT INTO work_order (contractor, PropertyId, JobTitle, JobDescription, Material1Cost, isWorkDone, user) VALUES ('Roof Masters', 20, 'Repair HVAC', 'Routine maintenance task.', '388', 'Yes', 'admin');
INSERT INTO work_order (contractor, PropertyId, JobTitle, JobDescription, Material1Cost, isWorkDone, user) VALUES ('Bobs Plumbing', 43, 'Clean Carpets', 'Routine maintenance task.', '128', 'No', 'admin');
INSERT INTO work_order (contractor, PropertyId, JobTitle, JobDescription, Material1Cost, isWorkDone, user) VALUES ('Bobs Plumbing', 46, 'Replace Light Fixture', 'Routine maintenance task.', '329', 'No', 'admin');
INSERT INTO work_order (contractor, PropertyId, JobTitle, JobDescription, Material1Cost, isWorkDone, user) VALUES ('Ace Electrical', 20, 'Repair HVAC', 'Routine maintenance task.', '188', 'Yes', 'admin');
INSERT INTO work_order (contractor, PropertyId, JobTitle, JobDescription, Material1Cost, isWorkDone, user) VALUES ('Bobs Plumbing', 30, 'Fix Broken Window', 'Routine maintenance task.', '192', 'Yes', 'admin');
INSERT INTO work_order (contractor, PropertyId, JobTitle, JobDescription, Material1Cost, isWorkDone, user) VALUES ('Speedy Maintenance', 40, 'Fix Broken Window', 'Routine maintenance task.', '166', 'No', 'admin');
INSERT INTO work_order (contractor, PropertyId, JobTitle, JobDescription, Material1Cost, isWorkDone, user) VALUES ('Roof Masters', 27, 'Fix Leaking Pipe', 'Routine maintenance task.', '215', 'No', 'admin');
INSERT INTO work_order (contractor, PropertyId, JobTitle, JobDescription, Material1Cost, isWorkDone, user) VALUES ('Speedy Maintenance', 8, 'Fix Leaking Pipe', 'Routine maintenance task.', '457', 'Yes', 'admin');
INSERT INTO work_order (contractor, PropertyId, JobTitle, JobDescription, Material1Cost, isWorkDone, user) VALUES ('Pro Cleaners', 37, 'Fix Broken Window', 'Routine maintenance task.', '129', 'No', 'admin');
INSERT INTO work_order (contractor, PropertyId, JobTitle, JobDescription, Material1Cost, isWorkDone, user) VALUES ('Speedy Maintenance', 18, 'Fix Broken Window', 'Routine maintenance task.', '427', 'Yes', 'admin');
INSERT INTO work_order (contractor, PropertyId, JobTitle, JobDescription, Material1Cost, isWorkDone, user) VALUES ('Pro Cleaners', 11, 'Repair HVAC', 'Routine maintenance task.', '323', 'No', 'admin');
INSERT INTO work_order (contractor, PropertyId, JobTitle, JobDescription, Material1Cost, isWorkDone, user) VALUES ('Roof Masters', 50, 'Replace Light Fixture', 'Routine maintenance task.', '479', 'No', 'admin');
INSERT INTO work_order (contractor, PropertyId, JobTitle, JobDescription, Material1Cost, isWorkDone, user) VALUES ('Pro Cleaners', 14, 'Repair HVAC', 'Routine maintenance task.', '473', 'Yes', 'admin');
INSERT INTO work_order (contractor, PropertyId, JobTitle, JobDescription, Material1Cost, isWorkDone, user) VALUES ('Pro Cleaners', 2, 'Fix Broken Window', 'Routine maintenance task.', '354', 'No', 'admin');
INSERT INTO work_order (contractor, PropertyId, JobTitle, JobDescription, Material1Cost, isWorkDone, user) VALUES ('Bobs Plumbing', 7, 'Fix Leaking Pipe', 'Routine maintenance task.', '279', 'No', 'admin');
INSERT INTO work_order (contractor, PropertyId, JobTitle, JobDescription, Material1Cost, isWorkDone, user) VALUES ('Speedy Maintenance', 43, 'Paint Walls', 'Routine maintenance task.', '412', 'Yes', 'admin');
INSERT INTO work_order (contractor, PropertyId, JobTitle, JobDescription, Material1Cost, isWorkDone, user) VALUES ('Bobs Plumbing', 4, 'Repair HVAC', 'Routine maintenance task.', '51', 'No', 'admin');
INSERT INTO work_order (contractor, PropertyId, JobTitle, JobDescription, Material1Cost, isWorkDone, user) VALUES ('Bobs Plumbing', 15, 'Fix Leaking Pipe', 'Routine maintenance task.', '345', 'No', 'admin');
INSERT INTO work_order (contractor, PropertyId, JobTitle, JobDescription, Material1Cost, isWorkDone, user) VALUES ('Pro Cleaners', 50, 'Repair HVAC', 'Routine maintenance task.', '342', 'No', 'admin');
INSERT INTO work_order (contractor, PropertyId, JobTitle, JobDescription, Material1Cost, isWorkDone, user) VALUES ('Ace Electrical', 41, 'Clean Carpets', 'Routine maintenance task.', '218', 'No', 'admin');
INSERT INTO work_order (contractor, PropertyId, JobTitle, JobDescription, Material1Cost, isWorkDone, user) VALUES ('Bobs Plumbing', 28, 'Fix Broken Window', 'Routine maintenance task.', '210', 'No', 'admin');
INSERT INTO work_order (contractor, PropertyId, JobTitle, JobDescription, Material1Cost, isWorkDone, user) VALUES ('Ace Electrical', 45, 'Fix Broken Window', 'Routine maintenance task.', '181', 'No', 'admin');
INSERT INTO work_order (contractor, PropertyId, JobTitle, JobDescription, Material1Cost, isWorkDone, user) VALUES ('Pro Cleaners', 10, 'Fix Broken Window', 'Routine maintenance task.', '90', 'No', 'admin');
INSERT INTO work_order (contractor, PropertyId, JobTitle, JobDescription, Material1Cost, isWorkDone, user) VALUES ('Speedy Maintenance', 42, 'Repair HVAC', 'Routine maintenance task.', '108', 'No', 'admin');
INSERT INTO work_order (contractor, PropertyId, JobTitle, JobDescription, Material1Cost, isWorkDone, user) VALUES ('Ace Electrical', 1, 'Clean Carpets', 'Routine maintenance task.', '108', 'No', 'admin');
INSERT INTO work_order (contractor, PropertyId, JobTitle, JobDescription, Material1Cost, isWorkDone, user) VALUES ('Speedy Maintenance', 20, 'Paint Walls', 'Routine maintenance task.', '80', 'Yes', 'admin');
INSERT INTO work_order (contractor, PropertyId, JobTitle, JobDescription, Material1Cost, isWorkDone, user) VALUES ('Speedy Maintenance', 11, 'Replace Light Fixture', 'Routine maintenance task.', '441', 'Yes', 'admin');
INSERT INTO work_order (contractor, PropertyId, JobTitle, JobDescription, Material1Cost, isWorkDone, user) VALUES ('Bobs Plumbing', 15, 'Clean Carpets', 'Routine maintenance task.', '145', 'No', 'admin');
INSERT INTO work_order (contractor, PropertyId, JobTitle, JobDescription, Material1Cost, isWorkDone, user) VALUES ('Ace Electrical', 38, 'Clean Carpets', 'Routine maintenance task.', '85', 'Yes', 'admin');
INSERT INTO work_order (contractor, PropertyId, JobTitle, JobDescription, Material1Cost, isWorkDone, user) VALUES ('Roof Masters', 24, 'Fix Broken Window', 'Routine maintenance task.', '56', 'No', 'admin');
INSERT INTO work_order (contractor, PropertyId, JobTitle, JobDescription, Material1Cost, isWorkDone, user) VALUES ('Pro Cleaners', 41, 'Replace Light Fixture', 'Routine maintenance task.', '92', 'Yes', 'admin');
INSERT INTO work_order (contractor, PropertyId, JobTitle, JobDescription, Material1Cost, isWorkDone, user) VALUES ('Speedy Maintenance', 13, 'Paint Walls', 'Routine maintenance task.', '224', 'No', 'admin');
INSERT INTO work_order (contractor, PropertyId, JobTitle, JobDescription, Material1Cost, isWorkDone, user) VALUES ('Bobs Plumbing', 44, 'Fix Broken Window', 'Routine maintenance task.', '359', 'Yes', 'admin');
INSERT INTO work_order (contractor, PropertyId, JobTitle, JobDescription, Material1Cost, isWorkDone, user) VALUES ('Pro Cleaners', 15, 'Clean Carpets', 'Routine maintenance task.', '120', 'Yes', 'admin');
INSERT INTO work_order (contractor, PropertyId, JobTitle, JobDescription, Material1Cost, isWorkDone, user) VALUES ('Pro Cleaners', 49, 'Repair HVAC', 'Routine maintenance task.', '158', 'Yes', 'admin');
INSERT INTO work_order (contractor, PropertyId, JobTitle, JobDescription, Material1Cost, isWorkDone, user) VALUES ('Bobs Plumbing', 24, 'Repair HVAC', 'Routine maintenance task.', '317', 'Yes', 'admin');
INSERT INTO work_order (contractor, PropertyId, JobTitle, JobDescription, Material1Cost, isWorkDone, user) VALUES ('Bobs Plumbing', 16, 'Replace Light Fixture', 'Routine maintenance task.', '474', 'No', 'admin');
INSERT INTO work_order (contractor, PropertyId, JobTitle, JobDescription, Material1Cost, isWorkDone, user) VALUES ('Pro Cleaners', 15, 'Clean Carpets', 'Routine maintenance task.', '439', 'Yes', 'admin');
INSERT INTO work_order (contractor, PropertyId, JobTitle, JobDescription, Material1Cost, isWorkDone, user) VALUES ('Speedy Maintenance', 45, 'Fix Leaking Pipe', 'Routine maintenance task.', '183', 'No', 'admin');
INSERT INTO work_order (contractor, PropertyId, JobTitle, JobDescription, Material1Cost, isWorkDone, user) VALUES ('Bobs Plumbing', 27, 'Fix Broken Window', 'Routine maintenance task.', '466', 'No', 'admin');
INSERT INTO work_order (contractor, PropertyId, JobTitle, JobDescription, Material1Cost, isWorkDone, user) VALUES ('Pro Cleaners', 34, 'Replace Light Fixture', 'Routine maintenance task.', '425', 'Yes', 'admin');
INSERT INTO work_order (contractor, PropertyId, JobTitle, JobDescription, Material1Cost, isWorkDone, user) VALUES ('Speedy Maintenance', 24, 'Paint Walls', 'Routine maintenance task.', '98', 'Yes', 'admin');
INSERT INTO work_order (contractor, PropertyId, JobTitle, JobDescription, Material1Cost, isWorkDone, user) VALUES ('Roof Masters', 20, 'Fix Broken Window', 'Routine maintenance task.', '300', 'Yes', 'admin');
INSERT INTO work_order (contractor, PropertyId, JobTitle, JobDescription, Material1Cost, isWorkDone, user) VALUES ('Ace Electrical', 17, 'Paint Walls', 'Routine maintenance task.', '72', 'No', 'admin');
INSERT INTO work_order (contractor, PropertyId, JobTitle, JobDescription, Material1Cost, isWorkDone, user) VALUES ('Pro Cleaners', 38, 'Fix Leaking Pipe', 'Routine maintenance task.', '486', 'No', 'admin');
INSERT INTO work_order (contractor, PropertyId, JobTitle, JobDescription, Material1Cost, isWorkDone, user) VALUES ('Pro Cleaners', 26, 'Repair HVAC', 'Routine maintenance task.', '451', 'No', 'admin');
INSERT INTO work_order (contractor, PropertyId, JobTitle, JobDescription, Material1Cost, isWorkDone, user) VALUES ('Speedy Maintenance', 28, 'Paint Walls', 'Routine maintenance task.', '55', 'Yes', 'admin');
INSERT INTO work_order (contractor, PropertyId, JobTitle, JobDescription, Material1Cost, isWorkDone, user) VALUES ('Bobs Plumbing', 42, 'Paint Walls', 'Routine maintenance task.', '226', 'No', 'admin');
INSERT INTO work_order (contractor, PropertyId, JobTitle, JobDescription, Material1Cost, isWorkDone, user) VALUES ('Bobs Plumbing', 22, 'Fix Broken Window', 'Routine maintenance task.', '199', 'No', 'admin');
INSERT INTO work_order (contractor, PropertyId, JobTitle, JobDescription, Material1Cost, isWorkDone, user) VALUES ('Bobs Plumbing', 43, 'Fix Leaking Pipe', 'Routine maintenance task.', '238', 'Yes', 'admin');
INSERT INTO work_order (contractor, PropertyId, JobTitle, JobDescription, Material1Cost, isWorkDone, user) VALUES ('Pro Cleaners', 46, 'Fix Broken Window', 'Routine maintenance task.', '386', 'No', 'admin');
INSERT INTO work_order (contractor, PropertyId, JobTitle, JobDescription, Material1Cost, isWorkDone, user) VALUES ('Speedy Maintenance', 44, 'Repair HVAC', 'Routine maintenance task.', '456', 'No', 'admin');
INSERT INTO work_order (contractor, PropertyId, JobTitle, JobDescription, Material1Cost, isWorkDone, user) VALUES ('Bobs Plumbing', 45, 'Fix Leaking Pipe', 'Routine maintenance task.', '207', 'Yes', 'admin');
INSERT INTO work_order (contractor, PropertyId, JobTitle, JobDescription, Material1Cost, isWorkDone, user) VALUES ('Bobs Plumbing', 25, 'Fix Leaking Pipe', 'Routine maintenance task.', '178', 'Yes', 'admin');
INSERT INTO work_order (contractor, PropertyId, JobTitle, JobDescription, Material1Cost, isWorkDone, user) VALUES ('Ace Electrical', 43, 'Paint Walls', 'Routine maintenance task.', '498', 'No', 'admin');
INSERT INTO work_order (contractor, PropertyId, JobTitle, JobDescription, Material1Cost, isWorkDone, user) VALUES ('Roof Masters', 8, 'Fix Leaking Pipe', 'Routine maintenance task.', '179', 'Yes', 'admin');
INSERT INTO work_order (contractor, PropertyId, JobTitle, JobDescription, Material1Cost, isWorkDone, user) VALUES ('Bobs Plumbing', 44, 'Repair HVAC', 'Routine maintenance task.', '286', 'Yes', 'admin');
INSERT INTO work_order (contractor, PropertyId, JobTitle, JobDescription, Material1Cost, isWorkDone, user) VALUES ('Roof Masters', 3, 'Clean Carpets', 'Routine maintenance task.', '340', 'Yes', 'admin');
INSERT INTO work_order (contractor, PropertyId, JobTitle, JobDescription, Material1Cost, isWorkDone, user) VALUES ('Bobs Plumbing', 23, 'Paint Walls', 'Routine maintenance task.', '159', 'Yes', 'admin');
INSERT INTO work_order (contractor, PropertyId, JobTitle, JobDescription, Material1Cost, isWorkDone, user) VALUES ('Ace Electrical', 1, 'Repair HVAC', 'Routine maintenance task.', '209', 'No', 'admin');
INSERT INTO work_order (contractor, PropertyId, JobTitle, JobDescription, Material1Cost, isWorkDone, user) VALUES ('Pro Cleaners', 38, 'Fix Leaking Pipe', 'Routine maintenance task.', '488', 'Yes', 'admin');
INSERT INTO work_order (contractor, PropertyId, JobTitle, JobDescription, Material1Cost, isWorkDone, user) VALUES ('Speedy Maintenance', 5, 'Repair HVAC', 'Routine maintenance task.', '300', 'Yes', 'admin');
INSERT INTO work_order (contractor, PropertyId, JobTitle, JobDescription, Material1Cost, isWorkDone, user) VALUES ('Speedy Maintenance', 5, 'Clean Carpets', 'Routine maintenance task.', '161', 'Yes', 'admin');
INSERT INTO work_order (contractor, PropertyId, JobTitle, JobDescription, Material1Cost, isWorkDone, user) VALUES ('Ace Electrical', 27, 'Repair HVAC', 'Routine maintenance task.', '424', 'Yes', 'admin');
INSERT INTO work_order (contractor, PropertyId, JobTitle, JobDescription, Material1Cost, isWorkDone, user) VALUES ('Pro Cleaners', 17, 'Paint Walls', 'Routine maintenance task.', '139', 'No', 'admin');
INSERT INTO work_order (contractor, PropertyId, JobTitle, JobDescription, Material1Cost, isWorkDone, user) VALUES ('Roof Masters', 44, 'Clean Carpets', 'Routine maintenance task.', '241', 'No', 'admin');
INSERT INTO work_order (contractor, PropertyId, JobTitle, JobDescription, Material1Cost, isWorkDone, user) VALUES ('Roof Masters', 2, 'Fix Broken Window', 'Routine maintenance task.', '416', 'No', 'admin');
INSERT INTO work_order (contractor, PropertyId, JobTitle, JobDescription, Material1Cost, isWorkDone, user) VALUES ('Pro Cleaners', 7, 'Fix Leaking Pipe', 'Routine maintenance task.', '67', 'Yes', 'admin');
INSERT INTO work_order (contractor, PropertyId, JobTitle, JobDescription, Material1Cost, isWorkDone, user) VALUES ('Ace Electrical', 37, 'Fix Broken Window', 'Routine maintenance task.', '278', 'No', 'admin');
INSERT INTO work_order (contractor, PropertyId, JobTitle, JobDescription, Material1Cost, isWorkDone, user) VALUES ('Pro Cleaners', 10, 'Fix Broken Window', 'Routine maintenance task.', '288', 'Yes', 'admin');
INSERT INTO p_maintenance_log (contractor, PropertyId, UnitName, Category, MaintenanceTitle, Description, when_done, user) VALUES ('Speedy Maintenance', 12, '4', 'General', 'Paint Walls', 'Completed maintenance task.', '2026-05-01', 'admin');
INSERT INTO p_maintenance_log (contractor, PropertyId, UnitName, Category, MaintenanceTitle, Description, when_done, user) VALUES ('Ace Electrical', 1, '4', 'HVAC', 'Replace Light Fixture', 'Completed maintenance task.', '2026-05-01', 'admin');
INSERT INTO p_maintenance_log (contractor, PropertyId, UnitName, Category, MaintenanceTitle, Description, when_done, user) VALUES ('Ace Electrical', 6, '4', 'Plumbing', 'Paint Walls', 'Completed maintenance task.', '2026-05-01', 'admin');
INSERT INTO p_maintenance_log (contractor, PropertyId, UnitName, Category, MaintenanceTitle, Description, when_done, user) VALUES ('Speedy Maintenance', 20, '7', 'HVAC', 'Paint Walls', 'Completed maintenance task.', '2026-05-01', 'admin');
INSERT INTO p_maintenance_log (contractor, PropertyId, UnitName, Category, MaintenanceTitle, Description, when_done, user) VALUES ('Speedy Maintenance', 13, '2', 'HVAC', 'Fix Broken Window', 'Completed maintenance task.', '2026-05-01', 'admin');
INSERT INTO p_maintenance_log (contractor, PropertyId, UnitName, Category, MaintenanceTitle, Description, when_done, user) VALUES ('Roof Masters', 22, '9', 'HVAC', 'Clean Carpets', 'Completed maintenance task.', '2026-05-01', 'admin');
INSERT INTO p_maintenance_log (contractor, PropertyId, UnitName, Category, MaintenanceTitle, Description, when_done, user) VALUES ('Pro Cleaners', 42, '1', 'HVAC', 'Clean Carpets', 'Completed maintenance task.', '2026-05-01', 'admin');
INSERT INTO p_maintenance_log (contractor, PropertyId, UnitName, Category, MaintenanceTitle, Description, when_done, user) VALUES ('Pro Cleaners', 10, '3', 'Plumbing', 'Replace Light Fixture', 'Completed maintenance task.', '2026-05-01', 'admin');
INSERT INTO p_maintenance_log (contractor, PropertyId, UnitName, Category, MaintenanceTitle, Description, when_done, user) VALUES ('Roof Masters', 32, '1', 'Electrical', 'Repair HVAC', 'Completed maintenance task.', '2026-05-01', 'admin');
INSERT INTO p_maintenance_log (contractor, PropertyId, UnitName, Category, MaintenanceTitle, Description, when_done, user) VALUES ('Ace Electrical', 6, '3', 'HVAC', 'Repair HVAC', 'Completed maintenance task.', '2026-05-01', 'admin');
INSERT INTO p_maintenance_log (contractor, PropertyId, UnitName, Category, MaintenanceTitle, Description, when_done, user) VALUES ('Speedy Maintenance', 19, '5', 'General', 'Repair HVAC', 'Completed maintenance task.', '2026-05-01', 'admin');
INSERT INTO p_maintenance_log (contractor, PropertyId, UnitName, Category, MaintenanceTitle, Description, when_done, user) VALUES ('Bobs Plumbing', 26, '10', 'HVAC', 'Fix Leaking Pipe', 'Completed maintenance task.', '2026-05-01', 'admin');
INSERT INTO p_maintenance_log (contractor, PropertyId, UnitName, Category, MaintenanceTitle, Description, when_done, user) VALUES ('Pro Cleaners', 6, '1', 'Plumbing', 'Fix Leaking Pipe', 'Completed maintenance task.', '2026-05-01', 'admin');
INSERT INTO p_maintenance_log (contractor, PropertyId, UnitName, Category, MaintenanceTitle, Description, when_done, user) VALUES ('Pro Cleaners', 32, '1', 'Electrical', 'Paint Walls', 'Completed maintenance task.', '2026-05-01', 'admin');
INSERT INTO p_maintenance_log (contractor, PropertyId, UnitName, Category, MaintenanceTitle, Description, when_done, user) VALUES ('Pro Cleaners', 29, '9', 'Plumbing', 'Repair HVAC', 'Completed maintenance task.', '2026-05-01', 'admin');
INSERT INTO p_maintenance_log (contractor, PropertyId, UnitName, Category, MaintenanceTitle, Description, when_done, user) VALUES ('Speedy Maintenance', 42, '3', 'Plumbing', 'Repair HVAC', 'Completed maintenance task.', '2026-05-01', 'admin');
INSERT INTO p_maintenance_log (contractor, PropertyId, UnitName, Category, MaintenanceTitle, Description, when_done, user) VALUES ('Pro Cleaners', 20, '1', 'Electrical', 'Fix Leaking Pipe', 'Completed maintenance task.', '2026-05-01', 'admin');
INSERT INTO p_maintenance_log (contractor, PropertyId, UnitName, Category, MaintenanceTitle, Description, when_done, user) VALUES ('Speedy Maintenance', 18, '7', 'Plumbing', 'Clean Carpets', 'Completed maintenance task.', '2026-05-01', 'admin');
INSERT INTO p_maintenance_log (contractor, PropertyId, UnitName, Category, MaintenanceTitle, Description, when_done, user) VALUES ('Ace Electrical', 12, '5', 'Plumbing', 'Clean Carpets', 'Completed maintenance task.', '2026-05-01', 'admin');
INSERT INTO p_maintenance_log (contractor, PropertyId, UnitName, Category, MaintenanceTitle, Description, when_done, user) VALUES ('Ace Electrical', 7, '1', 'HVAC', 'Repair HVAC', 'Completed maintenance task.', '2026-05-01', 'admin');
INSERT INTO p_maintenance_log (contractor, PropertyId, UnitName, Category, MaintenanceTitle, Description, when_done, user) VALUES ('Speedy Maintenance', 27, '8', 'HVAC', 'Clean Carpets', 'Completed maintenance task.', '2026-05-01', 'admin');
INSERT INTO p_maintenance_log (contractor, PropertyId, UnitName, Category, MaintenanceTitle, Description, when_done, user) VALUES ('Bobs Plumbing', 1, '2', 'Plumbing', 'Clean Carpets', 'Completed maintenance task.', '2026-05-01', 'admin');
INSERT INTO p_maintenance_log (contractor, PropertyId, UnitName, Category, MaintenanceTitle, Description, when_done, user) VALUES ('Pro Cleaners', 18, '2', 'Plumbing', 'Fix Leaking Pipe', 'Completed maintenance task.', '2026-05-01', 'admin');
INSERT INTO p_maintenance_log (contractor, PropertyId, UnitName, Category, MaintenanceTitle, Description, when_done, user) VALUES ('Pro Cleaners', 24, '2', 'Plumbing', 'Clean Carpets', 'Completed maintenance task.', '2026-05-01', 'admin');
INSERT INTO p_maintenance_log (contractor, PropertyId, UnitName, Category, MaintenanceTitle, Description, when_done, user) VALUES ('Speedy Maintenance', 27, '6', 'HVAC', 'Paint Walls', 'Completed maintenance task.', '2026-05-01', 'admin');
INSERT INTO p_maintenance_log (contractor, PropertyId, UnitName, Category, MaintenanceTitle, Description, when_done, user) VALUES ('Pro Cleaners', 50, '7', 'HVAC', 'Paint Walls', 'Completed maintenance task.', '2026-05-01', 'admin');
INSERT INTO p_maintenance_log (contractor, PropertyId, UnitName, Category, MaintenanceTitle, Description, when_done, user) VALUES ('Speedy Maintenance', 37, '9', 'Plumbing', 'Paint Walls', 'Completed maintenance task.', '2026-05-01', 'admin');
INSERT INTO p_maintenance_log (contractor, PropertyId, UnitName, Category, MaintenanceTitle, Description, when_done, user) VALUES ('Pro Cleaners', 19, '10', 'HVAC', 'Clean Carpets', 'Completed maintenance task.', '2026-05-01', 'admin');
INSERT INTO p_maintenance_log (contractor, PropertyId, UnitName, Category, MaintenanceTitle, Description, when_done, user) VALUES ('Roof Masters', 25, '7', 'General', 'Repair HVAC', 'Completed maintenance task.', '2026-05-01', 'admin');
INSERT INTO p_maintenance_log (contractor, PropertyId, UnitName, Category, MaintenanceTitle, Description, when_done, user) VALUES ('Roof Masters', 27, '7', 'Plumbing', 'Clean Carpets', 'Completed maintenance task.', '2026-05-01', 'admin');
INSERT INTO p_maintenance_log (contractor, PropertyId, UnitName, Category, MaintenanceTitle, Description, when_done, user) VALUES ('Roof Masters', 5, '5', 'General', 'Replace Light Fixture', 'Completed maintenance task.', '2026-05-01', 'admin');
INSERT INTO p_maintenance_log (contractor, PropertyId, UnitName, Category, MaintenanceTitle, Description, when_done, user) VALUES ('Roof Masters', 28, '5', 'Plumbing', 'Repair HVAC', 'Completed maintenance task.', '2026-05-01', 'admin');
INSERT INTO p_maintenance_log (contractor, PropertyId, UnitName, Category, MaintenanceTitle, Description, when_done, user) VALUES ('Bobs Plumbing', 16, '5', 'Electrical', 'Fix Broken Window', 'Completed maintenance task.', '2026-05-01', 'admin');
INSERT INTO p_maintenance_log (contractor, PropertyId, UnitName, Category, MaintenanceTitle, Description, when_done, user) VALUES ('Pro Cleaners', 1, '1', 'Plumbing', 'Repair HVAC', 'Completed maintenance task.', '2026-05-01', 'admin');
INSERT INTO p_maintenance_log (contractor, PropertyId, UnitName, Category, MaintenanceTitle, Description, when_done, user) VALUES ('Ace Electrical', 46, '5', 'General', 'Replace Light Fixture', 'Completed maintenance task.', '2026-05-01', 'admin');
INSERT INTO p_maintenance_log (contractor, PropertyId, UnitName, Category, MaintenanceTitle, Description, when_done, user) VALUES ('Roof Masters', 4, '9', 'Electrical', 'Clean Carpets', 'Completed maintenance task.', '2026-05-01', 'admin');
INSERT INTO p_maintenance_log (contractor, PropertyId, UnitName, Category, MaintenanceTitle, Description, when_done, user) VALUES ('Pro Cleaners', 35, '1', 'Plumbing', 'Paint Walls', 'Completed maintenance task.', '2026-05-01', 'admin');
INSERT INTO p_maintenance_log (contractor, PropertyId, UnitName, Category, MaintenanceTitle, Description, when_done, user) VALUES ('Pro Cleaners', 13, '9', 'General', 'Replace Light Fixture', 'Completed maintenance task.', '2026-05-01', 'admin');
INSERT INTO p_maintenance_log (contractor, PropertyId, UnitName, Category, MaintenanceTitle, Description, when_done, user) VALUES ('Roof Masters', 13, '1', 'General', 'Clean Carpets', 'Completed maintenance task.', '2026-05-01', 'admin');
INSERT INTO p_maintenance_log (contractor, PropertyId, UnitName, Category, MaintenanceTitle, Description, when_done, user) VALUES ('Speedy Maintenance', 37, '9', 'Electrical', 'Clean Carpets', 'Completed maintenance task.', '2026-05-01', 'admin');
INSERT INTO p_maintenance_log (contractor, PropertyId, UnitName, Category, MaintenanceTitle, Description, when_done, user) VALUES ('Pro Cleaners', 49, '3', 'General', 'Clean Carpets', 'Completed maintenance task.', '2026-05-01', 'admin');
INSERT INTO p_maintenance_log (contractor, PropertyId, UnitName, Category, MaintenanceTitle, Description, when_done, user) VALUES ('Bobs Plumbing', 12, '5', 'General', 'Replace Light Fixture', 'Completed maintenance task.', '2026-05-01', 'admin');
INSERT INTO p_maintenance_log (contractor, PropertyId, UnitName, Category, MaintenanceTitle, Description, when_done, user) VALUES ('Bobs Plumbing', 4, '10', 'Plumbing', 'Paint Walls', 'Completed maintenance task.', '2026-05-01', 'admin');
INSERT INTO p_maintenance_log (contractor, PropertyId, UnitName, Category, MaintenanceTitle, Description, when_done, user) VALUES ('Roof Masters', 24, '3', 'Plumbing', 'Paint Walls', 'Completed maintenance task.', '2026-05-01', 'admin');
INSERT INTO p_maintenance_log (contractor, PropertyId, UnitName, Category, MaintenanceTitle, Description, when_done, user) VALUES ('Roof Masters', 15, '6', 'HVAC', 'Clean Carpets', 'Completed maintenance task.', '2026-05-01', 'admin');
INSERT INTO p_maintenance_log (contractor, PropertyId, UnitName, Category, MaintenanceTitle, Description, when_done, user) VALUES ('Ace Electrical', 29, '9', 'Plumbing', 'Clean Carpets', 'Completed maintenance task.', '2026-05-01', 'admin');
INSERT INTO p_maintenance_log (contractor, PropertyId, UnitName, Category, MaintenanceTitle, Description, when_done, user) VALUES ('Bobs Plumbing', 30, '3', 'General', 'Fix Leaking Pipe', 'Completed maintenance task.', '2026-05-01', 'admin');
INSERT INTO p_maintenance_log (contractor, PropertyId, UnitName, Category, MaintenanceTitle, Description, when_done, user) VALUES ('Pro Cleaners', 15, '4', 'General', 'Paint Walls', 'Completed maintenance task.', '2026-05-01', 'admin');
INSERT INTO p_maintenance_log (contractor, PropertyId, UnitName, Category, MaintenanceTitle, Description, when_done, user) VALUES ('Ace Electrical', 35, '1', 'General', 'Fix Broken Window', 'Completed maintenance task.', '2026-05-01', 'admin');
INSERT INTO p_maintenance_log (contractor, PropertyId, UnitName, Category, MaintenanceTitle, Description, when_done, user) VALUES ('Pro Cleaners', 32, '5', 'General', 'Clean Carpets', 'Completed maintenance task.', '2026-05-01', 'admin');
INSERT INTO p_maintenance_log (contractor, PropertyId, UnitName, Category, MaintenanceTitle, Description, when_done, user) VALUES ('Bobs Plumbing', 21, '3', 'General', 'Clean Carpets', 'Completed maintenance task.', '2026-05-01', 'admin');
INSERT INTO p_maintenance_log (contractor, PropertyId, UnitName, Category, MaintenanceTitle, Description, when_done, user) VALUES ('Bobs Plumbing', 43, '9', 'HVAC', 'Fix Broken Window', 'Completed maintenance task.', '2026-05-01', 'admin');
INSERT INTO p_maintenance_log (contractor, PropertyId, UnitName, Category, MaintenanceTitle, Description, when_done, user) VALUES ('Bobs Plumbing', 38, '8', 'Electrical', 'Fix Leaking Pipe', 'Completed maintenance task.', '2026-05-01', 'admin');
INSERT INTO p_maintenance_log (contractor, PropertyId, UnitName, Category, MaintenanceTitle, Description, when_done, user) VALUES ('Roof Masters', 41, '8', 'HVAC', 'Paint Walls', 'Completed maintenance task.', '2026-05-01', 'admin');
INSERT INTO p_maintenance_log (contractor, PropertyId, UnitName, Category, MaintenanceTitle, Description, when_done, user) VALUES ('Ace Electrical', 36, '4', 'Plumbing', 'Replace Light Fixture', 'Completed maintenance task.', '2026-05-01', 'admin');
INSERT INTO p_maintenance_log (contractor, PropertyId, UnitName, Category, MaintenanceTitle, Description, when_done, user) VALUES ('Speedy Maintenance', 25, '2', 'Electrical', 'Fix Leaking Pipe', 'Completed maintenance task.', '2026-05-01', 'admin');
INSERT INTO p_maintenance_log (contractor, PropertyId, UnitName, Category, MaintenanceTitle, Description, when_done, user) VALUES ('Pro Cleaners', 17, '6', 'Plumbing', 'Clean Carpets', 'Completed maintenance task.', '2026-05-01', 'admin');
INSERT INTO p_maintenance_log (contractor, PropertyId, UnitName, Category, MaintenanceTitle, Description, when_done, user) VALUES ('Speedy Maintenance', 4, '3', 'Plumbing', 'Fix Broken Window', 'Completed maintenance task.', '2026-05-01', 'admin');
INSERT INTO p_maintenance_log (contractor, PropertyId, UnitName, Category, MaintenanceTitle, Description, when_done, user) VALUES ('Roof Masters', 29, '1', 'Electrical', 'Fix Broken Window', 'Completed maintenance task.', '2026-05-01', 'admin');
INSERT INTO p_maintenance_log (contractor, PropertyId, UnitName, Category, MaintenanceTitle, Description, when_done, user) VALUES ('Ace Electrical', 43, '1', 'Plumbing', 'Replace Light Fixture', 'Completed maintenance task.', '2026-05-01', 'admin');
INSERT INTO p_maintenance_log (contractor, PropertyId, UnitName, Category, MaintenanceTitle, Description, when_done, user) VALUES ('Bobs Plumbing', 40, '5', 'HVAC', 'Fix Leaking Pipe', 'Completed maintenance task.', '2026-05-01', 'admin');
INSERT INTO p_maintenance_log (contractor, PropertyId, UnitName, Category, MaintenanceTitle, Description, when_done, user) VALUES ('Bobs Plumbing', 30, '7', 'Plumbing', 'Replace Light Fixture', 'Completed maintenance task.', '2026-05-01', 'admin');
INSERT INTO p_maintenance_log (contractor, PropertyId, UnitName, Category, MaintenanceTitle, Description, when_done, user) VALUES ('Roof Masters', 9, '1', 'Electrical', 'Fix Leaking Pipe', 'Completed maintenance task.', '2026-05-01', 'admin');
INSERT INTO p_maintenance_log (contractor, PropertyId, UnitName, Category, MaintenanceTitle, Description, when_done, user) VALUES ('Speedy Maintenance', 45, '4', 'Plumbing', 'Repair HVAC', 'Completed maintenance task.', '2026-05-01', 'admin');
INSERT INTO p_maintenance_log (contractor, PropertyId, UnitName, Category, MaintenanceTitle, Description, when_done, user) VALUES ('Pro Cleaners', 32, '4', 'General', 'Paint Walls', 'Completed maintenance task.', '2026-05-01', 'admin');
INSERT INTO p_maintenance_log (contractor, PropertyId, UnitName, Category, MaintenanceTitle, Description, when_done, user) VALUES ('Ace Electrical', 15, '8', 'HVAC', 'Fix Broken Window', 'Completed maintenance task.', '2026-05-01', 'admin');
INSERT INTO p_maintenance_log (contractor, PropertyId, UnitName, Category, MaintenanceTitle, Description, when_done, user) VALUES ('Bobs Plumbing', 50, '10', 'Plumbing', 'Replace Light Fixture', 'Completed maintenance task.', '2026-05-01', 'admin');
INSERT INTO p_maintenance_log (contractor, PropertyId, UnitName, Category, MaintenanceTitle, Description, when_done, user) VALUES ('Roof Masters', 8, '1', 'HVAC', 'Fix Broken Window', 'Completed maintenance task.', '2026-05-01', 'admin');
INSERT INTO p_maintenance_log (contractor, PropertyId, UnitName, Category, MaintenanceTitle, Description, when_done, user) VALUES ('Ace Electrical', 27, '8', 'General', 'Fix Broken Window', 'Completed maintenance task.', '2026-05-01', 'admin');
INSERT INTO p_maintenance_log (contractor, PropertyId, UnitName, Category, MaintenanceTitle, Description, when_done, user) VALUES ('Speedy Maintenance', 6, '10', 'HVAC', 'Paint Walls', 'Completed maintenance task.', '2026-05-01', 'admin');
INSERT INTO p_maintenance_log (contractor, PropertyId, UnitName, Category, MaintenanceTitle, Description, when_done, user) VALUES ('Ace Electrical', 49, '7', 'Electrical', 'Repair HVAC', 'Completed maintenance task.', '2026-05-01', 'admin');
INSERT INTO p_maintenance_log (contractor, PropertyId, UnitName, Category, MaintenanceTitle, Description, when_done, user) VALUES ('Speedy Maintenance', 4, '8', 'Plumbing', 'Fix Broken Window', 'Completed maintenance task.', '2026-05-01', 'admin');
INSERT INTO p_maintenance_log (contractor, PropertyId, UnitName, Category, MaintenanceTitle, Description, when_done, user) VALUES ('Roof Masters', 21, '3', 'Electrical', 'Fix Broken Window', 'Completed maintenance task.', '2026-05-01', 'admin');
INSERT INTO p_maintenance_log (contractor, PropertyId, UnitName, Category, MaintenanceTitle, Description, when_done, user) VALUES ('Pro Cleaners', 46, '3', 'General', 'Fix Broken Window', 'Completed maintenance task.', '2026-05-01', 'admin');
INSERT INTO p_maintenance_log (contractor, PropertyId, UnitName, Category, MaintenanceTitle, Description, when_done, user) VALUES ('Speedy Maintenance', 35, '10', 'General', 'Fix Leaking Pipe', 'Completed maintenance task.', '2026-05-01', 'admin');
INSERT INTO p_maintenance_log (contractor, PropertyId, UnitName, Category, MaintenanceTitle, Description, when_done, user) VALUES ('Ace Electrical', 16, '3', 'HVAC', 'Repair HVAC', 'Completed maintenance task.', '2026-05-01', 'admin');
INSERT INTO p_maintenance_log (contractor, PropertyId, UnitName, Category, MaintenanceTitle, Description, when_done, user) VALUES ('Roof Masters', 37, '4', 'HVAC', 'Paint Walls', 'Completed maintenance task.', '2026-05-01', 'admin');
INSERT INTO p_maintenance_log (contractor, PropertyId, UnitName, Category, MaintenanceTitle, Description, when_done, user) VALUES ('Pro Cleaners', 17, '5', 'General', 'Replace Light Fixture', 'Completed maintenance task.', '2026-05-01', 'admin');
INSERT INTO p_maintenance_log (contractor, PropertyId, UnitName, Category, MaintenanceTitle, Description, when_done, user) VALUES ('Ace Electrical', 48, '6', 'Electrical', 'Fix Broken Window', 'Completed maintenance task.', '2026-05-01', 'admin');
INSERT INTO p_maintenance_log (contractor, PropertyId, UnitName, Category, MaintenanceTitle, Description, when_done, user) VALUES ('Speedy Maintenance', 39, '6', 'Plumbing', 'Fix Leaking Pipe', 'Completed maintenance task.', '2026-05-01', 'admin');
INSERT INTO p_maintenance_log (contractor, PropertyId, UnitName, Category, MaintenanceTitle, Description, when_done, user) VALUES ('Bobs Plumbing', 46, '7', 'Plumbing', 'Replace Light Fixture', 'Completed maintenance task.', '2026-05-01', 'admin');
INSERT INTO p_maintenance_log (contractor, PropertyId, UnitName, Category, MaintenanceTitle, Description, when_done, user) VALUES ('Pro Cleaners', 26, '1', 'Electrical', 'Paint Walls', 'Completed maintenance task.', '2026-05-01', 'admin');
INSERT INTO p_maintenance_log (contractor, PropertyId, UnitName, Category, MaintenanceTitle, Description, when_done, user) VALUES ('Bobs Plumbing', 28, '1', 'General', 'Replace Light Fixture', 'Completed maintenance task.', '2026-05-01', 'admin');
INSERT INTO p_maintenance_log (contractor, PropertyId, UnitName, Category, MaintenanceTitle, Description, when_done, user) VALUES ('Speedy Maintenance', 41, '8', 'Plumbing', 'Fix Leaking Pipe', 'Completed maintenance task.', '2026-05-01', 'admin');
INSERT INTO p_maintenance_log (contractor, PropertyId, UnitName, Category, MaintenanceTitle, Description, when_done, user) VALUES ('Roof Masters', 40, '1', 'HVAC', 'Repair HVAC', 'Completed maintenance task.', '2026-05-01', 'admin');
INSERT INTO p_maintenance_log (contractor, PropertyId, UnitName, Category, MaintenanceTitle, Description, when_done, user) VALUES ('Ace Electrical', 4, '4', 'Plumbing', 'Replace Light Fixture', 'Completed maintenance task.', '2026-05-01', 'admin');
INSERT INTO p_maintenance_log (contractor, PropertyId, UnitName, Category, MaintenanceTitle, Description, when_done, user) VALUES ('Roof Masters', 42, '2', 'Electrical', 'Replace Light Fixture', 'Completed maintenance task.', '2026-05-01', 'admin');
INSERT INTO p_maintenance_log (contractor, PropertyId, UnitName, Category, MaintenanceTitle, Description, when_done, user) VALUES ('Bobs Plumbing', 2, '6', 'HVAC', 'Paint Walls', 'Completed maintenance task.', '2026-05-01', 'admin');
INSERT INTO p_maintenance_log (contractor, PropertyId, UnitName, Category, MaintenanceTitle, Description, when_done, user) VALUES ('Pro Cleaners', 8, '10', 'General', 'Paint Walls', 'Completed maintenance task.', '2026-05-01', 'admin');
INSERT INTO p_maintenance_log (contractor, PropertyId, UnitName, Category, MaintenanceTitle, Description, when_done, user) VALUES ('Bobs Plumbing', 34, '4', 'General', 'Paint Walls', 'Completed maintenance task.', '2026-05-01', 'admin');
INSERT INTO p_maintenance_log (contractor, PropertyId, UnitName, Category, MaintenanceTitle, Description, when_done, user) VALUES ('Speedy Maintenance', 21, '9', 'Electrical', 'Clean Carpets', 'Completed maintenance task.', '2026-05-01', 'admin');
INSERT INTO p_maintenance_log (contractor, PropertyId, UnitName, Category, MaintenanceTitle, Description, when_done, user) VALUES ('Ace Electrical', 44, '9', 'Electrical', 'Replace Light Fixture', 'Completed maintenance task.', '2026-05-01', 'admin');
INSERT INTO p_maintenance_log (contractor, PropertyId, UnitName, Category, MaintenanceTitle, Description, when_done, user) VALUES ('Roof Masters', 35, '10', 'General', 'Repair HVAC', 'Completed maintenance task.', '2026-05-01', 'admin');
INSERT INTO p_maintenance_log (contractor, PropertyId, UnitName, Category, MaintenanceTitle, Description, when_done, user) VALUES ('Bobs Plumbing', 9, '9', 'HVAC', 'Paint Walls', 'Completed maintenance task.', '2026-05-01', 'admin');
INSERT INTO p_maintenance_log (contractor, PropertyId, UnitName, Category, MaintenanceTitle, Description, when_done, user) VALUES ('Pro Cleaners', 48, '8', 'Electrical', 'Paint Walls', 'Completed maintenance task.', '2026-05-01', 'admin');
INSERT INTO p_maintenance_log (contractor, PropertyId, UnitName, Category, MaintenanceTitle, Description, when_done, user) VALUES ('Roof Masters', 28, '7', 'Plumbing', 'Fix Broken Window', 'Completed maintenance task.', '2026-05-01', 'admin');
INSERT INTO p_maintenance_log (contractor, PropertyId, UnitName, Category, MaintenanceTitle, Description, when_done, user) VALUES ('Bobs Plumbing', 41, '9', 'HVAC', 'Paint Walls', 'Completed maintenance task.', '2026-05-01', 'admin');
INSERT INTO p_maintenance_log (contractor, PropertyId, UnitName, Category, MaintenanceTitle, Description, when_done, user) VALUES ('Bobs Plumbing', 5, '5', 'Electrical', 'Fix Broken Window', 'Completed maintenance task.', '2026-05-01', 'admin');
INSERT INTO p_maintenance_log (contractor, PropertyId, UnitName, Category, MaintenanceTitle, Description, when_done, user) VALUES ('Speedy Maintenance', 48, '7', 'HVAC', 'Replace Light Fixture', 'Completed maintenance task.', '2026-05-01', 'admin');
INSERT INTO p_maintenance_log (contractor, PropertyId, UnitName, Category, MaintenanceTitle, Description, when_done, user) VALUES ('Roof Masters', 41, '10', 'HVAC', 'Clean Carpets', 'Completed maintenance task.', '2026-05-01', 'admin');
INSERT INTO p_maintenance_log (contractor, PropertyId, UnitName, Category, MaintenanceTitle, Description, when_done, user) VALUES ('Speedy Maintenance', 43, '5', 'Electrical', 'Replace Light Fixture', 'Completed maintenance task.', '2026-05-01', 'admin');
INSERT INTO p_maintenance_log (contractor, PropertyId, UnitName, Category, MaintenanceTitle, Description, when_done, user) VALUES ('Speedy Maintenance', 39, '4', 'General', 'Fix Leaking Pipe', 'Completed maintenance task.', '2026-05-01', 'admin');
INSERT INTO p_maintenance_log (contractor, PropertyId, UnitName, Category, MaintenanceTitle, Description, when_done, user) VALUES ('Bobs Plumbing', 26, '2', 'HVAC', 'Clean Carpets', 'Completed maintenance task.', '2026-05-01', 'admin');
INSERT INTO p_maintenance_log (contractor, PropertyId, UnitName, Category, MaintenanceTitle, Description, when_done, user) VALUES ('Ace Electrical', 50, '8', 'Plumbing', 'Paint Walls', 'Completed maintenance task.', '2026-05-01', 'admin');
INSERT INTO p_maintenance_log (contractor, PropertyId, UnitName, Category, MaintenanceTitle, Description, when_done, user) VALUES ('Speedy Maintenance', 35, '6', 'Electrical', 'Repair HVAC', 'Completed maintenance task.', '2026-05-01', 'admin');
INSERT INTO p_maintenance_log (contractor, PropertyId, UnitName, Category, MaintenanceTitle, Description, when_done, user) VALUES ('Speedy Maintenance', 17, '8', 'HVAC', 'Repair HVAC', 'Completed maintenance task.', '2026-05-01', 'admin');
INSERT INTO p_maintenance_log (contractor, PropertyId, UnitName, Category, MaintenanceTitle, Description, when_done, user) VALUES ('Speedy Maintenance', 41, '10', 'Plumbing', 'Clean Carpets', 'Completed maintenance task.', '2026-05-01', 'admin');
INSERT INTO p_maintenance_log (contractor, PropertyId, UnitName, Category, MaintenanceTitle, Description, when_done, user) VALUES ('Ace Electrical', 22, '6', 'Electrical', 'Paint Walls', 'Completed maintenance task.', '2026-05-01', 'admin');
INSERT INTO p_maintenance_log (contractor, PropertyId, UnitName, Category, MaintenanceTitle, Description, when_done, user) VALUES ('Pro Cleaners', 8, '1', 'General', 'Fix Leaking Pipe', 'Completed maintenance task.', '2026-05-01', 'admin');
INSERT INTO p_maintenance_log (contractor, PropertyId, UnitName, Category, MaintenanceTitle, Description, when_done, user) VALUES ('Roof Masters', 12, '4', 'Plumbing', 'Fix Broken Window', 'Completed maintenance task.', '2026-05-01', 'admin');
INSERT INTO p_maintenance_log (contractor, PropertyId, UnitName, Category, MaintenanceTitle, Description, when_done, user) VALUES ('Roof Masters', 48, '8', 'Electrical', 'Fix Broken Window', 'Completed maintenance task.', '2026-05-01', 'admin');
INSERT INTO p_maintenance_log (contractor, PropertyId, UnitName, Category, MaintenanceTitle, Description, when_done, user) VALUES ('Ace Electrical', 47, '4', 'HVAC', 'Fix Broken Window', 'Completed maintenance task.', '2026-05-01', 'admin');
INSERT INTO p_maintenance_log (contractor, PropertyId, UnitName, Category, MaintenanceTitle, Description, when_done, user) VALUES ('Bobs Plumbing', 9, '2', 'General', 'Paint Walls', 'Completed maintenance task.', '2026-05-01', 'admin');
INSERT INTO p_maintenance_log (contractor, PropertyId, UnitName, Category, MaintenanceTitle, Description, when_done, user) VALUES ('Ace Electrical', 29, '3', 'HVAC', 'Replace Light Fixture', 'Completed maintenance task.', '2026-05-01', 'admin');
INSERT INTO p_maintenance_log (contractor, PropertyId, UnitName, Category, MaintenanceTitle, Description, when_done, user) VALUES ('Speedy Maintenance', 2, '8', 'General', 'Fix Leaking Pipe', 'Completed maintenance task.', '2026-05-01', 'admin');
INSERT INTO p_maintenance_log (contractor, PropertyId, UnitName, Category, MaintenanceTitle, Description, when_done, user) VALUES ('Speedy Maintenance', 34, '10', 'Plumbing', 'Replace Light Fixture', 'Completed maintenance task.', '2026-05-01', 'admin');
INSERT INTO p_maintenance_log (contractor, PropertyId, UnitName, Category, MaintenanceTitle, Description, when_done, user) VALUES ('Bobs Plumbing', 43, '4', 'HVAC', 'Paint Walls', 'Completed maintenance task.', '2026-05-01', 'admin');
INSERT INTO p_maintenance_log (contractor, PropertyId, UnitName, Category, MaintenanceTitle, Description, when_done, user) VALUES ('Pro Cleaners', 7, '5', 'HVAC', 'Fix Leaking Pipe', 'Completed maintenance task.', '2026-05-01', 'admin');
INSERT INTO p_maintenance_log (contractor, PropertyId, UnitName, Category, MaintenanceTitle, Description, when_done, user) VALUES ('Bobs Plumbing', 6, '9', 'Plumbing', 'Fix Leaking Pipe', 'Completed maintenance task.', '2026-05-01', 'admin');
INSERT INTO p_maintenance_log (contractor, PropertyId, UnitName, Category, MaintenanceTitle, Description, when_done, user) VALUES ('Roof Masters', 21, '3', 'HVAC', 'Fix Leaking Pipe', 'Completed maintenance task.', '2026-05-01', 'admin');
INSERT INTO p_maintenance_log (contractor, PropertyId, UnitName, Category, MaintenanceTitle, Description, when_done, user) VALUES ('Speedy Maintenance', 49, '1', 'HVAC', 'Clean Carpets', 'Completed maintenance task.', '2026-05-01', 'admin');
INSERT INTO p_maintenance_log (contractor, PropertyId, UnitName, Category, MaintenanceTitle, Description, when_done, user) VALUES ('Ace Electrical', 33, '3', 'General', 'Fix Leaking Pipe', 'Completed maintenance task.', '2026-05-01', 'admin');
INSERT INTO p_maintenance_log (contractor, PropertyId, UnitName, Category, MaintenanceTitle, Description, when_done, user) VALUES ('Pro Cleaners', 28, '3', 'Plumbing', 'Paint Walls', 'Completed maintenance task.', '2026-05-01', 'admin');
INSERT INTO p_maintenance_log (contractor, PropertyId, UnitName, Category, MaintenanceTitle, Description, when_done, user) VALUES ('Pro Cleaners', 4, '8', 'Plumbing', 'Fix Leaking Pipe', 'Completed maintenance task.', '2026-05-01', 'admin');
INSERT INTO p_maintenance_log (contractor, PropertyId, UnitName, Category, MaintenanceTitle, Description, when_done, user) VALUES ('Ace Electrical', 37, '5', 'General', 'Fix Broken Window', 'Completed maintenance task.', '2026-05-01', 'admin');
INSERT INTO p_maintenance_log (contractor, PropertyId, UnitName, Category, MaintenanceTitle, Description, when_done, user) VALUES ('Pro Cleaners', 49, '9', 'Electrical', 'Replace Light Fixture', 'Completed maintenance task.', '2026-05-01', 'admin');
INSERT INTO p_maintenance_log (contractor, PropertyId, UnitName, Category, MaintenanceTitle, Description, when_done, user) VALUES ('Ace Electrical', 49, '2', 'Plumbing', 'Fix Broken Window', 'Completed maintenance task.', '2026-05-01', 'admin');
INSERT INTO p_maintenance_log (contractor, PropertyId, UnitName, Category, MaintenanceTitle, Description, when_done, user) VALUES ('Pro Cleaners', 39, '5', 'HVAC', 'Fix Leaking Pipe', 'Completed maintenance task.', '2026-05-01', 'admin');
INSERT INTO p_maintenance_log (contractor, PropertyId, UnitName, Category, MaintenanceTitle, Description, when_done, user) VALUES ('Pro Cleaners', 41, '9', 'Electrical', 'Clean Carpets', 'Completed maintenance task.', '2026-05-01', 'admin');
INSERT INTO p_maintenance_log (contractor, PropertyId, UnitName, Category, MaintenanceTitle, Description, when_done, user) VALUES ('Ace Electrical', 7, '9', 'HVAC', 'Paint Walls', 'Completed maintenance task.', '2026-05-01', 'admin');
INSERT INTO p_maintenance_log (contractor, PropertyId, UnitName, Category, MaintenanceTitle, Description, when_done, user) VALUES ('Ace Electrical', 4, '3', 'General', 'Fix Broken Window', 'Completed maintenance task.', '2026-05-01', 'admin');
INSERT INTO p_maintenance_log (contractor, PropertyId, UnitName, Category, MaintenanceTitle, Description, when_done, user) VALUES ('Bobs Plumbing', 32, '1', 'Electrical', 'Fix Leaking Pipe', 'Completed maintenance task.', '2026-05-01', 'admin');
INSERT INTO p_maintenance_log (contractor, PropertyId, UnitName, Category, MaintenanceTitle, Description, when_done, user) VALUES ('Roof Masters', 41, '2', 'General', 'Repair HVAC', 'Completed maintenance task.', '2026-05-01', 'admin');
INSERT INTO p_maintenance_log (contractor, PropertyId, UnitName, Category, MaintenanceTitle, Description, when_done, user) VALUES ('Ace Electrical', 17, '2', 'HVAC', 'Fix Leaking Pipe', 'Completed maintenance task.', '2026-05-01', 'admin');
INSERT INTO p_maintenance_log (contractor, PropertyId, UnitName, Category, MaintenanceTitle, Description, when_done, user) VALUES ('Ace Electrical', 45, '4', 'Plumbing', 'Fix Broken Window', 'Completed maintenance task.', '2026-05-01', 'admin');
INSERT INTO p_maintenance_log (contractor, PropertyId, UnitName, Category, MaintenanceTitle, Description, when_done, user) VALUES ('Speedy Maintenance', 48, '1', 'Plumbing', 'Paint Walls', 'Completed maintenance task.', '2026-05-01', 'admin');
INSERT INTO p_maintenance_log (contractor, PropertyId, UnitName, Category, MaintenanceTitle, Description, when_done, user) VALUES ('Pro Cleaners', 11, '6', 'Electrical', 'Clean Carpets', 'Completed maintenance task.', '2026-05-01', 'admin');
INSERT INTO p_maintenance_log (contractor, PropertyId, UnitName, Category, MaintenanceTitle, Description, when_done, user) VALUES ('Ace Electrical', 16, '7', 'Electrical', 'Fix Leaking Pipe', 'Completed maintenance task.', '2026-05-01', 'admin');
INSERT INTO p_maintenance_log (contractor, PropertyId, UnitName, Category, MaintenanceTitle, Description, when_done, user) VALUES ('Ace Electrical', 50, '1', 'HVAC', 'Paint Walls', 'Completed maintenance task.', '2026-05-01', 'admin');
INSERT INTO p_maintenance_log (contractor, PropertyId, UnitName, Category, MaintenanceTitle, Description, when_done, user) VALUES ('Speedy Maintenance', 46, '6', 'Plumbing', 'Clean Carpets', 'Completed maintenance task.', '2026-05-01', 'admin');
INSERT INTO p_maintenance_log (contractor, PropertyId, UnitName, Category, MaintenanceTitle, Description, when_done, user) VALUES ('Pro Cleaners', 8, '1', 'HVAC', 'Paint Walls', 'Completed maintenance task.', '2026-05-01', 'admin');
INSERT INTO p_maintenance_log (contractor, PropertyId, UnitName, Category, MaintenanceTitle, Description, when_done, user) VALUES ('Roof Masters', 35, '4', 'HVAC', 'Replace Light Fixture', 'Completed maintenance task.', '2026-05-01', 'admin');
INSERT INTO p_maintenance_log (contractor, PropertyId, UnitName, Category, MaintenanceTitle, Description, when_done, user) VALUES ('Bobs Plumbing', 27, '9', 'Electrical', 'Clean Carpets', 'Completed maintenance task.', '2026-05-01', 'admin');
INSERT INTO p_maintenance_log (contractor, PropertyId, UnitName, Category, MaintenanceTitle, Description, when_done, user) VALUES ('Roof Masters', 18, '3', 'General', 'Paint Walls', 'Completed maintenance task.', '2026-05-01', 'admin');
INSERT INTO p_maintenance_log (contractor, PropertyId, UnitName, Category, MaintenanceTitle, Description, when_done, user) VALUES ('Pro Cleaners', 39, '6', 'General', 'Repair HVAC', 'Completed maintenance task.', '2026-05-01', 'admin');
INSERT INTO p_maintenance_log (contractor, PropertyId, UnitName, Category, MaintenanceTitle, Description, when_done, user) VALUES ('Speedy Maintenance', 48, '3', 'HVAC', 'Fix Broken Window', 'Completed maintenance task.', '2026-05-01', 'admin');
INSERT INTO p_maintenance_log (contractor, PropertyId, UnitName, Category, MaintenanceTitle, Description, when_done, user) VALUES ('Ace Electrical', 38, '9', 'Electrical', 'Repair HVAC', 'Completed maintenance task.', '2026-05-01', 'admin');
INSERT INTO p_maintenance_log (contractor, PropertyId, UnitName, Category, MaintenanceTitle, Description, when_done, user) VALUES ('Speedy Maintenance', 40, '7', 'HVAC', 'Repair HVAC', 'Completed maintenance task.', '2026-05-01', 'admin');
INSERT INTO p_maintenance_log (contractor, PropertyId, UnitName, Category, MaintenanceTitle, Description, when_done, user) VALUES ('Bobs Plumbing', 34, '6', 'Electrical', 'Fix Broken Window', 'Completed maintenance task.', '2026-05-01', 'admin');
INSERT INTO p_maintenance_log (contractor, PropertyId, UnitName, Category, MaintenanceTitle, Description, when_done, user) VALUES ('Roof Masters', 18, '6', 'Plumbing', 'Paint Walls', 'Completed maintenance task.', '2026-05-01', 'admin');