INSERT INTO p_landlord (first_name, last_name, email, contact_no, address, city, country, state, zip_code) VALUES ('John', 'Johnson', 'john.johnson1@example.com', '555-181-6974', '5971 Lake Rd', 'San Jose', 'USA', 'CA', '90210');
INSERT INTO p_landlord (first_name, last_name, email, contact_no, address, city, country, state, zip_code) VALUES ('Barbara', 'Davis', 'barbara.davis2@example.com', '555-621-8412', '8976 Elm St', 'San Jose', 'USA', 'CA', '90210');
INSERT INTO p_landlord (first_name, last_name, email, contact_no, address, city, country, state, zip_code) VALUES ('Linda', 'Williams', 'linda.williams3@example.com', '555-193-2499', '9845 Lake Rd', 'Phoenix', 'USA', 'CA', '90210');
INSERT INTO p_landlord (first_name, last_name, email, contact_no, address, city, country, state, zip_code) VALUES ('Joseph', 'Lopez', 'joseph.lopez4@example.com', '555-320-5861', '2622 Cedar Ln', 'Philadelphia', 'USA', 'CA', '90210');
INSERT INTO p_landlord (first_name, last_name, email, contact_no, address, city, country, state, zip_code) VALUES ('Charles', 'Lopez', 'charles.lopez5@example.com', '555-761-8671', '8351 Elm St', 'Los Angeles', 'USA', 'CA', '90210');
INSERT INTO p_landlord (first_name, last_name, email, contact_no, address, city, country, state, zip_code) VALUES ('Linda', 'Martin', 'linda.martin6@example.com', '555-432-6752', '315 Maple Ave', 'New York', 'USA', 'CA', '90210');
INSERT INTO p_landlord (first_name, last_name, email, contact_no, address, city, country, state, zip_code) VALUES ('Barbara', 'Miller', 'barbara.miller7@example.com', '555-922-8819', '6469 Elm St', 'Phoenix', 'USA', 'CA', '90210');
INSERT INTO p_landlord (first_name, last_name, email, contact_no, address, city, country, state, zip_code) VALUES ('Sarah', 'Moore', 'sarah.moore8@example.com', '555-118-7656', '1886 Lake Rd', 'San Antonio', 'USA', 'CA', '90210');
INSERT INTO p_landlord (first_name, last_name, email, contact_no, address, city, country, state, zip_code) VALUES ('Robert', 'Garcia', 'robert.garcia9@example.com', '555-862-5012', '1724 Maple Ave', 'San Jose', 'USA', 'CA', '90210');
INSERT INTO p_landlord (first_name, last_name, email, contact_no, address, city, country, state, zip_code) VALUES ('Joseph', 'Lopez', 'joseph.lopez10@example.com', '555-977-2305', '5397 Lake Rd', 'Dallas', 'USA', 'CA', '90210');
INSERT INTO p_landlord (first_name, last_name, email, contact_no, address, city, country, state, zip_code) VALUES ('Elizabeth', 'Jackson', 'elizabeth.jackson11@example.com', '555-940-2483', '9661 Hill St', 'Los Angeles', 'USA', 'CA', '90210');
INSERT INTO p_landlord (first_name, last_name, email, contact_no, address, city, country, state, zip_code) VALUES ('Patricia', 'Martinez', 'patricia.martinez12@example.com', '555-497-6945', '5598 Maple Ave', 'New York', 'USA', 'CA', '90210');
INSERT INTO p_landlord (first_name, last_name, email, contact_no, address, city, country, state, zip_code) VALUES ('Barbara', 'Martinez', 'barbara.martinez13@example.com', '555-726-1462', '927 Park Ave', 'San Diego', 'USA', 'CA', '90210');
INSERT INTO p_landlord (first_name, last_name, email, contact_no, address, city, country, state, zip_code) VALUES ('Jennifer', 'Gonzalez', 'jennifer.gonzalez14@example.com', '555-507-8266', '5877 Main St', 'Chicago', 'USA', 'CA', '90210');
INSERT INTO p_landlord (first_name, last_name, email, contact_no, address, city, country, state, zip_code) VALUES ('Linda', 'Moore', 'linda.moore15@example.com', '555-548-7831', '3776 Hill St', 'Philadelphia', 'USA', 'CA', '90210');
INSERT INTO p_landlord (first_name, last_name, email, contact_no, address, city, country, state, zip_code) VALUES ('Michael', 'Smith', 'michael.smith16@example.com', '555-196-4393', '8688 Hill St', 'Philadelphia', 'USA', 'CA', '90210');
INSERT INTO p_landlord (first_name, last_name, email, contact_no, address, city, country, state, zip_code) VALUES ('Thomas', 'Smith', 'thomas.smith17@example.com', '555-759-4375', '9416 Washington Blvd', 'San Diego', 'USA', 'CA', '90210');
INSERT INTO p_landlord (first_name, last_name, email, contact_no, address, city, country, state, zip_code) VALUES ('Charles', 'Gonzalez', 'charles.gonzalez18@example.com', '555-411-8582', '4697 Park Ave', 'Chicago', 'USA', 'CA', '90210');
INSERT INTO p_landlord (first_name, last_name, email, contact_no, address, city, country, state, zip_code) VALUES ('David', 'Jones', 'david.jones19@example.com', '555-313-4263', '2448 Maple Ave', 'Philadelphia', 'USA', 'CA', '90210');
INSERT INTO p_landlord (first_name, last_name, email, contact_no, address, city, country, state, zip_code) VALUES ('Thomas', 'Davis', 'thomas.davis20@example.com', '555-472-2921', '2477 Main St', 'San Diego', 'USA', 'CA', '90210');
INSERT INTO p_landlord (first_name, last_name, email, contact_no, address, city, country, state, zip_code) VALUES ('Linda', 'Hernandez', 'linda.hernandez21@example.com', '555-339-6057', '3712 Oak St', 'Chicago', 'USA', 'CA', '90210');
INSERT INTO p_landlord (first_name, last_name, email, contact_no, address, city, country, state, zip_code) VALUES ('Barbara', 'Jackson', 'barbara.jackson22@example.com', '555-493-4474', '6923 Oak St', 'San Jose', 'USA', 'CA', '90210');
INSERT INTO p_landlord (first_name, last_name, email, contact_no, address, city, country, state, zip_code) VALUES ('Sarah', 'Martinez', 'sarah.martinez23@example.com', '555-654-3596', '278 Lake Rd', 'Houston', 'USA', 'CA', '90210');
INSERT INTO p_landlord (first_name, last_name, email, contact_no, address, city, country, state, zip_code) VALUES ('William', 'Taylor', 'william.taylor24@example.com', '555-916-6652', '2372 Lake Rd', 'Houston', 'USA', 'CA', '90210');
INSERT INTO p_landlord (first_name, last_name, email, contact_no, address, city, country, state, zip_code) VALUES ('Joseph', 'Taylor', 'joseph.taylor25@example.com', '555-487-8031', '6201 Pine St', 'Chicago', 'USA', 'CA', '90210');
INSERT INTO p_landlord (first_name, last_name, email, contact_no, address, city, country, state, zip_code) VALUES ('William', 'Lopez', 'william.lopez26@example.com', '555-516-6543', '7698 Washington Blvd', 'San Diego', 'USA', 'CA', '90210');
INSERT INTO p_landlord (first_name, last_name, email, contact_no, address, city, country, state, zip_code) VALUES ('William', 'Johnson', 'william.johnson27@example.com', '555-700-6921', '7790 Washington Blvd', 'Phoenix', 'USA', 'CA', '90210');
INSERT INTO p_landlord (first_name, last_name, email, contact_no, address, city, country, state, zip_code) VALUES ('Karen', 'Smith', 'karen.smith28@example.com', '555-709-2402', '3066 Maple Ave', 'Dallas', 'USA', 'CA', '90210');
INSERT INTO p_landlord (first_name, last_name, email, contact_no, address, city, country, state, zip_code) VALUES ('Richard', 'Jackson', 'richard.jackson29@example.com', '555-806-6497', '3920 Pine St', 'Chicago', 'USA', 'CA', '90210');
INSERT INTO p_landlord (first_name, last_name, email, contact_no, address, city, country, state, zip_code) VALUES ('Susan', 'Wilson', 'susan.wilson30@example.com', '555-640-6082', '9127 Cedar Ln', 'San Antonio', 'USA', 'CA', '90210');
INSERT INTO p_landlord (first_name, last_name, email, contact_no, address, city, country, state, zip_code) VALUES ('William', 'Miller', 'william.miller31@example.com', '555-159-8863', '4328 Hill St', 'Dallas', 'USA', 'CA', '90210');
INSERT INTO p_landlord (first_name, last_name, email, contact_no, address, city, country, state, zip_code) VALUES ('Richard', 'Martin', 'richard.martin32@example.com', '555-609-4033', '7462 Washington Blvd', 'San Jose', 'USA', 'CA', '90210');
INSERT INTO p_landlord (first_name, last_name, email, contact_no, address, city, country, state, zip_code) VALUES ('Michael', 'Wilson', 'michael.wilson33@example.com', '555-252-1337', '4861 Pine St', 'San Antonio', 'USA', 'CA', '90210');
INSERT INTO p_landlord (first_name, last_name, email, contact_no, address, city, country, state, zip_code) VALUES ('Charles', 'Martin', 'charles.martin34@example.com', '555-254-5136', '4331 Pine St', 'Houston', 'USA', 'CA', '90210');
INSERT INTO p_landlord (first_name, last_name, email, contact_no, address, city, country, state, zip_code) VALUES ('John', 'Jones', 'john.jones35@example.com', '555-760-6424', '6141 Park Ave', 'Los Angeles', 'USA', 'CA', '90210');
INSERT INTO p_landlord (first_name, last_name, email, contact_no, address, city, country, state, zip_code) VALUES ('Barbara', 'Jones', 'barbara.jones36@example.com', '555-456-4339', '4106 Pine St', 'New York', 'USA', 'CA', '90210');
INSERT INTO p_landlord (first_name, last_name, email, contact_no, address, city, country, state, zip_code) VALUES ('James', 'Lopez', 'james.lopez37@example.com', '555-788-7276', '3120 Cedar Ln', 'Los Angeles', 'USA', 'CA', '90210');
INSERT INTO p_landlord (first_name, last_name, email, contact_no, address, city, country, state, zip_code) VALUES ('Sarah', 'Brown', 'sarah.brown38@example.com', '555-919-3445', '6868 Main St', 'Chicago', 'USA', 'CA', '90210');
INSERT INTO p_landlord (first_name, last_name, email, contact_no, address, city, country, state, zip_code) VALUES ('William', 'Smith', 'william.smith39@example.com', '555-495-4172', '2681 Pine St', 'Phoenix', 'USA', 'CA', '90210');
INSERT INTO p_landlord (first_name, last_name, email, contact_no, address, city, country, state, zip_code) VALUES ('Linda', 'Anderson', 'linda.anderson40@example.com', '555-898-7809', '7851 Washington Blvd', 'San Diego', 'USA', 'CA', '90210');
INSERT INTO p_landlord (first_name, last_name, email, contact_no, address, city, country, state, zip_code) VALUES ('Karen', 'Gonzalez', 'karen.gonzalez41@example.com', '555-820-6537', '9803 Main St', 'Los Angeles', 'USA', 'CA', '90210');
INSERT INTO p_landlord (first_name, last_name, email, contact_no, address, city, country, state, zip_code) VALUES ('Joseph', 'Anderson', 'joseph.anderson42@example.com', '555-403-7940', '9527 Pine St', 'Houston', 'USA', 'CA', '90210');
INSERT INTO p_landlord (first_name, last_name, email, contact_no, address, city, country, state, zip_code) VALUES ('John', 'Hernandez', 'john.hernandez43@example.com', '555-219-3023', '7893 Cedar Ln', 'San Antonio', 'USA', 'CA', '90210');
INSERT INTO p_landlord (first_name, last_name, email, contact_no, address, city, country, state, zip_code) VALUES ('Linda', 'Garcia', 'linda.garcia44@example.com', '555-747-5510', '2880 Washington Blvd', 'Dallas', 'USA', 'CA', '90210');
INSERT INTO p_landlord (first_name, last_name, email, contact_no, address, city, country, state, zip_code) VALUES ('William', 'Williams', 'william.williams45@example.com', '555-726-6087', '3293 Washington Blvd', 'San Antonio', 'USA', 'CA', '90210');
INSERT INTO p_landlord (first_name, last_name, email, contact_no, address, city, country, state, zip_code) VALUES ('Barbara', 'Martinez', 'barbara.martinez46@example.com', '555-357-3604', '1094 Cedar Ln', 'Philadelphia', 'USA', 'CA', '90210');
INSERT INTO p_landlord (first_name, last_name, email, contact_no, address, city, country, state, zip_code) VALUES ('Susan', 'Smith', 'susan.smith47@example.com', '555-126-8404', '1150 Cedar Ln', 'New York', 'USA', 'CA', '90210');
INSERT INTO p_landlord (first_name, last_name, email, contact_no, address, city, country, state, zip_code) VALUES ('Patricia', 'Moore', 'patricia.moore48@example.com', '555-834-5931', '6663 Maple Ave', 'Dallas', 'USA', 'CA', '90210');
INSERT INTO p_landlord (first_name, last_name, email, contact_no, address, city, country, state, zip_code) VALUES ('James', 'Rodriguez', 'james.rodriguez49@example.com', '555-870-1499', '7777 Pine St', 'New York', 'USA', 'CA', '90210');
INSERT INTO p_landlord (first_name, last_name, email, contact_no, address, city, country, state, zip_code) VALUES ('Robert', 'Taylor', 'robert.taylor50@example.com', '555-713-1093', '4801 Oak St', 'Dallas', 'USA', 'CA', '90210');
INSERT INTO property (property_type, property_name, frequency, unit, tarea, tarea_munit, property_address, city, property_country, property_province, zip_code) VALUES ('Condo', 'Johnson Court', 'Monthly', 26, '1000', 'sqft', '6101 Washington Blvd', 'San Diego', 'USA', 'CA', '90210');
INSERT INTO property (property_type, property_name, frequency, unit, tarea, tarea_munit, property_address, city, property_country, property_province, zip_code) VALUES ('Single Family Home', 'Miller Towers', 'Monthly', 13, '1000', 'sqft', '4066 Main St', 'Philadelphia', 'USA', 'CA', '90210');
INSERT INTO property (property_type, property_name, frequency, unit, tarea, tarea_munit, property_address, city, property_country, property_province, zip_code) VALUES ('Commercial', 'Garcia Apartments', 'Monthly', 8, '1000', 'sqft', '8487 Maple Ave', 'Dallas', 'USA', 'CA', '90210');
INSERT INTO property (property_type, property_name, frequency, unit, tarea, tarea_munit, property_address, city, property_country, property_province, zip_code) VALUES ('Commercial', 'Martin Apartments', 'Monthly', 2, '1000', 'sqft', '2531 Park Ave', 'San Diego', 'USA', 'CA', '90210');
INSERT INTO property (property_type, property_name, frequency, unit, tarea, tarea_munit, property_address, city, property_country, property_province, zip_code) VALUES ('Commercial', 'Johnson Heights', 'Monthly', 49, '1000', 'sqft', '3877 Elm St', 'Los Angeles', 'USA', 'CA', '90210');
INSERT INTO property (property_type, property_name, frequency, unit, tarea, tarea_munit, property_address, city, property_country, property_province, zip_code) VALUES ('Apartment', 'Hernandez Estates', 'Monthly', 32, '1000', 'sqft', '8618 Pine St', 'San Antonio', 'USA', 'CA', '90210');
INSERT INTO property (property_type, property_name, frequency, unit, tarea, tarea_munit, property_address, city, property_country, property_province, zip_code) VALUES ('Condo', 'Jackson Estates', 'Monthly', 47, '1000', 'sqft', '9168 Washington Blvd', 'San Diego', 'USA', 'CA', '90210');
INSERT INTO property (property_type, property_name, frequency, unit, tarea, tarea_munit, property_address, city, property_country, property_province, zip_code) VALUES ('Apartment', 'Martin Apartments', 'Monthly', 22, '1000', 'sqft', '1466 Elm St', 'Dallas', 'USA', 'CA', '90210');
INSERT INTO property (property_type, property_name, frequency, unit, tarea, tarea_munit, property_address, city, property_country, property_province, zip_code) VALUES ('Single Family Home', 'Davis Apartments', 'Monthly', 26, '1000', 'sqft', '2930 Elm St', 'Los Angeles', 'USA', 'CA', '90210');
INSERT INTO property (property_type, property_name, frequency, unit, tarea, tarea_munit, property_address, city, property_country, property_province, zip_code) VALUES ('Apartment', 'Rodriguez Plaza', 'Monthly', 8, '1000', 'sqft', '3491 Main St', 'San Diego', 'USA', 'CA', '90210');
INSERT INTO property (property_type, property_name, frequency, unit, tarea, tarea_munit, property_address, city, property_country, property_province, zip_code) VALUES ('Townhouse', 'Hernandez Apartments', 'Monthly', 44, '1000', 'sqft', '5625 Washington Blvd', 'Philadelphia', 'USA', 'CA', '90210');
INSERT INTO property (property_type, property_name, frequency, unit, tarea, tarea_munit, property_address, city, property_country, property_province, zip_code) VALUES ('Condo', 'Moore Plaza', 'Monthly', 18, '1000', 'sqft', '7778 Elm St', 'Dallas', 'USA', 'CA', '90210');
INSERT INTO property (property_type, property_name, frequency, unit, tarea, tarea_munit, property_address, city, property_country, property_province, zip_code) VALUES ('Commercial', 'Martinez Estates', 'Monthly', 40, '1000', 'sqft', '199 Maple Ave', 'Philadelphia', 'USA', 'CA', '90210');
INSERT INTO property (property_type, property_name, frequency, unit, tarea, tarea_munit, property_address, city, property_country, property_province, zip_code) VALUES ('Apartment', 'Hernandez Apartments', 'Monthly', 3, '1000', 'sqft', '4342 Hill St', 'San Diego', 'USA', 'CA', '90210');
INSERT INTO property (property_type, property_name, frequency, unit, tarea, tarea_munit, property_address, city, property_country, property_province, zip_code) VALUES ('Single Family Home', 'Hernandez Court', 'Monthly', 14, '1000', 'sqft', '8719 Pine St', 'Phoenix', 'USA', 'CA', '90210');
INSERT INTO property (property_type, property_name, frequency, unit, tarea, tarea_munit, property_address, city, property_country, property_province, zip_code) VALUES ('Commercial', 'Anderson Plaza', 'Monthly', 46, '1000', 'sqft', '5552 Main St', 'Houston', 'USA', 'CA', '90210');
INSERT INTO property (property_type, property_name, frequency, unit, tarea, tarea_munit, property_address, city, property_country, property_province, zip_code) VALUES ('Apartment', 'Moore Heights', 'Monthly', 21, '1000', 'sqft', '2559 Hill St', 'Houston', 'USA', 'CA', '90210');
INSERT INTO property (property_type, property_name, frequency, unit, tarea, tarea_munit, property_address, city, property_country, property_province, zip_code) VALUES ('Multi-Family', 'Taylor Estates', 'Monthly', 28, '1000', 'sqft', '1795 Park Ave', 'San Jose', 'USA', 'CA', '90210');
INSERT INTO property (property_type, property_name, frequency, unit, tarea, tarea_munit, property_address, city, property_country, property_province, zip_code) VALUES ('Multi-Family', 'Taylor Estates', 'Monthly', 50, '1000', 'sqft', '2034 Main St', 'San Antonio', 'USA', 'CA', '90210');
INSERT INTO property (property_type, property_name, frequency, unit, tarea, tarea_munit, property_address, city, property_country, property_province, zip_code) VALUES ('Commercial', 'Brown Estates', 'Monthly', 11, '1000', 'sqft', '5893 Main St', 'Houston', 'USA', 'CA', '90210');
INSERT INTO property (property_type, property_name, frequency, unit, tarea, tarea_munit, property_address, city, property_country, property_province, zip_code) VALUES ('Single Family Home', 'Garcia Court', 'Monthly', 44, '1000', 'sqft', '5590 Cedar Ln', 'Phoenix', 'USA', 'CA', '90210');
INSERT INTO property (property_type, property_name, frequency, unit, tarea, tarea_munit, property_address, city, property_country, property_province, zip_code) VALUES ('Apartment', 'Williams Towers', 'Monthly', 3, '1000', 'sqft', '105 Main St', 'Los Angeles', 'USA', 'CA', '90210');
INSERT INTO property (property_type, property_name, frequency, unit, tarea, tarea_munit, property_address, city, property_country, property_province, zip_code) VALUES ('Townhouse', 'Williams Plaza', 'Monthly', 4, '1000', 'sqft', '4958 Park Ave', 'Houston', 'USA', 'CA', '90210');
INSERT INTO property (property_type, property_name, frequency, unit, tarea, tarea_munit, property_address, city, property_country, property_province, zip_code) VALUES ('Single Family Home', 'Smith Estates', 'Monthly', 20, '1000', 'sqft', '4935 Pine St', 'Philadelphia', 'USA', 'CA', '90210');
INSERT INTO property (property_type, property_name, frequency, unit, tarea, tarea_munit, property_address, city, property_country, property_province, zip_code) VALUES ('Apartment', 'Hernandez Towers', 'Monthly', 11, '1000', 'sqft', '2601 Main St', 'Chicago', 'USA', 'CA', '90210');
INSERT INTO property (property_type, property_name, frequency, unit, tarea, tarea_munit, property_address, city, property_country, property_province, zip_code) VALUES ('Townhouse', 'Thomas Heights', 'Monthly', 20, '1000', 'sqft', '5696 Washington Blvd', 'Philadelphia', 'USA', 'CA', '90210');
INSERT INTO property (property_type, property_name, frequency, unit, tarea, tarea_munit, property_address, city, property_country, property_province, zip_code) VALUES ('Single Family Home', 'Miller Heights', 'Monthly', 3, '1000', 'sqft', '2078 Hill St', 'Phoenix', 'USA', 'CA', '90210');
INSERT INTO property (property_type, property_name, frequency, unit, tarea, tarea_munit, property_address, city, property_country, property_province, zip_code) VALUES ('Commercial', 'Lopez Apartments', 'Monthly', 36, '1000', 'sqft', '5349 Pine St', 'Los Angeles', 'USA', 'CA', '90210');
INSERT INTO property (property_type, property_name, frequency, unit, tarea, tarea_munit, property_address, city, property_country, property_province, zip_code) VALUES ('Commercial', 'Gonzalez Towers', 'Monthly', 21, '1000', 'sqft', '2319 Lake Rd', 'New York', 'USA', 'CA', '90210');
INSERT INTO property (property_type, property_name, frequency, unit, tarea, tarea_munit, property_address, city, property_country, property_province, zip_code) VALUES ('Townhouse', 'Moore Estates', 'Monthly', 25, '1000', 'sqft', '5353 Main St', 'Chicago', 'USA', 'CA', '90210');
INSERT INTO property (property_type, property_name, frequency, unit, tarea, tarea_munit, property_address, city, property_country, property_province, zip_code) VALUES ('Single Family Home', 'Miller Estates', 'Monthly', 41, '1000', 'sqft', '8538 Cedar Ln', 'Philadelphia', 'USA', 'CA', '90210');
INSERT INTO property (property_type, property_name, frequency, unit, tarea, tarea_munit, property_address, city, property_country, property_province, zip_code) VALUES ('Condo', 'Jones Plaza', 'Monthly', 24, '1000', 'sqft', '8915 Lake Rd', 'Chicago', 'USA', 'CA', '90210');
INSERT INTO property (property_type, property_name, frequency, unit, tarea, tarea_munit, property_address, city, property_country, property_province, zip_code) VALUES ('Single Family Home', 'Anderson Estates', 'Monthly', 27, '1000', 'sqft', '5807 Main St', 'Phoenix', 'USA', 'CA', '90210');
INSERT INTO property (property_type, property_name, frequency, unit, tarea, tarea_munit, property_address, city, property_country, property_province, zip_code) VALUES ('Single Family Home', 'Gonzalez Towers', 'Monthly', 7, '1000', 'sqft', '6313 Lake Rd', 'Chicago', 'USA', 'CA', '90210');
INSERT INTO property (property_type, property_name, frequency, unit, tarea, tarea_munit, property_address, city, property_country, property_province, zip_code) VALUES ('Commercial', 'Jones Towers', 'Monthly', 4, '1000', 'sqft', '5194 Washington Blvd', 'New York', 'USA', 'CA', '90210');
INSERT INTO property (property_type, property_name, frequency, unit, tarea, tarea_munit, property_address, city, property_country, property_province, zip_code) VALUES ('Multi-Family', 'Jackson Heights', 'Monthly', 29, '1000', 'sqft', '5204 Washington Blvd', 'Los Angeles', 'USA', 'CA', '90210');
INSERT INTO property (property_type, property_name, frequency, unit, tarea, tarea_munit, property_address, city, property_country, property_province, zip_code) VALUES ('Multi-Family', 'Wilson Heights', 'Monthly', 46, '1000', 'sqft', '9397 Park Ave', 'San Diego', 'USA', 'CA', '90210');
INSERT INTO property (property_type, property_name, frequency, unit, tarea, tarea_munit, property_address, city, property_country, property_province, zip_code) VALUES ('Condo', 'Anderson Estates', 'Monthly', 10, '1000', 'sqft', '3306 Washington Blvd', 'Chicago', 'USA', 'CA', '90210');
INSERT INTO property (property_type, property_name, frequency, unit, tarea, tarea_munit, property_address, city, property_country, property_province, zip_code) VALUES ('Townhouse', 'Rodriguez Apartments', 'Monthly', 5, '1000', 'sqft', '3083 Park Ave', 'New York', 'USA', 'CA', '90210');
INSERT INTO property (property_type, property_name, frequency, unit, tarea, tarea_munit, property_address, city, property_country, property_province, zip_code) VALUES ('Commercial', 'Thomas Towers', 'Monthly', 4, '1000', 'sqft', '251 Maple Ave', 'Phoenix', 'USA', 'CA', '90210');
INSERT INTO property (property_type, property_name, frequency, unit, tarea, tarea_munit, property_address, city, property_country, property_province, zip_code) VALUES ('Apartment', 'Gonzalez Apartments', 'Monthly', 47, '1000', 'sqft', '2328 Oak St', 'San Diego', 'USA', 'CA', '90210');
INSERT INTO property (property_type, property_name, frequency, unit, tarea, tarea_munit, property_address, city, property_country, property_province, zip_code) VALUES ('Condo', 'Garcia Towers', 'Monthly', 27, '1000', 'sqft', '5779 Cedar Ln', 'San Diego', 'USA', 'CA', '90210');
INSERT INTO property (property_type, property_name, frequency, unit, tarea, tarea_munit, property_address, city, property_country, property_province, zip_code) VALUES ('Single Family Home', 'Brown Towers', 'Monthly', 41, '1000', 'sqft', '9615 Lake Rd', 'San Jose', 'USA', 'CA', '90210');
INSERT INTO property (property_type, property_name, frequency, unit, tarea, tarea_munit, property_address, city, property_country, property_province, zip_code) VALUES ('Commercial', 'Lopez Estates', 'Monthly', 36, '1000', 'sqft', '9802 Main St', 'Dallas', 'USA', 'CA', '90210');
INSERT INTO property (property_type, property_name, frequency, unit, tarea, tarea_munit, property_address, city, property_country, property_province, zip_code) VALUES ('Multi-Family', 'Martin Heights', 'Monthly', 19, '1000', 'sqft', '3441 Hill St', 'San Diego', 'USA', 'CA', '90210');
INSERT INTO property (property_type, property_name, frequency, unit, tarea, tarea_munit, property_address, city, property_country, property_province, zip_code) VALUES ('Condo', 'Gonzalez Towers', 'Monthly', 39, '1000', 'sqft', '9552 Elm St', 'Philadelphia', 'USA', 'CA', '90210');
INSERT INTO property (property_type, property_name, frequency, unit, tarea, tarea_munit, property_address, city, property_country, property_province, zip_code) VALUES ('Single Family Home', 'Rodriguez Plaza', 'Monthly', 41, '1000', 'sqft', '5000 Pine St', 'San Jose', 'USA', 'CA', '90210');
INSERT INTO property (property_type, property_name, frequency, unit, tarea, tarea_munit, property_address, city, property_country, property_province, zip_code) VALUES ('Apartment', 'Johnson Apartments', 'Monthly', 19, '1000', 'sqft', '6222 Pine St', 'San Jose', 'USA', 'CA', '90210');
INSERT INTO property (property_type, property_name, frequency, unit, tarea, tarea_munit, property_address, city, property_country, property_province, zip_code) VALUES ('Commercial', 'Garcia Heights', 'Monthly', 11, '1000', 'sqft', '9525 Lake Rd', 'New York', 'USA', 'CA', '90210');
INSERT INTO property (property_type, property_name, frequency, unit, tarea, tarea_munit, property_address, city, property_country, property_province, zip_code) VALUES ('Commercial', 'Davis Estates', 'Monthly', 48, '1000', 'sqft', '3691 Park Ave', 'Houston', 'USA', 'CA', '90210');
INSERT INTO unit (unit_name, unit_type, property_name, floor_number, bedrooms, bathrooms, trent, trent_period, vacant_status) VALUES ('Unit 1', 'Residential', 1, 4, 1, 3, '965', 'Monthly', 0);
INSERT INTO unit (unit_name, unit_type, property_name, floor_number, bedrooms, bathrooms, trent, trent_period, vacant_status) VALUES ('Unit 2', 'Residential', 1, 1, 1, 1, '3389', 'Monthly', 0);
INSERT INTO unit (unit_name, unit_type, property_name, floor_number, bedrooms, bathrooms, trent, trent_period, vacant_status) VALUES ('Unit 3', 'Residential', 1, 1, 4, 2, '1995', 'Monthly', 1);
INSERT INTO unit (unit_name, unit_type, property_name, floor_number, bedrooms, bathrooms, trent, trent_period, vacant_status) VALUES ('Unit 4', 'Residential', 1, 3, 4, 1, '3274', 'Monthly', 0);
INSERT INTO unit (unit_name, unit_type, property_name, floor_number, bedrooms, bathrooms, trent, trent_period, vacant_status) VALUES ('Unit 5', 'Residential', 1, 5, 4, 1, '824', 'Monthly', 0);
INSERT INTO unit (unit_name, unit_type, property_name, floor_number, bedrooms, bathrooms, trent, trent_period, vacant_status) VALUES ('Unit 1', 'Residential', 2, 4, 1, 3, '1938', 'Monthly', 1);
INSERT INTO unit (unit_name, unit_type, property_name, floor_number, bedrooms, bathrooms, trent, trent_period, vacant_status) VALUES ('Unit 2', 'Residential', 2, 1, 3, 3, '2743', 'Monthly', 0);
INSERT INTO unit (unit_name, unit_type, property_name, floor_number, bedrooms, bathrooms, trent, trent_period, vacant_status) VALUES ('Unit 3', 'Residential', 2, 5, 1, 2, '3217', 'Monthly', 0);
INSERT INTO unit (unit_name, unit_type, property_name, floor_number, bedrooms, bathrooms, trent, trent_period, vacant_status) VALUES ('Unit 4', 'Residential', 2, 3, 2, 2, '1614', 'Monthly', 1);
INSERT INTO unit (unit_name, unit_type, property_name, floor_number, bedrooms, bathrooms, trent, trent_period, vacant_status) VALUES ('Unit 5', 'Residential', 2, 2, 2, 1, '1690', 'Monthly', 0);
INSERT INTO unit (unit_name, unit_type, property_name, floor_number, bedrooms, bathrooms, trent, trent_period, vacant_status) VALUES ('Unit 6', 'Residential', 2, 5, 1, 1, '2474', 'Monthly', 1);
INSERT INTO unit (unit_name, unit_type, property_name, floor_number, bedrooms, bathrooms, trent, trent_period, vacant_status) VALUES ('Unit 7', 'Residential', 2, 1, 2, 3, '3454', 'Monthly', 1);
INSERT INTO unit (unit_name, unit_type, property_name, floor_number, bedrooms, bathrooms, trent, trent_period, vacant_status) VALUES ('Unit 1', 'Residential', 3, 1, 2, 3, '2088', 'Monthly', 1);
INSERT INTO unit (unit_name, unit_type, property_name, floor_number, bedrooms, bathrooms, trent, trent_period, vacant_status) VALUES ('Unit 2', 'Residential', 3, 3, 4, 1, '3303', 'Monthly', 1);
INSERT INTO unit (unit_name, unit_type, property_name, floor_number, bedrooms, bathrooms, trent, trent_period, vacant_status) VALUES ('Unit 3', 'Residential', 3, 2, 2, 2, '3164', 'Monthly', 1);
INSERT INTO unit (unit_name, unit_type, property_name, floor_number, bedrooms, bathrooms, trent, trent_period, vacant_status) VALUES ('Unit 4', 'Residential', 3, 1, 4, 1, '1449', 'Monthly', 0);
INSERT INTO unit (unit_name, unit_type, property_name, floor_number, bedrooms, bathrooms, trent, trent_period, vacant_status) VALUES ('Unit 5', 'Residential', 3, 1, 4, 1, '2480', 'Monthly', 1);
INSERT INTO unit (unit_name, unit_type, property_name, floor_number, bedrooms, bathrooms, trent, trent_period, vacant_status) VALUES ('Unit 1', 'Residential', 4, 1, 2, 1, '2513', 'Monthly', 0);
INSERT INTO unit (unit_name, unit_type, property_name, floor_number, bedrooms, bathrooms, trent, trent_period, vacant_status) VALUES ('Unit 2', 'Residential', 4, 5, 3, 3, '2850', 'Monthly', 1);
INSERT INTO unit (unit_name, unit_type, property_name, floor_number, bedrooms, bathrooms, trent, trent_period, vacant_status) VALUES ('Unit 3', 'Residential', 4, 1, 2, 1, '1078', 'Monthly', 0);
INSERT INTO unit (unit_name, unit_type, property_name, floor_number, bedrooms, bathrooms, trent, trent_period, vacant_status) VALUES ('Unit 4', 'Residential', 4, 3, 1, 3, '3031', 'Monthly', 0);
INSERT INTO unit (unit_name, unit_type, property_name, floor_number, bedrooms, bathrooms, trent, trent_period, vacant_status) VALUES ('Unit 5', 'Residential', 4, 5, 2, 2, '3048', 'Monthly', 1);
INSERT INTO unit (unit_name, unit_type, property_name, floor_number, bedrooms, bathrooms, trent, trent_period, vacant_status) VALUES ('Unit 6', 'Residential', 4, 1, 4, 3, '1113', 'Monthly', 0);
INSERT INTO unit (unit_name, unit_type, property_name, floor_number, bedrooms, bathrooms, trent, trent_period, vacant_status) VALUES ('Unit 7', 'Residential', 4, 4, 1, 3, '2477', 'Monthly', 1);
INSERT INTO unit (unit_name, unit_type, property_name, floor_number, bedrooms, bathrooms, trent, trent_period, vacant_status) VALUES ('Unit 1', 'Residential', 5, 5, 4, 2, '3210', 'Monthly', 0);
INSERT INTO unit (unit_name, unit_type, property_name, floor_number, bedrooms, bathrooms, trent, trent_period, vacant_status) VALUES ('Unit 2', 'Residential', 5, 5, 4, 2, '3411', 'Monthly', 0);
INSERT INTO unit (unit_name, unit_type, property_name, floor_number, bedrooms, bathrooms, trent, trent_period, vacant_status) VALUES ('Unit 3', 'Residential', 5, 5, 1, 3, '1011', 'Monthly', 1);
INSERT INTO unit (unit_name, unit_type, property_name, floor_number, bedrooms, bathrooms, trent, trent_period, vacant_status) VALUES ('Unit 4', 'Residential', 5, 2, 3, 3, '2406', 'Monthly', 0);
INSERT INTO unit (unit_name, unit_type, property_name, floor_number, bedrooms, bathrooms, trent, trent_period, vacant_status) VALUES ('Unit 1', 'Residential', 6, 5, 2, 3, '2287', 'Monthly', 0);
INSERT INTO unit (unit_name, unit_type, property_name, floor_number, bedrooms, bathrooms, trent, trent_period, vacant_status) VALUES ('Unit 2', 'Residential', 6, 2, 1, 2, '903', 'Monthly', 1);
INSERT INTO unit (unit_name, unit_type, property_name, floor_number, bedrooms, bathrooms, trent, trent_period, vacant_status) VALUES ('Unit 3', 'Residential', 6, 3, 4, 2, '1159', 'Monthly', 1);
INSERT INTO unit (unit_name, unit_type, property_name, floor_number, bedrooms, bathrooms, trent, trent_period, vacant_status) VALUES ('Unit 4', 'Residential', 6, 4, 2, 1, '1859', 'Monthly', 1);
INSERT INTO unit (unit_name, unit_type, property_name, floor_number, bedrooms, bathrooms, trent, trent_period, vacant_status) VALUES ('Unit 5', 'Residential', 6, 4, 1, 3, '1389', 'Monthly', 0);
INSERT INTO unit (unit_name, unit_type, property_name, floor_number, bedrooms, bathrooms, trent, trent_period, vacant_status) VALUES ('Unit 6', 'Residential', 6, 3, 1, 2, '3336', 'Monthly', 0);
INSERT INTO unit (unit_name, unit_type, property_name, floor_number, bedrooms, bathrooms, trent, trent_period, vacant_status) VALUES ('Unit 7', 'Residential', 6, 5, 4, 2, '887', 'Monthly', 0);
INSERT INTO unit (unit_name, unit_type, property_name, floor_number, bedrooms, bathrooms, trent, trent_period, vacant_status) VALUES ('Unit 8', 'Residential', 6, 5, 4, 1, '3066', 'Monthly', 1);
INSERT INTO unit (unit_name, unit_type, property_name, floor_number, bedrooms, bathrooms, trent, trent_period, vacant_status) VALUES ('Unit 9', 'Residential', 6, 5, 1, 2, '2544', 'Monthly', 1);
INSERT INTO unit (unit_name, unit_type, property_name, floor_number, bedrooms, bathrooms, trent, trent_period, vacant_status) VALUES ('Unit 1', 'Residential', 7, 2, 1, 2, '852', 'Monthly', 0);
INSERT INTO unit (unit_name, unit_type, property_name, floor_number, bedrooms, bathrooms, trent, trent_period, vacant_status) VALUES ('Unit 2', 'Residential', 7, 3, 3, 3, '3202', 'Monthly', 0);
INSERT INTO unit (unit_name, unit_type, property_name, floor_number, bedrooms, bathrooms, trent, trent_period, vacant_status) VALUES ('Unit 3', 'Residential', 7, 5, 4, 2, '2630', 'Monthly', 0);
INSERT INTO unit (unit_name, unit_type, property_name, floor_number, bedrooms, bathrooms, trent, trent_period, vacant_status) VALUES ('Unit 4', 'Residential', 7, 3, 2, 3, '2563', 'Monthly', 1);
INSERT INTO unit (unit_name, unit_type, property_name, floor_number, bedrooms, bathrooms, trent, trent_period, vacant_status) VALUES ('Unit 5', 'Residential', 7, 1, 4, 3, '1823', 'Monthly', 0);
INSERT INTO unit (unit_name, unit_type, property_name, floor_number, bedrooms, bathrooms, trent, trent_period, vacant_status) VALUES ('Unit 6', 'Residential', 7, 2, 3, 2, '1449', 'Monthly', 1);
INSERT INTO unit (unit_name, unit_type, property_name, floor_number, bedrooms, bathrooms, trent, trent_period, vacant_status) VALUES ('Unit 7', 'Residential', 7, 3, 1, 2, '939', 'Monthly', 0);
INSERT INTO unit (unit_name, unit_type, property_name, floor_number, bedrooms, bathrooms, trent, trent_period, vacant_status) VALUES ('Unit 1', 'Residential', 8, 3, 2, 2, '1591', 'Monthly', 1);
INSERT INTO unit (unit_name, unit_type, property_name, floor_number, bedrooms, bathrooms, trent, trent_period, vacant_status) VALUES ('Unit 2', 'Residential', 8, 1, 3, 2, '1217', 'Monthly', 1);
INSERT INTO unit (unit_name, unit_type, property_name, floor_number, bedrooms, bathrooms, trent, trent_period, vacant_status) VALUES ('Unit 3', 'Residential', 8, 5, 2, 3, '2213', 'Monthly', 0);
INSERT INTO unit (unit_name, unit_type, property_name, floor_number, bedrooms, bathrooms, trent, trent_period, vacant_status) VALUES ('Unit 4', 'Residential', 8, 4, 1, 3, '1792', 'Monthly', 1);
INSERT INTO unit (unit_name, unit_type, property_name, floor_number, bedrooms, bathrooms, trent, trent_period, vacant_status) VALUES ('Unit 5', 'Residential', 8, 5, 1, 2, '1930', 'Monthly', 1);
INSERT INTO unit (unit_name, unit_type, property_name, floor_number, bedrooms, bathrooms, trent, trent_period, vacant_status) VALUES ('Unit 6', 'Residential', 8, 3, 1, 3, '2702', 'Monthly', 1);
INSERT INTO unit (unit_name, unit_type, property_name, floor_number, bedrooms, bathrooms, trent, trent_period, vacant_status) VALUES ('Unit 1', 'Residential', 9, 2, 1, 3, '2711', 'Monthly', 0);
INSERT INTO unit (unit_name, unit_type, property_name, floor_number, bedrooms, bathrooms, trent, trent_period, vacant_status) VALUES ('Unit 2', 'Residential', 9, 4, 2, 2, '927', 'Monthly', 0);
INSERT INTO unit (unit_name, unit_type, property_name, floor_number, bedrooms, bathrooms, trent, trent_period, vacant_status) VALUES ('Unit 3', 'Residential', 9, 2, 2, 1, '2738', 'Monthly', 0);
INSERT INTO unit (unit_name, unit_type, property_name, floor_number, bedrooms, bathrooms, trent, trent_period, vacant_status) VALUES ('Unit 4', 'Residential', 9, 1, 2, 1, '1820', 'Monthly', 0);
INSERT INTO unit (unit_name, unit_type, property_name, floor_number, bedrooms, bathrooms, trent, trent_period, vacant_status) VALUES ('Unit 5', 'Residential', 9, 5, 3, 1, '1975', 'Monthly', 0);
INSERT INTO unit (unit_name, unit_type, property_name, floor_number, bedrooms, bathrooms, trent, trent_period, vacant_status) VALUES ('Unit 6', 'Residential', 9, 5, 3, 2, '3106', 'Monthly', 1);
INSERT INTO unit (unit_name, unit_type, property_name, floor_number, bedrooms, bathrooms, trent, trent_period, vacant_status) VALUES ('Unit 7', 'Residential', 9, 2, 2, 3, '1096', 'Monthly', 0);
INSERT INTO unit (unit_name, unit_type, property_name, floor_number, bedrooms, bathrooms, trent, trent_period, vacant_status) VALUES ('Unit 1', 'Residential', 10, 2, 2, 2, '1334', 'Monthly', 1);
INSERT INTO unit (unit_name, unit_type, property_name, floor_number, bedrooms, bathrooms, trent, trent_period, vacant_status) VALUES ('Unit 2', 'Residential', 10, 1, 1, 1, '1679', 'Monthly', 1);
INSERT INTO unit (unit_name, unit_type, property_name, floor_number, bedrooms, bathrooms, trent, trent_period, vacant_status) VALUES ('Unit 3', 'Residential', 10, 2, 2, 1, '2352', 'Monthly', 0);
INSERT INTO unit (unit_name, unit_type, property_name, floor_number, bedrooms, bathrooms, trent, trent_period, vacant_status) VALUES ('Unit 4', 'Residential', 10, 2, 3, 1, '2352', 'Monthly', 1);
INSERT INTO unit (unit_name, unit_type, property_name, floor_number, bedrooms, bathrooms, trent, trent_period, vacant_status) VALUES ('Unit 5', 'Residential', 10, 1, 2, 3, '1674', 'Monthly', 0);
INSERT INTO unit (unit_name, unit_type, property_name, floor_number, bedrooms, bathrooms, trent, trent_period, vacant_status) VALUES ('Unit 1', 'Residential', 11, 1, 3, 1, '1129', 'Monthly', 0);
INSERT INTO unit (unit_name, unit_type, property_name, floor_number, bedrooms, bathrooms, trent, trent_period, vacant_status) VALUES ('Unit 2', 'Residential', 11, 3, 3, 2, '853', 'Monthly', 0);
INSERT INTO unit (unit_name, unit_type, property_name, floor_number, bedrooms, bathrooms, trent, trent_period, vacant_status) VALUES ('Unit 3', 'Residential', 11, 5, 3, 3, '1775', 'Monthly', 0);
INSERT INTO unit (unit_name, unit_type, property_name, floor_number, bedrooms, bathrooms, trent, trent_period, vacant_status) VALUES ('Unit 4', 'Residential', 11, 2, 3, 1, '3071', 'Monthly', 1);
INSERT INTO unit (unit_name, unit_type, property_name, floor_number, bedrooms, bathrooms, trent, trent_period, vacant_status) VALUES ('Unit 1', 'Residential', 12, 3, 1, 2, '2090', 'Monthly', 1);
INSERT INTO unit (unit_name, unit_type, property_name, floor_number, bedrooms, bathrooms, trent, trent_period, vacant_status) VALUES ('Unit 2', 'Residential', 12, 5, 4, 3, '2707', 'Monthly', 1);
INSERT INTO unit (unit_name, unit_type, property_name, floor_number, bedrooms, bathrooms, trent, trent_period, vacant_status) VALUES ('Unit 3', 'Residential', 12, 3, 1, 2, '1778', 'Monthly', 1);
INSERT INTO unit (unit_name, unit_type, property_name, floor_number, bedrooms, bathrooms, trent, trent_period, vacant_status) VALUES ('Unit 4', 'Residential', 12, 3, 2, 2, '2124', 'Monthly', 0);
INSERT INTO unit (unit_name, unit_type, property_name, floor_number, bedrooms, bathrooms, trent, trent_period, vacant_status) VALUES ('Unit 5', 'Residential', 12, 3, 2, 2, '1096', 'Monthly', 1);
INSERT INTO unit (unit_name, unit_type, property_name, floor_number, bedrooms, bathrooms, trent, trent_period, vacant_status) VALUES ('Unit 6', 'Residential', 12, 1, 2, 3, '2756', 'Monthly', 1);
INSERT INTO unit (unit_name, unit_type, property_name, floor_number, bedrooms, bathrooms, trent, trent_period, vacant_status) VALUES ('Unit 7', 'Residential', 12, 1, 1, 1, '1219', 'Monthly', 1);
INSERT INTO unit (unit_name, unit_type, property_name, floor_number, bedrooms, bathrooms, trent, trent_period, vacant_status) VALUES ('Unit 8', 'Residential', 12, 3, 1, 2, '3339', 'Monthly', 1);
INSERT INTO unit (unit_name, unit_type, property_name, floor_number, bedrooms, bathrooms, trent, trent_period, vacant_status) VALUES ('Unit 9', 'Residential', 12, 5, 4, 2, '2299', 'Monthly', 1);
INSERT INTO unit (unit_name, unit_type, property_name, floor_number, bedrooms, bathrooms, trent, trent_period, vacant_status) VALUES ('Unit 10', 'Residential', 12, 2, 2, 2, '3209', 'Monthly', 1);
INSERT INTO unit (unit_name, unit_type, property_name, floor_number, bedrooms, bathrooms, trent, trent_period, vacant_status) VALUES ('Unit 1', 'Residential', 13, 4, 1, 3, '1981', 'Monthly', 1);
INSERT INTO unit (unit_name, unit_type, property_name, floor_number, bedrooms, bathrooms, trent, trent_period, vacant_status) VALUES ('Unit 2', 'Residential', 13, 2, 2, 3, '1022', 'Monthly', 1);
INSERT INTO unit (unit_name, unit_type, property_name, floor_number, bedrooms, bathrooms, trent, trent_period, vacant_status) VALUES ('Unit 3', 'Residential', 13, 5, 3, 1, '1032', 'Monthly', 1);
INSERT INTO unit (unit_name, unit_type, property_name, floor_number, bedrooms, bathrooms, trent, trent_period, vacant_status) VALUES ('Unit 4', 'Residential', 13, 5, 3, 2, '2429', 'Monthly', 0);
INSERT INTO unit (unit_name, unit_type, property_name, floor_number, bedrooms, bathrooms, trent, trent_period, vacant_status) VALUES ('Unit 5', 'Residential', 13, 4, 1, 2, '2452', 'Monthly', 1);
INSERT INTO unit (unit_name, unit_type, property_name, floor_number, bedrooms, bathrooms, trent, trent_period, vacant_status) VALUES ('Unit 6', 'Residential', 13, 4, 1, 2, '1248', 'Monthly', 1);
INSERT INTO unit (unit_name, unit_type, property_name, floor_number, bedrooms, bathrooms, trent, trent_period, vacant_status) VALUES ('Unit 7', 'Residential', 13, 1, 4, 2, '1042', 'Monthly', 1);
INSERT INTO unit (unit_name, unit_type, property_name, floor_number, bedrooms, bathrooms, trent, trent_period, vacant_status) VALUES ('Unit 8', 'Residential', 13, 1, 2, 1, '3075', 'Monthly', 1);
INSERT INTO unit (unit_name, unit_type, property_name, floor_number, bedrooms, bathrooms, trent, trent_period, vacant_status) VALUES ('Unit 9', 'Residential', 13, 2, 3, 2, '3450', 'Monthly', 1);
INSERT INTO unit (unit_name, unit_type, property_name, floor_number, bedrooms, bathrooms, trent, trent_period, vacant_status) VALUES ('Unit 1', 'Residential', 14, 2, 3, 1, '2394', 'Monthly', 1);
INSERT INTO unit (unit_name, unit_type, property_name, floor_number, bedrooms, bathrooms, trent, trent_period, vacant_status) VALUES ('Unit 2', 'Residential', 14, 4, 2, 1, '2103', 'Monthly', 1);
INSERT INTO unit (unit_name, unit_type, property_name, floor_number, bedrooms, bathrooms, trent, trent_period, vacant_status) VALUES ('Unit 3', 'Residential', 14, 5, 1, 3, '3232', 'Monthly', 0);
INSERT INTO unit (unit_name, unit_type, property_name, floor_number, bedrooms, bathrooms, trent, trent_period, vacant_status) VALUES ('Unit 4', 'Residential', 14, 5, 4, 3, '2329', 'Monthly', 1);
INSERT INTO unit (unit_name, unit_type, property_name, floor_number, bedrooms, bathrooms, trent, trent_period, vacant_status) VALUES ('Unit 5', 'Residential', 14, 5, 4, 2, '1655', 'Monthly', 0);
INSERT INTO unit (unit_name, unit_type, property_name, floor_number, bedrooms, bathrooms, trent, trent_period, vacant_status) VALUES ('Unit 6', 'Residential', 14, 5, 2, 3, '3249', 'Monthly', 1);
INSERT INTO unit (unit_name, unit_type, property_name, floor_number, bedrooms, bathrooms, trent, trent_period, vacant_status) VALUES ('Unit 7', 'Residential', 14, 3, 3, 2, '2342', 'Monthly', 0);
INSERT INTO unit (unit_name, unit_type, property_name, floor_number, bedrooms, bathrooms, trent, trent_period, vacant_status) VALUES ('Unit 8', 'Residential', 14, 5, 2, 1, '2459', 'Monthly', 0);
INSERT INTO unit (unit_name, unit_type, property_name, floor_number, bedrooms, bathrooms, trent, trent_period, vacant_status) VALUES ('Unit 9', 'Residential', 14, 4, 1, 2, '1111', 'Monthly', 0);
INSERT INTO unit (unit_name, unit_type, property_name, floor_number, bedrooms, bathrooms, trent, trent_period, vacant_status) VALUES ('Unit 1', 'Residential', 15, 2, 3, 1, '2604', 'Monthly', 0);
INSERT INTO unit (unit_name, unit_type, property_name, floor_number, bedrooms, bathrooms, trent, trent_period, vacant_status) VALUES ('Unit 2', 'Residential', 15, 4, 1, 2, '3419', 'Monthly', 1);
INSERT INTO unit (unit_name, unit_type, property_name, floor_number, bedrooms, bathrooms, trent, trent_period, vacant_status) VALUES ('Unit 3', 'Residential', 15, 5, 1, 3, '2507', 'Monthly', 0);
INSERT INTO unit (unit_name, unit_type, property_name, floor_number, bedrooms, bathrooms, trent, trent_period, vacant_status) VALUES ('Unit 4', 'Residential', 15, 1, 2, 1, '1642', 'Monthly', 1);
INSERT INTO unit (unit_name, unit_type, property_name, floor_number, bedrooms, bathrooms, trent, trent_period, vacant_status) VALUES ('Unit 5', 'Residential', 15, 3, 1, 3, '3358', 'Monthly', 1);
INSERT INTO unit (unit_name, unit_type, property_name, floor_number, bedrooms, bathrooms, trent, trent_period, vacant_status) VALUES ('Unit 6', 'Residential', 15, 1, 4, 3, '1166', 'Monthly', 1);
INSERT INTO unit (unit_name, unit_type, property_name, floor_number, bedrooms, bathrooms, trent, trent_period, vacant_status) VALUES ('Unit 1', 'Residential', 16, 5, 1, 3, '2256', 'Monthly', 0);
INSERT INTO unit (unit_name, unit_type, property_name, floor_number, bedrooms, bathrooms, trent, trent_period, vacant_status) VALUES ('Unit 2', 'Residential', 16, 4, 1, 1, '2327', 'Monthly', 1);
INSERT INTO unit (unit_name, unit_type, property_name, floor_number, bedrooms, bathrooms, trent, trent_period, vacant_status) VALUES ('Unit 3', 'Residential', 16, 4, 1, 1, '3226', 'Monthly', 0);
INSERT INTO unit (unit_name, unit_type, property_name, floor_number, bedrooms, bathrooms, trent, trent_period, vacant_status) VALUES ('Unit 4', 'Residential', 16, 4, 3, 3, '2430', 'Monthly', 1);
INSERT INTO unit (unit_name, unit_type, property_name, floor_number, bedrooms, bathrooms, trent, trent_period, vacant_status) VALUES ('Unit 5', 'Residential', 16, 1, 3, 2, '2575', 'Monthly', 1);
INSERT INTO unit (unit_name, unit_type, property_name, floor_number, bedrooms, bathrooms, trent, trent_period, vacant_status) VALUES ('Unit 6', 'Residential', 16, 4, 4, 2, '3019', 'Monthly', 1);
INSERT INTO unit (unit_name, unit_type, property_name, floor_number, bedrooms, bathrooms, trent, trent_period, vacant_status) VALUES ('Unit 7', 'Residential', 16, 5, 4, 3, '1040', 'Monthly', 1);
INSERT INTO unit (unit_name, unit_type, property_name, floor_number, bedrooms, bathrooms, trent, trent_period, vacant_status) VALUES ('Unit 8', 'Residential', 16, 3, 4, 2, '1633', 'Monthly', 1);
INSERT INTO unit (unit_name, unit_type, property_name, floor_number, bedrooms, bathrooms, trent, trent_period, vacant_status) VALUES ('Unit 1', 'Residential', 17, 3, 1, 2, '2007', 'Monthly', 1);
INSERT INTO unit (unit_name, unit_type, property_name, floor_number, bedrooms, bathrooms, trent, trent_period, vacant_status) VALUES ('Unit 2', 'Residential', 17, 1, 3, 3, '2482', 'Monthly', 1);
INSERT INTO unit (unit_name, unit_type, property_name, floor_number, bedrooms, bathrooms, trent, trent_period, vacant_status) VALUES ('Unit 3', 'Residential', 17, 5, 4, 2, '2333', 'Monthly', 1);
INSERT INTO unit (unit_name, unit_type, property_name, floor_number, bedrooms, bathrooms, trent, trent_period, vacant_status) VALUES ('Unit 4', 'Residential', 17, 4, 3, 1, '2822', 'Monthly', 1);
INSERT INTO unit (unit_name, unit_type, property_name, floor_number, bedrooms, bathrooms, trent, trent_period, vacant_status) VALUES ('Unit 5', 'Residential', 17, 5, 4, 3, '3236', 'Monthly', 1);
INSERT INTO unit (unit_name, unit_type, property_name, floor_number, bedrooms, bathrooms, trent, trent_period, vacant_status) VALUES ('Unit 6', 'Residential', 17, 2, 3, 3, '3438', 'Monthly', 0);
INSERT INTO unit (unit_name, unit_type, property_name, floor_number, bedrooms, bathrooms, trent, trent_period, vacant_status) VALUES ('Unit 7', 'Residential', 17, 4, 1, 3, '3138', 'Monthly', 0);
INSERT INTO unit (unit_name, unit_type, property_name, floor_number, bedrooms, bathrooms, trent, trent_period, vacant_status) VALUES ('Unit 1', 'Residential', 18, 5, 4, 1, '1494', 'Monthly', 0);
INSERT INTO unit (unit_name, unit_type, property_name, floor_number, bedrooms, bathrooms, trent, trent_period, vacant_status) VALUES ('Unit 2', 'Residential', 18, 3, 4, 2, '2414', 'Monthly', 0);
INSERT INTO unit (unit_name, unit_type, property_name, floor_number, bedrooms, bathrooms, trent, trent_period, vacant_status) VALUES ('Unit 3', 'Residential', 18, 1, 4, 2, '1788', 'Monthly', 1);
INSERT INTO unit (unit_name, unit_type, property_name, floor_number, bedrooms, bathrooms, trent, trent_period, vacant_status) VALUES ('Unit 4', 'Residential', 18, 1, 4, 1, '2769', 'Monthly', 1);
INSERT INTO unit (unit_name, unit_type, property_name, floor_number, bedrooms, bathrooms, trent, trent_period, vacant_status) VALUES ('Unit 1', 'Residential', 19, 2, 2, 1, '3017', 'Monthly', 1);
INSERT INTO unit (unit_name, unit_type, property_name, floor_number, bedrooms, bathrooms, trent, trent_period, vacant_status) VALUES ('Unit 2', 'Residential', 19, 5, 4, 3, '2753', 'Monthly', 0);
INSERT INTO unit (unit_name, unit_type, property_name, floor_number, bedrooms, bathrooms, trent, trent_period, vacant_status) VALUES ('Unit 3', 'Residential', 19, 3, 1, 1, '2614', 'Monthly', 0);
INSERT INTO unit (unit_name, unit_type, property_name, floor_number, bedrooms, bathrooms, trent, trent_period, vacant_status) VALUES ('Unit 4', 'Residential', 19, 5, 1, 2, '2806', 'Monthly', 0);
INSERT INTO unit (unit_name, unit_type, property_name, floor_number, bedrooms, bathrooms, trent, trent_period, vacant_status) VALUES ('Unit 1', 'Residential', 20, 4, 1, 1, '2965', 'Monthly', 0);
INSERT INTO unit (unit_name, unit_type, property_name, floor_number, bedrooms, bathrooms, trent, trent_period, vacant_status) VALUES ('Unit 2', 'Residential', 20, 1, 4, 2, '3050', 'Monthly', 0);
INSERT INTO unit (unit_name, unit_type, property_name, floor_number, bedrooms, bathrooms, trent, trent_period, vacant_status) VALUES ('Unit 3', 'Residential', 20, 3, 3, 2, '1931', 'Monthly', 0);
INSERT INTO unit (unit_name, unit_type, property_name, floor_number, bedrooms, bathrooms, trent, trent_period, vacant_status) VALUES ('Unit 4', 'Residential', 20, 2, 2, 3, '1524', 'Monthly', 0);
INSERT INTO unit (unit_name, unit_type, property_name, floor_number, bedrooms, bathrooms, trent, trent_period, vacant_status) VALUES ('Unit 5', 'Residential', 20, 5, 2, 3, '3064', 'Monthly', 1);
INSERT INTO unit (unit_name, unit_type, property_name, floor_number, bedrooms, bathrooms, trent, trent_period, vacant_status) VALUES ('Unit 6', 'Residential', 20, 3, 1, 1, '2324', 'Monthly', 1);
INSERT INTO unit (unit_name, unit_type, property_name, floor_number, bedrooms, bathrooms, trent, trent_period, vacant_status) VALUES ('Unit 7', 'Residential', 20, 5, 3, 2, '1611', 'Monthly', 1);
INSERT INTO unit (unit_name, unit_type, property_name, floor_number, bedrooms, bathrooms, trent, trent_period, vacant_status) VALUES ('Unit 8', 'Residential', 20, 4, 1, 1, '1448', 'Monthly', 0);
INSERT INTO unit (unit_name, unit_type, property_name, floor_number, bedrooms, bathrooms, trent, trent_period, vacant_status) VALUES ('Unit 1', 'Residential', 21, 1, 2, 1, '2747', 'Monthly', 1);
INSERT INTO unit (unit_name, unit_type, property_name, floor_number, bedrooms, bathrooms, trent, trent_period, vacant_status) VALUES ('Unit 2', 'Residential', 21, 5, 3, 2, '2795', 'Monthly', 1);
INSERT INTO unit (unit_name, unit_type, property_name, floor_number, bedrooms, bathrooms, trent, trent_period, vacant_status) VALUES ('Unit 3', 'Residential', 21, 2, 2, 2, '3374', 'Monthly', 1);
INSERT INTO unit (unit_name, unit_type, property_name, floor_number, bedrooms, bathrooms, trent, trent_period, vacant_status) VALUES ('Unit 4', 'Residential', 21, 1, 4, 2, '823', 'Monthly', 1);
INSERT INTO unit (unit_name, unit_type, property_name, floor_number, bedrooms, bathrooms, trent, trent_period, vacant_status) VALUES ('Unit 5', 'Residential', 21, 5, 3, 1, '1622', 'Monthly', 1);
INSERT INTO unit (unit_name, unit_type, property_name, floor_number, bedrooms, bathrooms, trent, trent_period, vacant_status) VALUES ('Unit 6', 'Residential', 21, 1, 3, 1, '1013', 'Monthly', 1);
INSERT INTO unit (unit_name, unit_type, property_name, floor_number, bedrooms, bathrooms, trent, trent_period, vacant_status) VALUES ('Unit 7', 'Residential', 21, 3, 1, 1, '985', 'Monthly', 1);
INSERT INTO unit (unit_name, unit_type, property_name, floor_number, bedrooms, bathrooms, trent, trent_period, vacant_status) VALUES ('Unit 8', 'Residential', 21, 2, 1, 1, '2047', 'Monthly', 0);
INSERT INTO unit (unit_name, unit_type, property_name, floor_number, bedrooms, bathrooms, trent, trent_period, vacant_status) VALUES ('Unit 1', 'Residential', 22, 2, 2, 2, '2001', 'Monthly', 1);
INSERT INTO unit (unit_name, unit_type, property_name, floor_number, bedrooms, bathrooms, trent, trent_period, vacant_status) VALUES ('Unit 2', 'Residential', 22, 3, 3, 3, '2565', 'Monthly', 0);
INSERT INTO unit (unit_name, unit_type, property_name, floor_number, bedrooms, bathrooms, trent, trent_period, vacant_status) VALUES ('Unit 3', 'Residential', 22, 4, 3, 2, '1714', 'Monthly', 1);
INSERT INTO unit (unit_name, unit_type, property_name, floor_number, bedrooms, bathrooms, trent, trent_period, vacant_status) VALUES ('Unit 4', 'Residential', 22, 1, 4, 1, '1788', 'Monthly', 0);
INSERT INTO unit (unit_name, unit_type, property_name, floor_number, bedrooms, bathrooms, trent, trent_period, vacant_status) VALUES ('Unit 5', 'Residential', 22, 3, 3, 3, '2536', 'Monthly', 0);
INSERT INTO unit (unit_name, unit_type, property_name, floor_number, bedrooms, bathrooms, trent, trent_period, vacant_status) VALUES ('Unit 6', 'Residential', 22, 2, 1, 3, '1802', 'Monthly', 1);
INSERT INTO unit (unit_name, unit_type, property_name, floor_number, bedrooms, bathrooms, trent, trent_period, vacant_status) VALUES ('Unit 7', 'Residential', 22, 4, 3, 3, '1576', 'Monthly', 0);
INSERT INTO unit (unit_name, unit_type, property_name, floor_number, bedrooms, bathrooms, trent, trent_period, vacant_status) VALUES ('Unit 8', 'Residential', 22, 4, 1, 1, '3053', 'Monthly', 1);
INSERT INTO unit (unit_name, unit_type, property_name, floor_number, bedrooms, bathrooms, trent, trent_period, vacant_status) VALUES ('Unit 9', 'Residential', 22, 1, 3, 2, '1961', 'Monthly', 0);
INSERT INTO unit (unit_name, unit_type, property_name, floor_number, bedrooms, bathrooms, trent, trent_period, vacant_status) VALUES ('Unit 10', 'Residential', 22, 4, 3, 1, '2532', 'Monthly', 1);
INSERT INTO unit (unit_name, unit_type, property_name, floor_number, bedrooms, bathrooms, trent, trent_period, vacant_status) VALUES ('Unit 1', 'Residential', 23, 2, 3, 1, '1396', 'Monthly', 0);
INSERT INTO unit (unit_name, unit_type, property_name, floor_number, bedrooms, bathrooms, trent, trent_period, vacant_status) VALUES ('Unit 2', 'Residential', 23, 2, 3, 1, '2384', 'Monthly', 1);
INSERT INTO unit (unit_name, unit_type, property_name, floor_number, bedrooms, bathrooms, trent, trent_period, vacant_status) VALUES ('Unit 3', 'Residential', 23, 1, 4, 2, '1318', 'Monthly', 1);
INSERT INTO unit (unit_name, unit_type, property_name, floor_number, bedrooms, bathrooms, trent, trent_period, vacant_status) VALUES ('Unit 4', 'Residential', 23, 5, 3, 3, '3410', 'Monthly', 0);
INSERT INTO unit (unit_name, unit_type, property_name, floor_number, bedrooms, bathrooms, trent, trent_period, vacant_status) VALUES ('Unit 5', 'Residential', 23, 3, 1, 2, '3280', 'Monthly', 1);
INSERT INTO unit (unit_name, unit_type, property_name, floor_number, bedrooms, bathrooms, trent, trent_period, vacant_status) VALUES ('Unit 6', 'Residential', 23, 5, 1, 2, '1403', 'Monthly', 0);
INSERT INTO unit (unit_name, unit_type, property_name, floor_number, bedrooms, bathrooms, trent, trent_period, vacant_status) VALUES ('Unit 7', 'Residential', 23, 5, 2, 2, '802', 'Monthly', 1);
INSERT INTO unit (unit_name, unit_type, property_name, floor_number, bedrooms, bathrooms, trent, trent_period, vacant_status) VALUES ('Unit 1', 'Residential', 24, 5, 1, 2, '3312', 'Monthly', 1);
INSERT INTO unit (unit_name, unit_type, property_name, floor_number, bedrooms, bathrooms, trent, trent_period, vacant_status) VALUES ('Unit 2', 'Residential', 24, 4, 2, 1, '2844', 'Monthly', 0);
INSERT INTO unit (unit_name, unit_type, property_name, floor_number, bedrooms, bathrooms, trent, trent_period, vacant_status) VALUES ('Unit 3', 'Residential', 24, 5, 1, 3, '2119', 'Monthly', 1);
INSERT INTO unit (unit_name, unit_type, property_name, floor_number, bedrooms, bathrooms, trent, trent_period, vacant_status) VALUES ('Unit 4', 'Residential', 24, 3, 3, 2, '3370', 'Monthly', 1);
INSERT INTO unit (unit_name, unit_type, property_name, floor_number, bedrooms, bathrooms, trent, trent_period, vacant_status) VALUES ('Unit 5', 'Residential', 24, 3, 1, 1, '2306', 'Monthly', 0);
INSERT INTO unit (unit_name, unit_type, property_name, floor_number, bedrooms, bathrooms, trent, trent_period, vacant_status) VALUES ('Unit 6', 'Residential', 24, 5, 1, 3, '1339', 'Monthly', 0);
INSERT INTO unit (unit_name, unit_type, property_name, floor_number, bedrooms, bathrooms, trent, trent_period, vacant_status) VALUES ('Unit 7', 'Residential', 24, 4, 3, 3, '1882', 'Monthly', 0);
INSERT INTO unit (unit_name, unit_type, property_name, floor_number, bedrooms, bathrooms, trent, trent_period, vacant_status) VALUES ('Unit 8', 'Residential', 24, 1, 3, 2, '2780', 'Monthly', 1);
INSERT INTO unit (unit_name, unit_type, property_name, floor_number, bedrooms, bathrooms, trent, trent_period, vacant_status) VALUES ('Unit 1', 'Residential', 25, 5, 4, 3, '3318', 'Monthly', 0);
INSERT INTO unit (unit_name, unit_type, property_name, floor_number, bedrooms, bathrooms, trent, trent_period, vacant_status) VALUES ('Unit 2', 'Residential', 25, 3, 3, 3, '807', 'Monthly', 1);
INSERT INTO unit (unit_name, unit_type, property_name, floor_number, bedrooms, bathrooms, trent, trent_period, vacant_status) VALUES ('Unit 3', 'Residential', 25, 1, 3, 1, '2050', 'Monthly', 0);
INSERT INTO unit (unit_name, unit_type, property_name, floor_number, bedrooms, bathrooms, trent, trent_period, vacant_status) VALUES ('Unit 4', 'Residential', 25, 4, 1, 2, '1004', 'Monthly', 1);
INSERT INTO unit (unit_name, unit_type, property_name, floor_number, bedrooms, bathrooms, trent, trent_period, vacant_status) VALUES ('Unit 5', 'Residential', 25, 1, 3, 1, '1943', 'Monthly', 1);
INSERT INTO unit (unit_name, unit_type, property_name, floor_number, bedrooms, bathrooms, trent, trent_period, vacant_status) VALUES ('Unit 1', 'Residential', 26, 4, 3, 1, '2255', 'Monthly', 1);
INSERT INTO unit (unit_name, unit_type, property_name, floor_number, bedrooms, bathrooms, trent, trent_period, vacant_status) VALUES ('Unit 2', 'Residential', 26, 3, 3, 1, '3007', 'Monthly', 0);
INSERT INTO unit (unit_name, unit_type, property_name, floor_number, bedrooms, bathrooms, trent, trent_period, vacant_status) VALUES ('Unit 3', 'Residential', 26, 3, 4, 3, '3381', 'Monthly', 0);
INSERT INTO unit (unit_name, unit_type, property_name, floor_number, bedrooms, bathrooms, trent, trent_period, vacant_status) VALUES ('Unit 4', 'Residential', 26, 5, 4, 2, '2307', 'Monthly', 0);
INSERT INTO unit (unit_name, unit_type, property_name, floor_number, bedrooms, bathrooms, trent, trent_period, vacant_status) VALUES ('Unit 1', 'Residential', 27, 2, 3, 3, '1818', 'Monthly', 1);
INSERT INTO unit (unit_name, unit_type, property_name, floor_number, bedrooms, bathrooms, trent, trent_period, vacant_status) VALUES ('Unit 2', 'Residential', 27, 1, 3, 3, '1774', 'Monthly', 0);
INSERT INTO unit (unit_name, unit_type, property_name, floor_number, bedrooms, bathrooms, trent, trent_period, vacant_status) VALUES ('Unit 3', 'Residential', 27, 2, 3, 1, '1264', 'Monthly', 0);
INSERT INTO unit (unit_name, unit_type, property_name, floor_number, bedrooms, bathrooms, trent, trent_period, vacant_status) VALUES ('Unit 4', 'Residential', 27, 3, 3, 2, '3150', 'Monthly', 1);
INSERT INTO unit (unit_name, unit_type, property_name, floor_number, bedrooms, bathrooms, trent, trent_period, vacant_status) VALUES ('Unit 5', 'Residential', 27, 5, 3, 3, '2250', 'Monthly', 1);
INSERT INTO unit (unit_name, unit_type, property_name, floor_number, bedrooms, bathrooms, trent, trent_period, vacant_status) VALUES ('Unit 6', 'Residential', 27, 5, 1, 2, '2338', 'Monthly', 0);
INSERT INTO unit (unit_name, unit_type, property_name, floor_number, bedrooms, bathrooms, trent, trent_period, vacant_status) VALUES ('Unit 7', 'Residential', 27, 3, 3, 3, '1485', 'Monthly', 0);
INSERT INTO unit (unit_name, unit_type, property_name, floor_number, bedrooms, bathrooms, trent, trent_period, vacant_status) VALUES ('Unit 8', 'Residential', 27, 3, 4, 1, '2861', 'Monthly', 0);
INSERT INTO unit (unit_name, unit_type, property_name, floor_number, bedrooms, bathrooms, trent, trent_period, vacant_status) VALUES ('Unit 9', 'Residential', 27, 4, 4, 3, '1443', 'Monthly', 0);
INSERT INTO unit (unit_name, unit_type, property_name, floor_number, bedrooms, bathrooms, trent, trent_period, vacant_status) VALUES ('Unit 1', 'Residential', 28, 3, 1, 2, '1173', 'Monthly', 0);
INSERT INTO unit (unit_name, unit_type, property_name, floor_number, bedrooms, bathrooms, trent, trent_period, vacant_status) VALUES ('Unit 2', 'Residential', 28, 1, 1, 2, '1261', 'Monthly', 0);
INSERT INTO unit (unit_name, unit_type, property_name, floor_number, bedrooms, bathrooms, trent, trent_period, vacant_status) VALUES ('Unit 3', 'Residential', 28, 5, 3, 2, '2222', 'Monthly', 0);
INSERT INTO unit (unit_name, unit_type, property_name, floor_number, bedrooms, bathrooms, trent, trent_period, vacant_status) VALUES ('Unit 4', 'Residential', 28, 3, 3, 2, '2246', 'Monthly', 1);
INSERT INTO unit (unit_name, unit_type, property_name, floor_number, bedrooms, bathrooms, trent, trent_period, vacant_status) VALUES ('Unit 5', 'Residential', 28, 4, 4, 3, '1495', 'Monthly', 0);
INSERT INTO unit (unit_name, unit_type, property_name, floor_number, bedrooms, bathrooms, trent, trent_period, vacant_status) VALUES ('Unit 1', 'Residential', 29, 1, 3, 2, '1886', 'Monthly', 1);
INSERT INTO unit (unit_name, unit_type, property_name, floor_number, bedrooms, bathrooms, trent, trent_period, vacant_status) VALUES ('Unit 2', 'Residential', 29, 3, 2, 1, '1408', 'Monthly', 1);
INSERT INTO unit (unit_name, unit_type, property_name, floor_number, bedrooms, bathrooms, trent, trent_period, vacant_status) VALUES ('Unit 3', 'Residential', 29, 1, 1, 2, '2997', 'Monthly', 0);
INSERT INTO unit (unit_name, unit_type, property_name, floor_number, bedrooms, bathrooms, trent, trent_period, vacant_status) VALUES ('Unit 4', 'Residential', 29, 3, 1, 3, '1699', 'Monthly', 0);
INSERT INTO unit (unit_name, unit_type, property_name, floor_number, bedrooms, bathrooms, trent, trent_period, vacant_status) VALUES ('Unit 1', 'Residential', 30, 2, 3, 3, '2883', 'Monthly', 0);
INSERT INTO unit (unit_name, unit_type, property_name, floor_number, bedrooms, bathrooms, trent, trent_period, vacant_status) VALUES ('Unit 2', 'Residential', 30, 5, 1, 1, '2138', 'Monthly', 0);
INSERT INTO unit (unit_name, unit_type, property_name, floor_number, bedrooms, bathrooms, trent, trent_period, vacant_status) VALUES ('Unit 3', 'Residential', 30, 4, 1, 1, '2260', 'Monthly', 1);
INSERT INTO unit (unit_name, unit_type, property_name, floor_number, bedrooms, bathrooms, trent, trent_period, vacant_status) VALUES ('Unit 4', 'Residential', 30, 3, 2, 2, '1177', 'Monthly', 1);
INSERT INTO unit (unit_name, unit_type, property_name, floor_number, bedrooms, bathrooms, trent, trent_period, vacant_status) VALUES ('Unit 5', 'Residential', 30, 3, 1, 3, '1403', 'Monthly', 1);
INSERT INTO unit (unit_name, unit_type, property_name, floor_number, bedrooms, bathrooms, trent, trent_period, vacant_status) VALUES ('Unit 6', 'Residential', 30, 3, 2, 1, '3134', 'Monthly', 1);
INSERT INTO unit (unit_name, unit_type, property_name, floor_number, bedrooms, bathrooms, trent, trent_period, vacant_status) VALUES ('Unit 7', 'Residential', 30, 3, 1, 2, '1366', 'Monthly', 1);
INSERT INTO unit (unit_name, unit_type, property_name, floor_number, bedrooms, bathrooms, trent, trent_period, vacant_status) VALUES ('Unit 1', 'Residential', 31, 2, 2, 1, '2425', 'Monthly', 1);
INSERT INTO unit (unit_name, unit_type, property_name, floor_number, bedrooms, bathrooms, trent, trent_period, vacant_status) VALUES ('Unit 2', 'Residential', 31, 2, 3, 1, '1252', 'Monthly', 1);
INSERT INTO unit (unit_name, unit_type, property_name, floor_number, bedrooms, bathrooms, trent, trent_period, vacant_status) VALUES ('Unit 3', 'Residential', 31, 1, 4, 1, '2540', 'Monthly', 1);
INSERT INTO unit (unit_name, unit_type, property_name, floor_number, bedrooms, bathrooms, trent, trent_period, vacant_status) VALUES ('Unit 4', 'Residential', 31, 3, 4, 3, '2457', 'Monthly', 1);
INSERT INTO unit (unit_name, unit_type, property_name, floor_number, bedrooms, bathrooms, trent, trent_period, vacant_status) VALUES ('Unit 5', 'Residential', 31, 1, 1, 3, '1561', 'Monthly', 0);
INSERT INTO unit (unit_name, unit_type, property_name, floor_number, bedrooms, bathrooms, trent, trent_period, vacant_status) VALUES ('Unit 6', 'Residential', 31, 1, 3, 3, '2020', 'Monthly', 1);
INSERT INTO unit (unit_name, unit_type, property_name, floor_number, bedrooms, bathrooms, trent, trent_period, vacant_status) VALUES ('Unit 1', 'Residential', 32, 4, 1, 1, '1149', 'Monthly', 0);
INSERT INTO unit (unit_name, unit_type, property_name, floor_number, bedrooms, bathrooms, trent, trent_period, vacant_status) VALUES ('Unit 2', 'Residential', 32, 1, 4, 1, '1053', 'Monthly', 1);
INSERT INTO unit (unit_name, unit_type, property_name, floor_number, bedrooms, bathrooms, trent, trent_period, vacant_status) VALUES ('Unit 3', 'Residential', 32, 5, 1, 2, '1378', 'Monthly', 0);
INSERT INTO unit (unit_name, unit_type, property_name, floor_number, bedrooms, bathrooms, trent, trent_period, vacant_status) VALUES ('Unit 4', 'Residential', 32, 2, 3, 2, '3045', 'Monthly', 1);
INSERT INTO unit (unit_name, unit_type, property_name, floor_number, bedrooms, bathrooms, trent, trent_period, vacant_status) VALUES ('Unit 5', 'Residential', 32, 4, 1, 3, '3079', 'Monthly', 0);
INSERT INTO unit (unit_name, unit_type, property_name, floor_number, bedrooms, bathrooms, trent, trent_period, vacant_status) VALUES ('Unit 6', 'Residential', 32, 1, 4, 1, '1966', 'Monthly', 0);
INSERT INTO unit (unit_name, unit_type, property_name, floor_number, bedrooms, bathrooms, trent, trent_period, vacant_status) VALUES ('Unit 1', 'Residential', 33, 1, 1, 2, '2577', 'Monthly', 0);
INSERT INTO unit (unit_name, unit_type, property_name, floor_number, bedrooms, bathrooms, trent, trent_period, vacant_status) VALUES ('Unit 2', 'Residential', 33, 2, 3, 3, '833', 'Monthly', 0);
INSERT INTO unit (unit_name, unit_type, property_name, floor_number, bedrooms, bathrooms, trent, trent_period, vacant_status) VALUES ('Unit 3', 'Residential', 33, 1, 4, 3, '3221', 'Monthly', 0);
INSERT INTO unit (unit_name, unit_type, property_name, floor_number, bedrooms, bathrooms, trent, trent_period, vacant_status) VALUES ('Unit 4', 'Residential', 33, 5, 2, 2, '2206', 'Monthly', 1);
INSERT INTO unit (unit_name, unit_type, property_name, floor_number, bedrooms, bathrooms, trent, trent_period, vacant_status) VALUES ('Unit 1', 'Residential', 34, 5, 2, 1, '906', 'Monthly', 1);
INSERT INTO unit (unit_name, unit_type, property_name, floor_number, bedrooms, bathrooms, trent, trent_period, vacant_status) VALUES ('Unit 2', 'Residential', 34, 5, 3, 1, '2090', 'Monthly', 1);
INSERT INTO unit (unit_name, unit_type, property_name, floor_number, bedrooms, bathrooms, trent, trent_period, vacant_status) VALUES ('Unit 3', 'Residential', 34, 1, 1, 2, '3142', 'Monthly', 0);
INSERT INTO unit (unit_name, unit_type, property_name, floor_number, bedrooms, bathrooms, trent, trent_period, vacant_status) VALUES ('Unit 4', 'Residential', 34, 4, 3, 2, '1284', 'Monthly', 1);
INSERT INTO unit (unit_name, unit_type, property_name, floor_number, bedrooms, bathrooms, trent, trent_period, vacant_status) VALUES ('Unit 5', 'Residential', 34, 4, 1, 3, '1210', 'Monthly', 0);
INSERT INTO unit (unit_name, unit_type, property_name, floor_number, bedrooms, bathrooms, trent, trent_period, vacant_status) VALUES ('Unit 6', 'Residential', 34, 2, 2, 3, '3087', 'Monthly', 0);
INSERT INTO unit (unit_name, unit_type, property_name, floor_number, bedrooms, bathrooms, trent, trent_period, vacant_status) VALUES ('Unit 7', 'Residential', 34, 3, 4, 1, '1733', 'Monthly', 1);
INSERT INTO unit (unit_name, unit_type, property_name, floor_number, bedrooms, bathrooms, trent, trent_period, vacant_status) VALUES ('Unit 8', 'Residential', 34, 2, 1, 3, '1024', 'Monthly', 1);
INSERT INTO unit (unit_name, unit_type, property_name, floor_number, bedrooms, bathrooms, trent, trent_period, vacant_status) VALUES ('Unit 9', 'Residential', 34, 3, 3, 2, '822', 'Monthly', 0);
INSERT INTO unit (unit_name, unit_type, property_name, floor_number, bedrooms, bathrooms, trent, trent_period, vacant_status) VALUES ('Unit 1', 'Residential', 35, 3, 1, 3, '921', 'Monthly', 0);
INSERT INTO unit (unit_name, unit_type, property_name, floor_number, bedrooms, bathrooms, trent, trent_period, vacant_status) VALUES ('Unit 2', 'Residential', 35, 3, 3, 3, '1636', 'Monthly', 1);
INSERT INTO unit (unit_name, unit_type, property_name, floor_number, bedrooms, bathrooms, trent, trent_period, vacant_status) VALUES ('Unit 3', 'Residential', 35, 3, 1, 1, '1368', 'Monthly', 1);
INSERT INTO unit (unit_name, unit_type, property_name, floor_number, bedrooms, bathrooms, trent, trent_period, vacant_status) VALUES ('Unit 4', 'Residential', 35, 2, 4, 3, '1352', 'Monthly', 1);
INSERT INTO unit (unit_name, unit_type, property_name, floor_number, bedrooms, bathrooms, trent, trent_period, vacant_status) VALUES ('Unit 5', 'Residential', 35, 4, 2, 3, '2635', 'Monthly', 1);
INSERT INTO unit (unit_name, unit_type, property_name, floor_number, bedrooms, bathrooms, trent, trent_period, vacant_status) VALUES ('Unit 6', 'Residential', 35, 3, 2, 3, '2879', 'Monthly', 1);
INSERT INTO unit (unit_name, unit_type, property_name, floor_number, bedrooms, bathrooms, trent, trent_period, vacant_status) VALUES ('Unit 7', 'Residential', 35, 5, 3, 1, '1588', 'Monthly', 1);
INSERT INTO unit (unit_name, unit_type, property_name, floor_number, bedrooms, bathrooms, trent, trent_period, vacant_status) VALUES ('Unit 8', 'Residential', 35, 3, 3, 1, '2464', 'Monthly', 0);
INSERT INTO unit (unit_name, unit_type, property_name, floor_number, bedrooms, bathrooms, trent, trent_period, vacant_status) VALUES ('Unit 9', 'Residential', 35, 5, 3, 3, '2097', 'Monthly', 0);
INSERT INTO unit (unit_name, unit_type, property_name, floor_number, bedrooms, bathrooms, trent, trent_period, vacant_status) VALUES ('Unit 10', 'Residential', 35, 4, 2, 3, '1400', 'Monthly', 0);
INSERT INTO unit (unit_name, unit_type, property_name, floor_number, bedrooms, bathrooms, trent, trent_period, vacant_status) VALUES ('Unit 1', 'Residential', 36, 5, 1, 2, '3309', 'Monthly', 1);
INSERT INTO unit (unit_name, unit_type, property_name, floor_number, bedrooms, bathrooms, trent, trent_period, vacant_status) VALUES ('Unit 2', 'Residential', 36, 5, 2, 2, '1812', 'Monthly', 1);
INSERT INTO unit (unit_name, unit_type, property_name, floor_number, bedrooms, bathrooms, trent, trent_period, vacant_status) VALUES ('Unit 3', 'Residential', 36, 3, 1, 3, '3364', 'Monthly', 0);
INSERT INTO unit (unit_name, unit_type, property_name, floor_number, bedrooms, bathrooms, trent, trent_period, vacant_status) VALUES ('Unit 4', 'Residential', 36, 3, 2, 2, '1257', 'Monthly', 0);
INSERT INTO unit (unit_name, unit_type, property_name, floor_number, bedrooms, bathrooms, trent, trent_period, vacant_status) VALUES ('Unit 5', 'Residential', 36, 3, 4, 2, '2060', 'Monthly', 1);
INSERT INTO unit (unit_name, unit_type, property_name, floor_number, bedrooms, bathrooms, trent, trent_period, vacant_status) VALUES ('Unit 6', 'Residential', 36, 2, 2, 1, '2356', 'Monthly', 0);
INSERT INTO unit (unit_name, unit_type, property_name, floor_number, bedrooms, bathrooms, trent, trent_period, vacant_status) VALUES ('Unit 7', 'Residential', 36, 5, 2, 3, '2583', 'Monthly', 1);
INSERT INTO unit (unit_name, unit_type, property_name, floor_number, bedrooms, bathrooms, trent, trent_period, vacant_status) VALUES ('Unit 8', 'Residential', 36, 5, 4, 1, '1077', 'Monthly', 0);
INSERT INTO unit (unit_name, unit_type, property_name, floor_number, bedrooms, bathrooms, trent, trent_period, vacant_status) VALUES ('Unit 9', 'Residential', 36, 2, 2, 3, '1076', 'Monthly', 1);
INSERT INTO unit (unit_name, unit_type, property_name, floor_number, bedrooms, bathrooms, trent, trent_period, vacant_status) VALUES ('Unit 1', 'Residential', 37, 5, 4, 1, '2046', 'Monthly', 0);
INSERT INTO unit (unit_name, unit_type, property_name, floor_number, bedrooms, bathrooms, trent, trent_period, vacant_status) VALUES ('Unit 2', 'Residential', 37, 2, 2, 3, '1791', 'Monthly', 0);
INSERT INTO unit (unit_name, unit_type, property_name, floor_number, bedrooms, bathrooms, trent, trent_period, vacant_status) VALUES ('Unit 3', 'Residential', 37, 2, 3, 3, '2577', 'Monthly', 0);
INSERT INTO unit (unit_name, unit_type, property_name, floor_number, bedrooms, bathrooms, trent, trent_period, vacant_status) VALUES ('Unit 4', 'Residential', 37, 5, 2, 2, '1810', 'Monthly', 1);
INSERT INTO unit (unit_name, unit_type, property_name, floor_number, bedrooms, bathrooms, trent, trent_period, vacant_status) VALUES ('Unit 5', 'Residential', 37, 5, 1, 1, '2537', 'Monthly', 0);
INSERT INTO unit (unit_name, unit_type, property_name, floor_number, bedrooms, bathrooms, trent, trent_period, vacant_status) VALUES ('Unit 6', 'Residential', 37, 4, 1, 2, '1703', 'Monthly', 0);
INSERT INTO unit (unit_name, unit_type, property_name, floor_number, bedrooms, bathrooms, trent, trent_period, vacant_status) VALUES ('Unit 7', 'Residential', 37, 4, 3, 1, '1187', 'Monthly', 0);
INSERT INTO unit (unit_name, unit_type, property_name, floor_number, bedrooms, bathrooms, trent, trent_period, vacant_status) VALUES ('Unit 8', 'Residential', 37, 3, 4, 3, '2116', 'Monthly', 0);
INSERT INTO unit (unit_name, unit_type, property_name, floor_number, bedrooms, bathrooms, trent, trent_period, vacant_status) VALUES ('Unit 1', 'Residential', 38, 2, 2, 2, '980', 'Monthly', 1);
INSERT INTO unit (unit_name, unit_type, property_name, floor_number, bedrooms, bathrooms, trent, trent_period, vacant_status) VALUES ('Unit 2', 'Residential', 38, 3, 1, 3, '2981', 'Monthly', 1);
INSERT INTO unit (unit_name, unit_type, property_name, floor_number, bedrooms, bathrooms, trent, trent_period, vacant_status) VALUES ('Unit 3', 'Residential', 38, 1, 3, 2, '1623', 'Monthly', 0);
INSERT INTO unit (unit_name, unit_type, property_name, floor_number, bedrooms, bathrooms, trent, trent_period, vacant_status) VALUES ('Unit 4', 'Residential', 38, 1, 1, 1, '3245', 'Monthly', 0);
INSERT INTO unit (unit_name, unit_type, property_name, floor_number, bedrooms, bathrooms, trent, trent_period, vacant_status) VALUES ('Unit 5', 'Residential', 38, 4, 1, 1, '1755', 'Monthly', 0);
INSERT INTO unit (unit_name, unit_type, property_name, floor_number, bedrooms, bathrooms, trent, trent_period, vacant_status) VALUES ('Unit 6', 'Residential', 38, 3, 1, 1, '1396', 'Monthly', 0);
INSERT INTO unit (unit_name, unit_type, property_name, floor_number, bedrooms, bathrooms, trent, trent_period, vacant_status) VALUES ('Unit 7', 'Residential', 38, 1, 3, 3, '1956', 'Monthly', 0);
INSERT INTO unit (unit_name, unit_type, property_name, floor_number, bedrooms, bathrooms, trent, trent_period, vacant_status) VALUES ('Unit 8', 'Residential', 38, 5, 4, 3, '1984', 'Monthly', 0);
INSERT INTO unit (unit_name, unit_type, property_name, floor_number, bedrooms, bathrooms, trent, trent_period, vacant_status) VALUES ('Unit 9', 'Residential', 38, 2, 1, 1, '807', 'Monthly', 0);
INSERT INTO unit (unit_name, unit_type, property_name, floor_number, bedrooms, bathrooms, trent, trent_period, vacant_status) VALUES ('Unit 10', 'Residential', 38, 5, 4, 3, '2106', 'Monthly', 1);
INSERT INTO unit (unit_name, unit_type, property_name, floor_number, bedrooms, bathrooms, trent, trent_period, vacant_status) VALUES ('Unit 1', 'Residential', 39, 1, 1, 3, '1494', 'Monthly', 0);
INSERT INTO unit (unit_name, unit_type, property_name, floor_number, bedrooms, bathrooms, trent, trent_period, vacant_status) VALUES ('Unit 2', 'Residential', 39, 5, 2, 1, '2153', 'Monthly', 0);
INSERT INTO unit (unit_name, unit_type, property_name, floor_number, bedrooms, bathrooms, trent, trent_period, vacant_status) VALUES ('Unit 3', 'Residential', 39, 5, 3, 3, '1139', 'Monthly', 0);
INSERT INTO unit (unit_name, unit_type, property_name, floor_number, bedrooms, bathrooms, trent, trent_period, vacant_status) VALUES ('Unit 4', 'Residential', 39, 5, 1, 2, '1797', 'Monthly', 0);
INSERT INTO unit (unit_name, unit_type, property_name, floor_number, bedrooms, bathrooms, trent, trent_period, vacant_status) VALUES ('Unit 5', 'Residential', 39, 1, 3, 1, '2301', 'Monthly', 1);
INSERT INTO unit (unit_name, unit_type, property_name, floor_number, bedrooms, bathrooms, trent, trent_period, vacant_status) VALUES ('Unit 1', 'Residential', 40, 5, 3, 1, '3377', 'Monthly', 0);
INSERT INTO unit (unit_name, unit_type, property_name, floor_number, bedrooms, bathrooms, trent, trent_period, vacant_status) VALUES ('Unit 2', 'Residential', 40, 4, 4, 3, '2952', 'Monthly', 0);
INSERT INTO unit (unit_name, unit_type, property_name, floor_number, bedrooms, bathrooms, trent, trent_period, vacant_status) VALUES ('Unit 3', 'Residential', 40, 2, 4, 1, '2255', 'Monthly', 0);
INSERT INTO unit (unit_name, unit_type, property_name, floor_number, bedrooms, bathrooms, trent, trent_period, vacant_status) VALUES ('Unit 4', 'Residential', 40, 1, 3, 1, '1543', 'Monthly', 1);
INSERT INTO unit (unit_name, unit_type, property_name, floor_number, bedrooms, bathrooms, trent, trent_period, vacant_status) VALUES ('Unit 5', 'Residential', 40, 4, 4, 2, '2658', 'Monthly', 0);
INSERT INTO unit (unit_name, unit_type, property_name, floor_number, bedrooms, bathrooms, trent, trent_period, vacant_status) VALUES ('Unit 6', 'Residential', 40, 1, 1, 1, '1971', 'Monthly', 0);
INSERT INTO unit (unit_name, unit_type, property_name, floor_number, bedrooms, bathrooms, trent, trent_period, vacant_status) VALUES ('Unit 7', 'Residential', 40, 1, 2, 2, '1674', 'Monthly', 1);
INSERT INTO unit (unit_name, unit_type, property_name, floor_number, bedrooms, bathrooms, trent, trent_period, vacant_status) VALUES ('Unit 8', 'Residential', 40, 1, 4, 1, '3189', 'Monthly', 0);
INSERT INTO unit (unit_name, unit_type, property_name, floor_number, bedrooms, bathrooms, trent, trent_period, vacant_status) VALUES ('Unit 1', 'Residential', 41, 1, 1, 1, '2502', 'Monthly', 1);
INSERT INTO unit (unit_name, unit_type, property_name, floor_number, bedrooms, bathrooms, trent, trent_period, vacant_status) VALUES ('Unit 2', 'Residential', 41, 1, 2, 1, '858', 'Monthly', 0);
INSERT INTO unit (unit_name, unit_type, property_name, floor_number, bedrooms, bathrooms, trent, trent_period, vacant_status) VALUES ('Unit 3', 'Residential', 41, 2, 2, 1, '2550', 'Monthly', 1);
INSERT INTO unit (unit_name, unit_type, property_name, floor_number, bedrooms, bathrooms, trent, trent_period, vacant_status) VALUES ('Unit 4', 'Residential', 41, 4, 1, 2, '1945', 'Monthly', 1);
INSERT INTO unit (unit_name, unit_type, property_name, floor_number, bedrooms, bathrooms, trent, trent_period, vacant_status) VALUES ('Unit 5', 'Residential', 41, 3, 1, 3, '1193', 'Monthly', 1);
INSERT INTO unit (unit_name, unit_type, property_name, floor_number, bedrooms, bathrooms, trent, trent_period, vacant_status) VALUES ('Unit 6', 'Residential', 41, 5, 3, 1, '3272', 'Monthly', 0);
INSERT INTO unit (unit_name, unit_type, property_name, floor_number, bedrooms, bathrooms, trent, trent_period, vacant_status) VALUES ('Unit 7', 'Residential', 41, 2, 3, 2, '1483', 'Monthly', 0);
INSERT INTO unit (unit_name, unit_type, property_name, floor_number, bedrooms, bathrooms, trent, trent_period, vacant_status) VALUES ('Unit 8', 'Residential', 41, 4, 3, 1, '1679', 'Monthly', 1);
INSERT INTO unit (unit_name, unit_type, property_name, floor_number, bedrooms, bathrooms, trent, trent_period, vacant_status) VALUES ('Unit 9', 'Residential', 41, 4, 1, 2, '830', 'Monthly', 1);
INSERT INTO unit (unit_name, unit_type, property_name, floor_number, bedrooms, bathrooms, trent, trent_period, vacant_status) VALUES ('Unit 1', 'Residential', 42, 2, 4, 3, '2515', 'Monthly', 1);
INSERT INTO unit (unit_name, unit_type, property_name, floor_number, bedrooms, bathrooms, trent, trent_period, vacant_status) VALUES ('Unit 2', 'Residential', 42, 1, 3, 3, '2427', 'Monthly', 0);
INSERT INTO unit (unit_name, unit_type, property_name, floor_number, bedrooms, bathrooms, trent, trent_period, vacant_status) VALUES ('Unit 3', 'Residential', 42, 2, 4, 2, '2430', 'Monthly', 0);
INSERT INTO unit (unit_name, unit_type, property_name, floor_number, bedrooms, bathrooms, trent, trent_period, vacant_status) VALUES ('Unit 4', 'Residential', 42, 5, 1, 2, '1425', 'Monthly', 1);
INSERT INTO unit (unit_name, unit_type, property_name, floor_number, bedrooms, bathrooms, trent, trent_period, vacant_status) VALUES ('Unit 5', 'Residential', 42, 4, 3, 1, '2168', 'Monthly', 1);
INSERT INTO unit (unit_name, unit_type, property_name, floor_number, bedrooms, bathrooms, trent, trent_period, vacant_status) VALUES ('Unit 6', 'Residential', 42, 5, 4, 3, '1694', 'Monthly', 1);
INSERT INTO unit (unit_name, unit_type, property_name, floor_number, bedrooms, bathrooms, trent, trent_period, vacant_status) VALUES ('Unit 7', 'Residential', 42, 4, 3, 2, '2007', 'Monthly', 0);
INSERT INTO unit (unit_name, unit_type, property_name, floor_number, bedrooms, bathrooms, trent, trent_period, vacant_status) VALUES ('Unit 1', 'Residential', 43, 5, 3, 2, '2140', 'Monthly', 0);
INSERT INTO unit (unit_name, unit_type, property_name, floor_number, bedrooms, bathrooms, trent, trent_period, vacant_status) VALUES ('Unit 2', 'Residential', 43, 1, 3, 1, '1184', 'Monthly', 0);
INSERT INTO unit (unit_name, unit_type, property_name, floor_number, bedrooms, bathrooms, trent, trent_period, vacant_status) VALUES ('Unit 3', 'Residential', 43, 1, 1, 3, '2066', 'Monthly', 0);
INSERT INTO unit (unit_name, unit_type, property_name, floor_number, bedrooms, bathrooms, trent, trent_period, vacant_status) VALUES ('Unit 4', 'Residential', 43, 3, 4, 1, '1998', 'Monthly', 0);
INSERT INTO unit (unit_name, unit_type, property_name, floor_number, bedrooms, bathrooms, trent, trent_period, vacant_status) VALUES ('Unit 5', 'Residential', 43, 2, 2, 3, '2688', 'Monthly', 1);
INSERT INTO unit (unit_name, unit_type, property_name, floor_number, bedrooms, bathrooms, trent, trent_period, vacant_status) VALUES ('Unit 6', 'Residential', 43, 3, 1, 3, '1803', 'Monthly', 1);
INSERT INTO unit (unit_name, unit_type, property_name, floor_number, bedrooms, bathrooms, trent, trent_period, vacant_status) VALUES ('Unit 7', 'Residential', 43, 4, 3, 3, '1990', 'Monthly', 0);
INSERT INTO unit (unit_name, unit_type, property_name, floor_number, bedrooms, bathrooms, trent, trent_period, vacant_status) VALUES ('Unit 8', 'Residential', 43, 2, 3, 2, '3417', 'Monthly', 0);
INSERT INTO unit (unit_name, unit_type, property_name, floor_number, bedrooms, bathrooms, trent, trent_period, vacant_status) VALUES ('Unit 9', 'Residential', 43, 1, 4, 3, '3423', 'Monthly', 1);
INSERT INTO unit (unit_name, unit_type, property_name, floor_number, bedrooms, bathrooms, trent, trent_period, vacant_status) VALUES ('Unit 10', 'Residential', 43, 4, 2, 3, '2941', 'Monthly', 1);
INSERT INTO unit (unit_name, unit_type, property_name, floor_number, bedrooms, bathrooms, trent, trent_period, vacant_status) VALUES ('Unit 1', 'Residential', 44, 5, 2, 3, '3420', 'Monthly', 0);
INSERT INTO unit (unit_name, unit_type, property_name, floor_number, bedrooms, bathrooms, trent, trent_period, vacant_status) VALUES ('Unit 2', 'Residential', 44, 5, 3, 3, '2218', 'Monthly', 1);
INSERT INTO unit (unit_name, unit_type, property_name, floor_number, bedrooms, bathrooms, trent, trent_period, vacant_status) VALUES ('Unit 3', 'Residential', 44, 2, 4, 3, '3038', 'Monthly', 1);
INSERT INTO unit (unit_name, unit_type, property_name, floor_number, bedrooms, bathrooms, trent, trent_period, vacant_status) VALUES ('Unit 4', 'Residential', 44, 4, 2, 2, '1011', 'Monthly', 1);
INSERT INTO unit (unit_name, unit_type, property_name, floor_number, bedrooms, bathrooms, trent, trent_period, vacant_status) VALUES ('Unit 1', 'Residential', 45, 5, 4, 3, '982', 'Monthly', 1);
INSERT INTO unit (unit_name, unit_type, property_name, floor_number, bedrooms, bathrooms, trent, trent_period, vacant_status) VALUES ('Unit 2', 'Residential', 45, 3, 4, 2, '1576', 'Monthly', 1);
INSERT INTO unit (unit_name, unit_type, property_name, floor_number, bedrooms, bathrooms, trent, trent_period, vacant_status) VALUES ('Unit 3', 'Residential', 45, 2, 1, 3, '2912', 'Monthly', 1);
INSERT INTO unit (unit_name, unit_type, property_name, floor_number, bedrooms, bathrooms, trent, trent_period, vacant_status) VALUES ('Unit 4', 'Residential', 45, 5, 4, 1, '3209', 'Monthly', 0);
INSERT INTO unit (unit_name, unit_type, property_name, floor_number, bedrooms, bathrooms, trent, trent_period, vacant_status) VALUES ('Unit 5', 'Residential', 45, 4, 3, 1, '2941', 'Monthly', 0);
INSERT INTO unit (unit_name, unit_type, property_name, floor_number, bedrooms, bathrooms, trent, trent_period, vacant_status) VALUES ('Unit 1', 'Residential', 46, 4, 3, 2, '3023', 'Monthly', 1);
INSERT INTO unit (unit_name, unit_type, property_name, floor_number, bedrooms, bathrooms, trent, trent_period, vacant_status) VALUES ('Unit 2', 'Residential', 46, 1, 2, 2, '1229', 'Monthly', 1);
INSERT INTO unit (unit_name, unit_type, property_name, floor_number, bedrooms, bathrooms, trent, trent_period, vacant_status) VALUES ('Unit 3', 'Residential', 46, 4, 4, 3, '1452', 'Monthly', 0);
INSERT INTO unit (unit_name, unit_type, property_name, floor_number, bedrooms, bathrooms, trent, trent_period, vacant_status) VALUES ('Unit 4', 'Residential', 46, 4, 1, 3, '3131', 'Monthly', 1);
INSERT INTO unit (unit_name, unit_type, property_name, floor_number, bedrooms, bathrooms, trent, trent_period, vacant_status) VALUES ('Unit 5', 'Residential', 46, 2, 1, 1, '3446', 'Monthly', 1);
INSERT INTO unit (unit_name, unit_type, property_name, floor_number, bedrooms, bathrooms, trent, trent_period, vacant_status) VALUES ('Unit 6', 'Residential', 46, 3, 4, 2, '3041', 'Monthly', 1);
INSERT INTO unit (unit_name, unit_type, property_name, floor_number, bedrooms, bathrooms, trent, trent_period, vacant_status) VALUES ('Unit 7', 'Residential', 46, 3, 2, 3, '1387', 'Monthly', 1);
INSERT INTO unit (unit_name, unit_type, property_name, floor_number, bedrooms, bathrooms, trent, trent_period, vacant_status) VALUES ('Unit 8', 'Residential', 46, 1, 1, 2, '1643', 'Monthly', 0);
INSERT INTO unit (unit_name, unit_type, property_name, floor_number, bedrooms, bathrooms, trent, trent_period, vacant_status) VALUES ('Unit 1', 'Residential', 47, 3, 2, 1, '1092', 'Monthly', 1);
INSERT INTO unit (unit_name, unit_type, property_name, floor_number, bedrooms, bathrooms, trent, trent_period, vacant_status) VALUES ('Unit 2', 'Residential', 47, 2, 2, 2, '1573', 'Monthly', 1);
INSERT INTO unit (unit_name, unit_type, property_name, floor_number, bedrooms, bathrooms, trent, trent_period, vacant_status) VALUES ('Unit 3', 'Residential', 47, 1, 2, 1, '3060', 'Monthly', 0);
INSERT INTO unit (unit_name, unit_type, property_name, floor_number, bedrooms, bathrooms, trent, trent_period, vacant_status) VALUES ('Unit 4', 'Residential', 47, 1, 2, 2, '1567', 'Monthly', 0);
INSERT INTO unit (unit_name, unit_type, property_name, floor_number, bedrooms, bathrooms, trent, trent_period, vacant_status) VALUES ('Unit 5', 'Residential', 47, 4, 1, 3, '2505', 'Monthly', 0);
INSERT INTO unit (unit_name, unit_type, property_name, floor_number, bedrooms, bathrooms, trent, trent_period, vacant_status) VALUES ('Unit 6', 'Residential', 47, 1, 3, 3, '3047', 'Monthly', 0);
INSERT INTO unit (unit_name, unit_type, property_name, floor_number, bedrooms, bathrooms, trent, trent_period, vacant_status) VALUES ('Unit 7', 'Residential', 47, 2, 1, 3, '1363', 'Monthly', 1);
INSERT INTO unit (unit_name, unit_type, property_name, floor_number, bedrooms, bathrooms, trent, trent_period, vacant_status) VALUES ('Unit 8', 'Residential', 47, 3, 2, 1, '918', 'Monthly', 1);
INSERT INTO unit (unit_name, unit_type, property_name, floor_number, bedrooms, bathrooms, trent, trent_period, vacant_status) VALUES ('Unit 9', 'Residential', 47, 5, 4, 1, '3063', 'Monthly', 0);
INSERT INTO unit (unit_name, unit_type, property_name, floor_number, bedrooms, bathrooms, trent, trent_period, vacant_status) VALUES ('Unit 1', 'Residential', 48, 4, 3, 1, '881', 'Monthly', 1);
INSERT INTO unit (unit_name, unit_type, property_name, floor_number, bedrooms, bathrooms, trent, trent_period, vacant_status) VALUES ('Unit 2', 'Residential', 48, 5, 3, 3, '3287', 'Monthly', 1);
INSERT INTO unit (unit_name, unit_type, property_name, floor_number, bedrooms, bathrooms, trent, trent_period, vacant_status) VALUES ('Unit 3', 'Residential', 48, 3, 1, 3, '2825', 'Monthly', 1);
INSERT INTO unit (unit_name, unit_type, property_name, floor_number, bedrooms, bathrooms, trent, trent_period, vacant_status) VALUES ('Unit 4', 'Residential', 48, 5, 1, 3, '1314', 'Monthly', 1);
INSERT INTO unit (unit_name, unit_type, property_name, floor_number, bedrooms, bathrooms, trent, trent_period, vacant_status) VALUES ('Unit 5', 'Residential', 48, 1, 1, 2, '994', 'Monthly', 0);
INSERT INTO unit (unit_name, unit_type, property_name, floor_number, bedrooms, bathrooms, trent, trent_period, vacant_status) VALUES ('Unit 6', 'Residential', 48, 2, 3, 3, '3089', 'Monthly', 1);
INSERT INTO unit (unit_name, unit_type, property_name, floor_number, bedrooms, bathrooms, trent, trent_period, vacant_status) VALUES ('Unit 1', 'Residential', 49, 4, 4, 2, '3279', 'Monthly', 1);
INSERT INTO unit (unit_name, unit_type, property_name, floor_number, bedrooms, bathrooms, trent, trent_period, vacant_status) VALUES ('Unit 2', 'Residential', 49, 1, 4, 3, '3242', 'Monthly', 1);
INSERT INTO unit (unit_name, unit_type, property_name, floor_number, bedrooms, bathrooms, trent, trent_period, vacant_status) VALUES ('Unit 3', 'Residential', 49, 4, 2, 1, '2106', 'Monthly', 0);
INSERT INTO unit (unit_name, unit_type, property_name, floor_number, bedrooms, bathrooms, trent, trent_period, vacant_status) VALUES ('Unit 4', 'Residential', 49, 1, 2, 3, '3263', 'Monthly', 0);
INSERT INTO unit (unit_name, unit_type, property_name, floor_number, bedrooms, bathrooms, trent, trent_period, vacant_status) VALUES ('Unit 5', 'Residential', 49, 4, 1, 1, '3100', 'Monthly', 1);
INSERT INTO unit (unit_name, unit_type, property_name, floor_number, bedrooms, bathrooms, trent, trent_period, vacant_status) VALUES ('Unit 6', 'Residential', 49, 1, 3, 1, '2523', 'Monthly', 1);
INSERT INTO unit (unit_name, unit_type, property_name, floor_number, bedrooms, bathrooms, trent, trent_period, vacant_status) VALUES ('Unit 7', 'Residential', 49, 3, 1, 3, '1517', 'Monthly', 0);
INSERT INTO unit (unit_name, unit_type, property_name, floor_number, bedrooms, bathrooms, trent, trent_period, vacant_status) VALUES ('Unit 8', 'Residential', 49, 1, 4, 2, '850', 'Monthly', 0);
INSERT INTO unit (unit_name, unit_type, property_name, floor_number, bedrooms, bathrooms, trent, trent_period, vacant_status) VALUES ('Unit 1', 'Residential', 50, 2, 2, 1, '1823', 'Monthly', 0);
INSERT INTO unit (unit_name, unit_type, property_name, floor_number, bedrooms, bathrooms, trent, trent_period, vacant_status) VALUES ('Unit 2', 'Residential', 50, 1, 4, 3, '1825', 'Monthly', 0);
INSERT INTO unit (unit_name, unit_type, property_name, floor_number, bedrooms, bathrooms, trent, trent_period, vacant_status) VALUES ('Unit 3', 'Residential', 50, 2, 2, 1, '1233', 'Monthly', 1);
INSERT INTO unit (unit_name, unit_type, property_name, floor_number, bedrooms, bathrooms, trent, trent_period, vacant_status) VALUES ('Unit 4', 'Residential', 50, 2, 4, 1, '3148', 'Monthly', 1);
INSERT INTO unit (unit_name, unit_type, property_name, floor_number, bedrooms, bathrooms, trent, trent_period, vacant_status) VALUES ('Unit 5', 'Residential', 50, 4, 1, 3, '2648', 'Monthly', 0);
INSERT INTO unit (unit_name, unit_type, property_name, floor_number, bedrooms, bathrooms, trent, trent_period, vacant_status) VALUES ('Unit 6', 'Residential', 50, 1, 1, 3, '1055', 'Monthly', 1);
INSERT INTO unit (unit_name, unit_type, property_name, floor_number, bedrooms, bathrooms, trent, trent_period, vacant_status) VALUES ('Unit 7', 'Residential', 50, 3, 2, 2, '2299', 'Monthly', 0);
INSERT INTO unit (unit_name, unit_type, property_name, floor_number, bedrooms, bathrooms, trent, trent_period, vacant_status) VALUES ('Unit 8', 'Residential', 50, 1, 2, 1, '845', 'Monthly', 0);
INSERT INTO unit (unit_name, unit_type, property_name, floor_number, bedrooms, bathrooms, trent, trent_period, vacant_status) VALUES ('Unit 9', 'Residential', 50, 2, 2, 2, '851', 'Monthly', 1);
INSERT INTO p_appinfo (property_name, movein_date, no_of_bedroom, full_name, phone_number, email, rent_status, application_date) VALUES (13, '2026-06-01', 1, 'Jennifer Wilson', '555-520-3499', 'applicant1@example.com', 0, '2026-05-01');
INSERT INTO p_appinfo (property_name, movein_date, no_of_bedroom, full_name, phone_number, email, rent_status, application_date) VALUES (28, '2026-06-01', 1, 'Jessica Wilson', '555-933-7433', 'applicant2@example.com', 2, '2026-05-01');
INSERT INTO p_appinfo (property_name, movein_date, no_of_bedroom, full_name, phone_number, email, rent_status, application_date) VALUES (3, '2026-06-01', 2, 'Jennifer Martin', '555-665-5914', 'applicant3@example.com', 0, '2026-05-01');
INSERT INTO p_appinfo (property_name, movein_date, no_of_bedroom, full_name, phone_number, email, rent_status, application_date) VALUES (38, '2026-06-01', 3, 'James Smith', '555-883-7145', 'applicant4@example.com', 2, '2026-05-01');
INSERT INTO p_appinfo (property_name, movein_date, no_of_bedroom, full_name, phone_number, email, rent_status, application_date) VALUES (6, '2026-06-01', 2, 'Mary Rodriguez', '555-345-1704', 'applicant5@example.com', 0, '2026-05-01');
INSERT INTO p_appinfo (property_name, movein_date, no_of_bedroom, full_name, phone_number, email, rent_status, application_date) VALUES (44, '2026-06-01', 2, 'Michael Thomas', '555-438-3117', 'applicant6@example.com', 2, '2026-05-01');
INSERT INTO p_appinfo (property_name, movein_date, no_of_bedroom, full_name, phone_number, email, rent_status, application_date) VALUES (31, '2026-06-01', 1, 'William Johnson', '555-158-8310', 'applicant7@example.com', 2, '2026-05-01');
INSERT INTO p_appinfo (property_name, movein_date, no_of_bedroom, full_name, phone_number, email, rent_status, application_date) VALUES (1, '2026-06-01', 3, 'Karen Martin', '555-152-6443', 'applicant8@example.com', 1, '2026-05-01');
INSERT INTO p_appinfo (property_name, movein_date, no_of_bedroom, full_name, phone_number, email, rent_status, application_date) VALUES (48, '2026-06-01', 3, 'Richard Thomas', '555-681-5631', 'applicant9@example.com', 2, '2026-05-01');
INSERT INTO p_appinfo (property_name, movein_date, no_of_bedroom, full_name, phone_number, email, rent_status, application_date) VALUES (30, '2026-06-01', 2, 'Linda Lopez', '555-824-6572', 'applicant10@example.com', 0, '2026-05-01');
INSERT INTO p_appinfo (property_name, movein_date, no_of_bedroom, full_name, phone_number, email, rent_status, application_date) VALUES (28, '2026-06-01', 1, 'William Lopez', '555-961-9139', 'applicant11@example.com', 2, '2026-05-01');
INSERT INTO p_appinfo (property_name, movein_date, no_of_bedroom, full_name, phone_number, email, rent_status, application_date) VALUES (3, '2026-06-01', 1, 'Patricia Brown', '555-724-3623', 'applicant12@example.com', 0, '2026-05-01');
INSERT INTO p_appinfo (property_name, movein_date, no_of_bedroom, full_name, phone_number, email, rent_status, application_date) VALUES (24, '2026-06-01', 1, 'Robert Taylor', '555-644-9551', 'applicant13@example.com', 1, '2026-05-01');
INSERT INTO p_appinfo (property_name, movein_date, no_of_bedroom, full_name, phone_number, email, rent_status, application_date) VALUES (39, '2026-06-01', 1, 'Sarah Martin', '555-710-6017', 'applicant14@example.com', 0, '2026-05-01');
INSERT INTO p_appinfo (property_name, movein_date, no_of_bedroom, full_name, phone_number, email, rent_status, application_date) VALUES (11, '2026-06-01', 3, 'Charles Rodriguez', '555-764-6124', 'applicant15@example.com', 1, '2026-05-01');
INSERT INTO p_appinfo (property_name, movein_date, no_of_bedroom, full_name, phone_number, email, rent_status, application_date) VALUES (28, '2026-06-01', 1, 'David Moore', '555-466-1037', 'applicant16@example.com', 1, '2026-05-01');
INSERT INTO p_appinfo (property_name, movein_date, no_of_bedroom, full_name, phone_number, email, rent_status, application_date) VALUES (5, '2026-06-01', 3, 'Michael Jones', '555-625-7230', 'applicant17@example.com', 1, '2026-05-01');
INSERT INTO p_appinfo (property_name, movein_date, no_of_bedroom, full_name, phone_number, email, rent_status, application_date) VALUES (38, '2026-06-01', 2, 'Charles Anderson', '555-603-9504', 'applicant18@example.com', 0, '2026-05-01');
INSERT INTO p_appinfo (property_name, movein_date, no_of_bedroom, full_name, phone_number, email, rent_status, application_date) VALUES (10, '2026-06-01', 2, 'Jennifer Lopez', '555-423-1644', 'applicant19@example.com', 0, '2026-05-01');
INSERT INTO p_appinfo (property_name, movein_date, no_of_bedroom, full_name, phone_number, email, rent_status, application_date) VALUES (45, '2026-06-01', 2, 'Joseph Martin', '555-959-3813', 'applicant20@example.com', 1, '2026-05-01');
INSERT INTO p_appinfo (property_name, movein_date, no_of_bedroom, full_name, phone_number, email, rent_status, application_date) VALUES (37, '2026-06-01', 1, 'John Martin', '555-885-6174', 'applicant21@example.com', 2, '2026-05-01');
INSERT INTO p_appinfo (property_name, movein_date, no_of_bedroom, full_name, phone_number, email, rent_status, application_date) VALUES (40, '2026-06-01', 1, 'Elizabeth Martin', '555-255-3821', 'applicant22@example.com', 2, '2026-05-01');
INSERT INTO p_appinfo (property_name, movein_date, no_of_bedroom, full_name, phone_number, email, rent_status, application_date) VALUES (14, '2026-06-01', 2, 'Robert Anderson', '555-328-1278', 'applicant23@example.com', 0, '2026-05-01');
INSERT INTO p_appinfo (property_name, movein_date, no_of_bedroom, full_name, phone_number, email, rent_status, application_date) VALUES (25, '2026-06-01', 1, 'Patricia Jackson', '555-357-7189', 'applicant24@example.com', 0, '2026-05-01');
INSERT INTO p_appinfo (property_name, movein_date, no_of_bedroom, full_name, phone_number, email, rent_status, application_date) VALUES (27, '2026-06-01', 3, 'John Smith', '555-992-9545', 'applicant25@example.com', 1, '2026-05-01');
INSERT INTO p_appinfo (property_name, movein_date, no_of_bedroom, full_name, phone_number, email, rent_status, application_date) VALUES (32, '2026-06-01', 2, 'Barbara Rodriguez', '555-999-8577', 'applicant26@example.com', 1, '2026-05-01');
INSERT INTO p_appinfo (property_name, movein_date, no_of_bedroom, full_name, phone_number, email, rent_status, application_date) VALUES (44, '2026-06-01', 3, 'Patricia Davis', '555-351-5936', 'applicant27@example.com', 0, '2026-05-01');
INSERT INTO p_appinfo (property_name, movein_date, no_of_bedroom, full_name, phone_number, email, rent_status, application_date) VALUES (50, '2026-06-01', 1, 'Susan Lopez', '555-140-2845', 'applicant28@example.com', 2, '2026-05-01');
INSERT INTO p_appinfo (property_name, movein_date, no_of_bedroom, full_name, phone_number, email, rent_status, application_date) VALUES (44, '2026-06-01', 1, 'John Martin', '555-396-6001', 'applicant29@example.com', 2, '2026-05-01');
INSERT INTO p_appinfo (property_name, movein_date, no_of_bedroom, full_name, phone_number, email, rent_status, application_date) VALUES (8, '2026-06-01', 2, 'Michael Jones', '555-851-1531', 'applicant30@example.com', 1, '2026-05-01');
INSERT INTO p_appinfo (property_name, movein_date, no_of_bedroom, full_name, phone_number, email, rent_status, application_date) VALUES (7, '2026-06-01', 1, 'Mary Hernandez', '555-758-6689', 'applicant31@example.com', 0, '2026-05-01');
INSERT INTO p_appinfo (property_name, movein_date, no_of_bedroom, full_name, phone_number, email, rent_status, application_date) VALUES (47, '2026-06-01', 1, 'Michael Johnson', '555-971-8567', 'applicant32@example.com', 0, '2026-05-01');
INSERT INTO p_appinfo (property_name, movein_date, no_of_bedroom, full_name, phone_number, email, rent_status, application_date) VALUES (7, '2026-06-01', 1, 'Richard Martin', '555-127-9475', 'applicant33@example.com', 0, '2026-05-01');
INSERT INTO p_appinfo (property_name, movein_date, no_of_bedroom, full_name, phone_number, email, rent_status, application_date) VALUES (29, '2026-06-01', 2, 'Thomas Rodriguez', '555-998-8104', 'applicant34@example.com', 1, '2026-05-01');
INSERT INTO p_appinfo (property_name, movein_date, no_of_bedroom, full_name, phone_number, email, rent_status, application_date) VALUES (38, '2026-06-01', 1, 'James Rodriguez', '555-277-6998', 'applicant35@example.com', 0, '2026-05-01');
INSERT INTO p_appinfo (property_name, movein_date, no_of_bedroom, full_name, phone_number, email, rent_status, application_date) VALUES (37, '2026-06-01', 3, 'David Smith', '555-182-1391', 'applicant36@example.com', 0, '2026-05-01');
INSERT INTO p_appinfo (property_name, movein_date, no_of_bedroom, full_name, phone_number, email, rent_status, application_date) VALUES (31, '2026-06-01', 2, 'Jessica Johnson', '555-969-1376', 'applicant37@example.com', 0, '2026-05-01');
INSERT INTO p_appinfo (property_name, movein_date, no_of_bedroom, full_name, phone_number, email, rent_status, application_date) VALUES (8, '2026-06-01', 3, 'Karen Jones', '555-543-3771', 'applicant38@example.com', 0, '2026-05-01');
INSERT INTO p_appinfo (property_name, movein_date, no_of_bedroom, full_name, phone_number, email, rent_status, application_date) VALUES (42, '2026-06-01', 3, 'David Taylor', '555-664-8277', 'applicant39@example.com', 0, '2026-05-01');
INSERT INTO p_appinfo (property_name, movein_date, no_of_bedroom, full_name, phone_number, email, rent_status, application_date) VALUES (6, '2026-06-01', 3, 'Robert Taylor', '555-208-5709', 'applicant40@example.com', 1, '2026-05-01');
INSERT INTO p_appinfo (property_name, movein_date, no_of_bedroom, full_name, phone_number, email, rent_status, application_date) VALUES (18, '2026-06-01', 1, 'Mary Jones', '555-881-1512', 'applicant41@example.com', 0, '2026-05-01');
INSERT INTO p_appinfo (property_name, movein_date, no_of_bedroom, full_name, phone_number, email, rent_status, application_date) VALUES (20, '2026-06-01', 2, 'Patricia Rodriguez', '555-267-5303', 'applicant42@example.com', 2, '2026-05-01');
INSERT INTO p_appinfo (property_name, movein_date, no_of_bedroom, full_name, phone_number, email, rent_status, application_date) VALUES (46, '2026-06-01', 1, 'Jennifer Martin', '555-570-3389', 'applicant43@example.com', 2, '2026-05-01');
INSERT INTO p_appinfo (property_name, movein_date, no_of_bedroom, full_name, phone_number, email, rent_status, application_date) VALUES (36, '2026-06-01', 1, 'Elizabeth Rodriguez', '555-934-2447', 'applicant44@example.com', 2, '2026-05-01');
INSERT INTO p_appinfo (property_name, movein_date, no_of_bedroom, full_name, phone_number, email, rent_status, application_date) VALUES (1, '2026-06-01', 3, 'Karen Gonzalez', '555-859-1537', 'applicant45@example.com', 0, '2026-05-01');
INSERT INTO p_appinfo (property_name, movein_date, no_of_bedroom, full_name, phone_number, email, rent_status, application_date) VALUES (22, '2026-06-01', 3, 'James Moore', '555-384-4669', 'applicant46@example.com', 0, '2026-05-01');
INSERT INTO p_appinfo (property_name, movein_date, no_of_bedroom, full_name, phone_number, email, rent_status, application_date) VALUES (37, '2026-06-01', 1, 'John Brown', '555-488-8327', 'applicant47@example.com', 0, '2026-05-01');
INSERT INTO p_appinfo (property_name, movein_date, no_of_bedroom, full_name, phone_number, email, rent_status, application_date) VALUES (36, '2026-06-01', 3, 'James Johnson', '555-888-8340', 'applicant48@example.com', 2, '2026-05-01');
INSERT INTO p_appinfo (property_name, movein_date, no_of_bedroom, full_name, phone_number, email, rent_status, application_date) VALUES (22, '2026-06-01', 1, 'Barbara Wilson', '555-161-3002', 'applicant49@example.com', 1, '2026-05-01');
INSERT INTO p_appinfo (property_name, movein_date, no_of_bedroom, full_name, phone_number, email, rent_status, application_date) VALUES (31, '2026-06-01', 2, 'Joseph Jackson', '555-476-8356', 'applicant50@example.com', 2, '2026-05-01');
INSERT INTO p_appinfo (property_name, movein_date, no_of_bedroom, full_name, phone_number, email, rent_status, application_date) VALUES (30, '2026-06-01', 2, 'Michael Moore', '555-868-1021', 'applicant51@example.com', 0, '2026-05-01');
INSERT INTO p_appinfo (property_name, movein_date, no_of_bedroom, full_name, phone_number, email, rent_status, application_date) VALUES (24, '2026-06-01', 2, 'Linda Davis', '555-306-9662', 'applicant52@example.com', 2, '2026-05-01');
INSERT INTO p_appinfo (property_name, movein_date, no_of_bedroom, full_name, phone_number, email, rent_status, application_date) VALUES (3, '2026-06-01', 2, 'Michael Garcia', '555-519-8796', 'applicant53@example.com', 0, '2026-05-01');
INSERT INTO p_appinfo (property_name, movein_date, no_of_bedroom, full_name, phone_number, email, rent_status, application_date) VALUES (44, '2026-06-01', 3, 'Sarah Thomas', '555-344-6759', 'applicant54@example.com', 2, '2026-05-01');
INSERT INTO p_appinfo (property_name, movein_date, no_of_bedroom, full_name, phone_number, email, rent_status, application_date) VALUES (27, '2026-06-01', 3, 'Michael Miller', '555-563-4396', 'applicant55@example.com', 0, '2026-05-01');
INSERT INTO p_appinfo (property_name, movein_date, no_of_bedroom, full_name, phone_number, email, rent_status, application_date) VALUES (40, '2026-06-01', 3, 'John Jackson', '555-891-2526', 'applicant56@example.com', 0, '2026-05-01');
INSERT INTO p_appinfo (property_name, movein_date, no_of_bedroom, full_name, phone_number, email, rent_status, application_date) VALUES (39, '2026-06-01', 3, 'Barbara Wilson', '555-403-3914', 'applicant57@example.com', 0, '2026-05-01');
INSERT INTO p_appinfo (property_name, movein_date, no_of_bedroom, full_name, phone_number, email, rent_status, application_date) VALUES (9, '2026-06-01', 2, 'William Hernandez', '555-422-5262', 'applicant58@example.com', 2, '2026-05-01');
INSERT INTO p_appinfo (property_name, movein_date, no_of_bedroom, full_name, phone_number, email, rent_status, application_date) VALUES (14, '2026-06-01', 2, 'Michael Davis', '555-924-7027', 'applicant59@example.com', 1, '2026-05-01');
INSERT INTO p_appinfo (property_name, movein_date, no_of_bedroom, full_name, phone_number, email, rent_status, application_date) VALUES (22, '2026-06-01', 2, 'Thomas Williams', '555-436-4402', 'applicant60@example.com', 1, '2026-05-01');
INSERT INTO p_appinfo (property_name, movein_date, no_of_bedroom, full_name, phone_number, email, rent_status, application_date) VALUES (42, '2026-06-01', 1, 'Thomas Martin', '555-627-1297', 'applicant61@example.com', 0, '2026-05-01');
INSERT INTO p_appinfo (property_name, movein_date, no_of_bedroom, full_name, phone_number, email, rent_status, application_date) VALUES (18, '2026-06-01', 2, 'John Brown', '555-449-9225', 'applicant62@example.com', 1, '2026-05-01');
INSERT INTO p_appinfo (property_name, movein_date, no_of_bedroom, full_name, phone_number, email, rent_status, application_date) VALUES (47, '2026-06-01', 1, 'Robert Martin', '555-628-7990', 'applicant63@example.com', 1, '2026-05-01');
INSERT INTO p_appinfo (property_name, movein_date, no_of_bedroom, full_name, phone_number, email, rent_status, application_date) VALUES (33, '2026-06-01', 1, 'Linda Jackson', '555-917-9620', 'applicant64@example.com', 2, '2026-05-01');
INSERT INTO p_appinfo (property_name, movein_date, no_of_bedroom, full_name, phone_number, email, rent_status, application_date) VALUES (11, '2026-06-01', 1, 'Sarah Brown', '555-349-2715', 'applicant65@example.com', 1, '2026-05-01');
INSERT INTO p_appinfo (property_name, movein_date, no_of_bedroom, full_name, phone_number, email, rent_status, application_date) VALUES (17, '2026-06-01', 2, 'Linda Gonzalez', '555-864-9322', 'applicant66@example.com', 1, '2026-05-01');
INSERT INTO p_appinfo (property_name, movein_date, no_of_bedroom, full_name, phone_number, email, rent_status, application_date) VALUES (6, '2026-06-01', 3, 'Charles Taylor', '555-468-5927', 'applicant67@example.com', 2, '2026-05-01');
INSERT INTO p_appinfo (property_name, movein_date, no_of_bedroom, full_name, phone_number, email, rent_status, application_date) VALUES (1, '2026-06-01', 3, 'Charles Garcia', '555-576-9263', 'applicant68@example.com', 1, '2026-05-01');
INSERT INTO p_appinfo (property_name, movein_date, no_of_bedroom, full_name, phone_number, email, rent_status, application_date) VALUES (49, '2026-06-01', 3, 'Sarah Martinez', '555-969-6013', 'applicant69@example.com', 1, '2026-05-01');
INSERT INTO p_appinfo (property_name, movein_date, no_of_bedroom, full_name, phone_number, email, rent_status, application_date) VALUES (41, '2026-06-01', 3, 'Robert Moore', '555-531-3739', 'applicant70@example.com', 1, '2026-05-01');
INSERT INTO p_appinfo (property_name, movein_date, no_of_bedroom, full_name, phone_number, email, rent_status, application_date) VALUES (37, '2026-06-01', 2, 'Robert Jackson', '555-219-7818', 'applicant71@example.com', 0, '2026-05-01');
INSERT INTO p_appinfo (property_name, movein_date, no_of_bedroom, full_name, phone_number, email, rent_status, application_date) VALUES (27, '2026-06-01', 1, 'Elizabeth Taylor', '555-226-6592', 'applicant72@example.com', 0, '2026-05-01');
INSERT INTO p_appinfo (property_name, movein_date, no_of_bedroom, full_name, phone_number, email, rent_status, application_date) VALUES (45, '2026-06-01', 2, 'Jennifer Martin', '555-457-4618', 'applicant73@example.com', 0, '2026-05-01');
INSERT INTO p_appinfo (property_name, movein_date, no_of_bedroom, full_name, phone_number, email, rent_status, application_date) VALUES (34, '2026-06-01', 2, 'Jennifer Jackson', '555-463-1262', 'applicant74@example.com', 2, '2026-05-01');
INSERT INTO p_appinfo (property_name, movein_date, no_of_bedroom, full_name, phone_number, email, rent_status, application_date) VALUES (30, '2026-06-01', 1, 'Barbara Rodriguez', '555-845-4968', 'applicant75@example.com', 0, '2026-05-01');
INSERT INTO p_appinfo (property_name, movein_date, no_of_bedroom, full_name, phone_number, email, rent_status, application_date) VALUES (5, '2026-06-01', 2, 'Mary Johnson', '555-474-1479', 'applicant76@example.com', 0, '2026-05-01');
INSERT INTO p_appinfo (property_name, movein_date, no_of_bedroom, full_name, phone_number, email, rent_status, application_date) VALUES (31, '2026-06-01', 2, 'Charles Smith', '555-511-2374', 'applicant77@example.com', 0, '2026-05-01');
INSERT INTO p_appinfo (property_name, movein_date, no_of_bedroom, full_name, phone_number, email, rent_status, application_date) VALUES (15, '2026-06-01', 3, 'David Smith', '555-992-6921', 'applicant78@example.com', 1, '2026-05-01');
INSERT INTO p_appinfo (property_name, movein_date, no_of_bedroom, full_name, phone_number, email, rent_status, application_date) VALUES (18, '2026-06-01', 1, 'William Williams', '555-421-8596', 'applicant79@example.com', 1, '2026-05-01');
INSERT INTO p_appinfo (property_name, movein_date, no_of_bedroom, full_name, phone_number, email, rent_status, application_date) VALUES (9, '2026-06-01', 2, 'Joseph Jackson', '555-611-3083', 'applicant80@example.com', 1, '2026-05-01');
INSERT INTO p_appinfo (property_name, movein_date, no_of_bedroom, full_name, phone_number, email, rent_status, application_date) VALUES (9, '2026-06-01', 2, 'James Rodriguez', '555-271-5989', 'applicant81@example.com', 0, '2026-05-01');
INSERT INTO p_appinfo (property_name, movein_date, no_of_bedroom, full_name, phone_number, email, rent_status, application_date) VALUES (5, '2026-06-01', 3, 'Elizabeth Gonzalez', '555-390-8718', 'applicant82@example.com', 1, '2026-05-01');
INSERT INTO p_appinfo (property_name, movein_date, no_of_bedroom, full_name, phone_number, email, rent_status, application_date) VALUES (4, '2026-06-01', 3, 'Karen Jones', '555-599-4680', 'applicant83@example.com', 1, '2026-05-01');
INSERT INTO p_appinfo (property_name, movein_date, no_of_bedroom, full_name, phone_number, email, rent_status, application_date) VALUES (48, '2026-06-01', 3, 'Jennifer Anderson', '555-983-9786', 'applicant84@example.com', 1, '2026-05-01');
INSERT INTO p_appinfo (property_name, movein_date, no_of_bedroom, full_name, phone_number, email, rent_status, application_date) VALUES (4, '2026-06-01', 3, 'Linda Rodriguez', '555-855-9482', 'applicant85@example.com', 1, '2026-05-01');
INSERT INTO p_appinfo (property_name, movein_date, no_of_bedroom, full_name, phone_number, email, rent_status, application_date) VALUES (44, '2026-06-01', 1, 'Mary Johnson', '555-258-7728', 'applicant86@example.com', 2, '2026-05-01');
INSERT INTO p_appinfo (property_name, movein_date, no_of_bedroom, full_name, phone_number, email, rent_status, application_date) VALUES (1, '2026-06-01', 1, 'Elizabeth Wilson', '555-721-2280', 'applicant87@example.com', 2, '2026-05-01');
INSERT INTO p_appinfo (property_name, movein_date, no_of_bedroom, full_name, phone_number, email, rent_status, application_date) VALUES (49, '2026-06-01', 3, 'John Garcia', '555-198-4040', 'applicant88@example.com', 2, '2026-05-01');
INSERT INTO p_appinfo (property_name, movein_date, no_of_bedroom, full_name, phone_number, email, rent_status, application_date) VALUES (27, '2026-06-01', 2, 'Jessica Davis', '555-364-6978', 'applicant89@example.com', 0, '2026-05-01');
INSERT INTO p_appinfo (property_name, movein_date, no_of_bedroom, full_name, phone_number, email, rent_status, application_date) VALUES (18, '2026-06-01', 2, 'Barbara Taylor', '555-848-2900', 'applicant90@example.com', 2, '2026-05-01');
INSERT INTO p_appinfo (property_name, movein_date, no_of_bedroom, full_name, phone_number, email, rent_status, application_date) VALUES (28, '2026-06-01', 3, 'Karen Davis', '555-687-6954', 'applicant91@example.com', 2, '2026-05-01');
INSERT INTO p_appinfo (property_name, movein_date, no_of_bedroom, full_name, phone_number, email, rent_status, application_date) VALUES (23, '2026-06-01', 2, 'Jennifer Thomas', '555-452-8423', 'applicant92@example.com', 2, '2026-05-01');
INSERT INTO p_appinfo (property_name, movein_date, no_of_bedroom, full_name, phone_number, email, rent_status, application_date) VALUES (5, '2026-06-01', 1, 'Charles Thomas', '555-198-4342', 'applicant93@example.com', 2, '2026-05-01');
INSERT INTO p_appinfo (property_name, movein_date, no_of_bedroom, full_name, phone_number, email, rent_status, application_date) VALUES (50, '2026-06-01', 1, 'Joseph Taylor', '555-331-3528', 'applicant94@example.com', 1, '2026-05-01');
INSERT INTO p_appinfo (property_name, movein_date, no_of_bedroom, full_name, phone_number, email, rent_status, application_date) VALUES (23, '2026-06-01', 2, 'James Wilson', '555-340-2389', 'applicant95@example.com', 2, '2026-05-01');
INSERT INTO p_appinfo (property_name, movein_date, no_of_bedroom, full_name, phone_number, email, rent_status, application_date) VALUES (28, '2026-06-01', 1, 'Susan Rodriguez', '555-215-2855', 'applicant96@example.com', 0, '2026-05-01');
INSERT INTO p_appinfo (property_name, movein_date, no_of_bedroom, full_name, phone_number, email, rent_status, application_date) VALUES (40, '2026-06-01', 2, 'Sarah Martin', '555-690-3286', 'applicant97@example.com', 1, '2026-05-01');
INSERT INTO p_appinfo (property_name, movein_date, no_of_bedroom, full_name, phone_number, email, rent_status, application_date) VALUES (16, '2026-06-01', 2, 'Karen Hernandez', '555-528-2846', 'applicant98@example.com', 0, '2026-05-01');
INSERT INTO p_appinfo (property_name, movein_date, no_of_bedroom, full_name, phone_number, email, rent_status, application_date) VALUES (29, '2026-06-01', 3, 'David Smith', '555-596-5317', 'applicant99@example.com', 1, '2026-05-01');
INSERT INTO p_appinfo (property_name, movein_date, no_of_bedroom, full_name, phone_number, email, rent_status, application_date) VALUES (27, '2026-06-01', 1, 'Karen Brown', '555-314-6284', 'applicant100@example.com', 0, '2026-05-01');
INSERT INTO p_appinfo (property_name, movein_date, no_of_bedroom, full_name, phone_number, email, rent_status, application_date) VALUES (48, '2026-06-01', 1, 'Richard Moore', '555-400-3432', 'applicant101@example.com', 1, '2026-05-01');
INSERT INTO p_appinfo (property_name, movein_date, no_of_bedroom, full_name, phone_number, email, rent_status, application_date) VALUES (44, '2026-06-01', 3, 'Elizabeth Wilson', '555-356-3702', 'applicant102@example.com', 0, '2026-05-01');
INSERT INTO p_appinfo (property_name, movein_date, no_of_bedroom, full_name, phone_number, email, rent_status, application_date) VALUES (50, '2026-06-01', 1, 'Susan Smith', '555-791-9805', 'applicant103@example.com', 1, '2026-05-01');
INSERT INTO p_appinfo (property_name, movein_date, no_of_bedroom, full_name, phone_number, email, rent_status, application_date) VALUES (37, '2026-06-01', 2, 'Jessica Smith', '555-334-9338', 'applicant104@example.com', 0, '2026-05-01');
INSERT INTO p_appinfo (property_name, movein_date, no_of_bedroom, full_name, phone_number, email, rent_status, application_date) VALUES (35, '2026-06-01', 1, 'Charles Taylor', '555-583-8269', 'applicant105@example.com', 0, '2026-05-01');
INSERT INTO p_appinfo (property_name, movein_date, no_of_bedroom, full_name, phone_number, email, rent_status, application_date) VALUES (1, '2026-06-01', 2, 'Richard Garcia', '555-882-8110', 'applicant106@example.com', 2, '2026-05-01');
INSERT INTO p_appinfo (property_name, movein_date, no_of_bedroom, full_name, phone_number, email, rent_status, application_date) VALUES (14, '2026-06-01', 2, 'Linda Jackson', '555-535-5319', 'applicant107@example.com', 2, '2026-05-01');
INSERT INTO p_appinfo (property_name, movein_date, no_of_bedroom, full_name, phone_number, email, rent_status, application_date) VALUES (46, '2026-06-01', 3, 'Thomas Taylor', '555-641-3175', 'applicant108@example.com', 1, '2026-05-01');
INSERT INTO p_appinfo (property_name, movein_date, no_of_bedroom, full_name, phone_number, email, rent_status, application_date) VALUES (14, '2026-06-01', 3, 'Karen Garcia', '555-221-2389', 'applicant109@example.com', 1, '2026-05-01');
INSERT INTO p_appinfo (property_name, movein_date, no_of_bedroom, full_name, phone_number, email, rent_status, application_date) VALUES (38, '2026-06-01', 1, 'Michael Brown', '555-666-4690', 'applicant110@example.com', 1, '2026-05-01');
INSERT INTO p_appinfo (property_name, movein_date, no_of_bedroom, full_name, phone_number, email, rent_status, application_date) VALUES (20, '2026-06-01', 1, 'Karen Davis', '555-471-2913', 'applicant111@example.com', 1, '2026-05-01');
INSERT INTO p_appinfo (property_name, movein_date, no_of_bedroom, full_name, phone_number, email, rent_status, application_date) VALUES (23, '2026-06-01', 3, 'Elizabeth Brown', '555-862-1904', 'applicant112@example.com', 2, '2026-05-01');
INSERT INTO p_appinfo (property_name, movein_date, no_of_bedroom, full_name, phone_number, email, rent_status, application_date) VALUES (31, '2026-06-01', 1, 'Barbara Gonzalez', '555-717-9187', 'applicant113@example.com', 1, '2026-05-01');
INSERT INTO p_appinfo (property_name, movein_date, no_of_bedroom, full_name, phone_number, email, rent_status, application_date) VALUES (10, '2026-06-01', 3, 'Jennifer Smith', '555-536-1351', 'applicant114@example.com', 0, '2026-05-01');
INSERT INTO p_appinfo (property_name, movein_date, no_of_bedroom, full_name, phone_number, email, rent_status, application_date) VALUES (24, '2026-06-01', 1, 'Patricia Anderson', '555-418-9094', 'applicant115@example.com', 0, '2026-05-01');
INSERT INTO p_appinfo (property_name, movein_date, no_of_bedroom, full_name, phone_number, email, rent_status, application_date) VALUES (44, '2026-06-01', 1, 'David Hernandez', '555-348-2978', 'applicant116@example.com', 0, '2026-05-01');
INSERT INTO p_appinfo (property_name, movein_date, no_of_bedroom, full_name, phone_number, email, rent_status, application_date) VALUES (42, '2026-06-01', 1, 'Michael Thomas', '555-388-6437', 'applicant117@example.com', 2, '2026-05-01');
INSERT INTO p_appinfo (property_name, movein_date, no_of_bedroom, full_name, phone_number, email, rent_status, application_date) VALUES (25, '2026-06-01', 1, 'Sarah Wilson', '555-131-5947', 'applicant118@example.com', 0, '2026-05-01');
INSERT INTO p_appinfo (property_name, movein_date, no_of_bedroom, full_name, phone_number, email, rent_status, application_date) VALUES (22, '2026-06-01', 1, 'Elizabeth Wilson', '555-389-2256', 'applicant119@example.com', 0, '2026-05-01');
INSERT INTO p_appinfo (property_name, movein_date, no_of_bedroom, full_name, phone_number, email, rent_status, application_date) VALUES (20, '2026-06-01', 1, 'Michael Garcia', '555-744-8551', 'applicant120@example.com', 1, '2026-05-01');
INSERT INTO p_appinfo (property_name, movein_date, no_of_bedroom, full_name, phone_number, email, rent_status, application_date) VALUES (30, '2026-06-01', 1, 'Jessica Gonzalez', '555-537-1709', 'applicant121@example.com', 0, '2026-05-01');
INSERT INTO p_appinfo (property_name, movein_date, no_of_bedroom, full_name, phone_number, email, rent_status, application_date) VALUES (41, '2026-06-01', 1, 'Elizabeth Brown', '555-963-2351', 'applicant122@example.com', 2, '2026-05-01');
INSERT INTO p_appinfo (property_name, movein_date, no_of_bedroom, full_name, phone_number, email, rent_status, application_date) VALUES (30, '2026-06-01', 3, 'Mary Martinez', '555-264-6163', 'applicant123@example.com', 1, '2026-05-01');
INSERT INTO p_appinfo (property_name, movein_date, no_of_bedroom, full_name, phone_number, email, rent_status, application_date) VALUES (43, '2026-06-01', 3, 'Karen Martinez', '555-122-5777', 'applicant124@example.com', 1, '2026-05-01');
INSERT INTO p_appinfo (property_name, movein_date, no_of_bedroom, full_name, phone_number, email, rent_status, application_date) VALUES (29, '2026-06-01', 3, 'Elizabeth Martin', '555-628-1631', 'applicant125@example.com', 2, '2026-05-01');
INSERT INTO p_appinfo (property_name, movein_date, no_of_bedroom, full_name, phone_number, email, rent_status, application_date) VALUES (17, '2026-06-01', 3, 'Joseph Taylor', '555-527-6982', 'applicant126@example.com', 2, '2026-05-01');
INSERT INTO p_appinfo (property_name, movein_date, no_of_bedroom, full_name, phone_number, email, rent_status, application_date) VALUES (3, '2026-06-01', 3, 'Joseph Thomas', '555-768-3520', 'applicant127@example.com', 1, '2026-05-01');
INSERT INTO p_appinfo (property_name, movein_date, no_of_bedroom, full_name, phone_number, email, rent_status, application_date) VALUES (34, '2026-06-01', 1, 'John Thomas', '555-934-4869', 'applicant128@example.com', 1, '2026-05-01');
INSERT INTO p_appinfo (property_name, movein_date, no_of_bedroom, full_name, phone_number, email, rent_status, application_date) VALUES (40, '2026-06-01', 2, 'Linda Gonzalez', '555-537-9443', 'applicant129@example.com', 1, '2026-05-01');
INSERT INTO p_appinfo (property_name, movein_date, no_of_bedroom, full_name, phone_number, email, rent_status, application_date) VALUES (45, '2026-06-01', 2, 'Patricia Miller', '555-289-2221', 'applicant130@example.com', 0, '2026-05-01');
INSERT INTO p_appinfo (property_name, movein_date, no_of_bedroom, full_name, phone_number, email, rent_status, application_date) VALUES (30, '2026-06-01', 1, 'Barbara Davis', '555-264-9752', 'applicant131@example.com', 1, '2026-05-01');
INSERT INTO p_appinfo (property_name, movein_date, no_of_bedroom, full_name, phone_number, email, rent_status, application_date) VALUES (29, '2026-06-01', 1, 'Charles Gonzalez', '555-143-5752', 'applicant132@example.com', 1, '2026-05-01');
INSERT INTO p_appinfo (property_name, movein_date, no_of_bedroom, full_name, phone_number, email, rent_status, application_date) VALUES (50, '2026-06-01', 1, 'David Anderson', '555-555-4663', 'applicant133@example.com', 2, '2026-05-01');
INSERT INTO p_appinfo (property_name, movein_date, no_of_bedroom, full_name, phone_number, email, rent_status, application_date) VALUES (46, '2026-06-01', 2, 'Charles Brown', '555-795-2549', 'applicant134@example.com', 2, '2026-05-01');
INSERT INTO p_appinfo (property_name, movein_date, no_of_bedroom, full_name, phone_number, email, rent_status, application_date) VALUES (44, '2026-06-01', 2, 'Robert Moore', '555-548-1494', 'applicant135@example.com', 2, '2026-05-01');
INSERT INTO p_appinfo (property_name, movein_date, no_of_bedroom, full_name, phone_number, email, rent_status, application_date) VALUES (49, '2026-06-01', 3, 'Elizabeth Davis', '555-608-8047', 'applicant136@example.com', 1, '2026-05-01');
INSERT INTO p_appinfo (property_name, movein_date, no_of_bedroom, full_name, phone_number, email, rent_status, application_date) VALUES (39, '2026-06-01', 3, 'Jennifer Martin', '555-570-6339', 'applicant137@example.com', 2, '2026-05-01');
INSERT INTO p_appinfo (property_name, movein_date, no_of_bedroom, full_name, phone_number, email, rent_status, application_date) VALUES (19, '2026-06-01', 1, 'Linda Jackson', '555-493-6131', 'applicant138@example.com', 0, '2026-05-01');
INSERT INTO p_appinfo (property_name, movein_date, no_of_bedroom, full_name, phone_number, email, rent_status, application_date) VALUES (24, '2026-06-01', 3, 'Robert Moore', '555-413-8349', 'applicant139@example.com', 0, '2026-05-01');
INSERT INTO p_appinfo (property_name, movein_date, no_of_bedroom, full_name, phone_number, email, rent_status, application_date) VALUES (10, '2026-06-01', 3, 'Jessica Anderson', '555-924-5670', 'applicant140@example.com', 2, '2026-05-01');
INSERT INTO p_appinfo (property_name, movein_date, no_of_bedroom, full_name, phone_number, email, rent_status, application_date) VALUES (19, '2026-06-01', 3, 'Michael Wilson', '555-991-8656', 'applicant141@example.com', 1, '2026-05-01');
INSERT INTO p_appinfo (property_name, movein_date, no_of_bedroom, full_name, phone_number, email, rent_status, application_date) VALUES (12, '2026-06-01', 3, 'Michael Johnson', '555-815-3328', 'applicant142@example.com', 2, '2026-05-01');
INSERT INTO p_appinfo (property_name, movein_date, no_of_bedroom, full_name, phone_number, email, rent_status, application_date) VALUES (10, '2026-06-01', 1, 'Jessica Martin', '555-504-6280', 'applicant143@example.com', 0, '2026-05-01');
INSERT INTO p_appinfo (property_name, movein_date, no_of_bedroom, full_name, phone_number, email, rent_status, application_date) VALUES (24, '2026-06-01', 1, 'Jessica Garcia', '555-164-3783', 'applicant144@example.com', 0, '2026-05-01');
INSERT INTO p_appinfo (property_name, movein_date, no_of_bedroom, full_name, phone_number, email, rent_status, application_date) VALUES (39, '2026-06-01', 3, 'Sarah Taylor', '555-295-4403', 'applicant145@example.com', 1, '2026-05-01');
INSERT INTO p_appinfo (property_name, movein_date, no_of_bedroom, full_name, phone_number, email, rent_status, application_date) VALUES (2, '2026-06-01', 1, 'John Garcia', '555-765-8507', 'applicant146@example.com', 0, '2026-05-01');
INSERT INTO p_appinfo (property_name, movein_date, no_of_bedroom, full_name, phone_number, email, rent_status, application_date) VALUES (16, '2026-06-01', 3, 'Sarah Davis', '555-361-9548', 'applicant147@example.com', 1, '2026-05-01');
INSERT INTO p_appinfo (property_name, movein_date, no_of_bedroom, full_name, phone_number, email, rent_status, application_date) VALUES (11, '2026-06-01', 1, 'William Jackson', '555-916-4780', 'applicant148@example.com', 0, '2026-05-01');
INSERT INTO p_appinfo (property_name, movein_date, no_of_bedroom, full_name, phone_number, email, rent_status, application_date) VALUES (25, '2026-06-01', 3, 'Karen Anderson', '555-347-4404', 'applicant149@example.com', 0, '2026-05-01');
INSERT INTO p_appinfo (property_name, movein_date, no_of_bedroom, full_name, phone_number, email, rent_status, application_date) VALUES (41, '2026-06-01', 1, 'Linda Williams', '555-229-3930', 'applicant150@example.com', 0, '2026-05-01');
INSERT INTO p_tenant (appinfo_id, tenant_name, tenant_contact, property_name, frequency, vacant_unit, tenantStatus) VALUES (1, 'David Rodriguez', '555-679-6488', 8, 'Monthly', 338, 0);
INSERT INTO p_lease (tenantId, moveinDate, moveoutDate, property_name, frequency, vacant_unit, rentAmount, leaseStatus) VALUES (1, '2025-01-01', '2026-01-01', 8, 'Monthly', 338, '987', 0);
INSERT INTO p_tenant (appinfo_id, tenant_name, tenant_contact, property_name, frequency, vacant_unit, tenantStatus) VALUES (2, 'Robert Davis', '555-714-2642', 50, 'Monthly', 211, 0);
INSERT INTO p_lease (tenantId, moveinDate, moveoutDate, property_name, frequency, vacant_unit, rentAmount, leaseStatus) VALUES (2, '2025-01-01', '2026-01-01', 50, 'Monthly', 211, '842', 0);
INSERT INTO p_tenant (appinfo_id, tenant_name, tenant_contact, property_name, frequency, vacant_unit, tenantStatus) VALUES (3, 'Barbara Wilson', '555-440-3641', 29, 'Monthly', 9, 0);
INSERT INTO p_lease (tenantId, moveinDate, moveoutDate, property_name, frequency, vacant_unit, rentAmount, leaseStatus) VALUES (3, '2025-01-01', '2026-01-01', 29, 'Monthly', 9, '2134', 0);
INSERT INTO p_tenant (appinfo_id, tenant_name, tenant_contact, property_name, frequency, vacant_unit, tenantStatus) VALUES (4, 'Patricia Brown', '555-160-3972', 29, 'Monthly', 180, 0);
INSERT INTO p_lease (tenantId, moveinDate, moveoutDate, property_name, frequency, vacant_unit, rentAmount, leaseStatus) VALUES (4, '2025-01-01', '2026-01-01', 29, 'Monthly', 180, '829', 0);
INSERT INTO p_tenant (appinfo_id, tenant_name, tenant_contact, property_name, frequency, vacant_unit, tenantStatus) VALUES (5, 'Robert Moore', '555-901-4914', 21, 'Monthly', 245, 0);
INSERT INTO p_lease (tenantId, moveinDate, moveoutDate, property_name, frequency, vacant_unit, rentAmount, leaseStatus) VALUES (5, '2025-01-01', '2026-01-01', 21, 'Monthly', 245, '2257', 0);
INSERT INTO p_tenant (appinfo_id, tenant_name, tenant_contact, property_name, frequency, vacant_unit, tenantStatus) VALUES (6, 'Joseph Brown', '555-619-3672', 18, 'Monthly', 241, 0);
INSERT INTO p_lease (tenantId, moveinDate, moveoutDate, property_name, frequency, vacant_unit, rentAmount, leaseStatus) VALUES (6, '2025-01-01', '2026-01-01', 18, 'Monthly', 241, '2179', 0);
INSERT INTO p_tenant (appinfo_id, tenant_name, tenant_contact, property_name, frequency, vacant_unit, tenantStatus) VALUES (7, 'Karen Gonzalez', '555-528-1890', 32, 'Monthly', 289, 0);
INSERT INTO p_lease (tenantId, moveinDate, moveoutDate, property_name, frequency, vacant_unit, rentAmount, leaseStatus) VALUES (7, '2025-01-01', '2026-01-01', 32, 'Monthly', 289, '1347', 0);
INSERT INTO p_tenant (appinfo_id, tenant_name, tenant_contact, property_name, frequency, vacant_unit, tenantStatus) VALUES (8, 'Robert Taylor', '555-835-8118', 28, 'Monthly', 104, 0);
INSERT INTO p_lease (tenantId, moveinDate, moveoutDate, property_name, frequency, vacant_unit, rentAmount, leaseStatus) VALUES (8, '2025-01-01', '2026-01-01', 28, 'Monthly', 104, '1107', 0);
INSERT INTO p_tenant (appinfo_id, tenant_name, tenant_contact, property_name, frequency, vacant_unit, tenantStatus) VALUES (9, 'Jennifer Williams', '555-360-4726', 11, 'Monthly', 67, 0);
INSERT INTO p_lease (tenantId, moveinDate, moveoutDate, property_name, frequency, vacant_unit, rentAmount, leaseStatus) VALUES (9, '2025-01-01', '2026-01-01', 11, 'Monthly', 67, '805', 0);
INSERT INTO p_tenant (appinfo_id, tenant_name, tenant_contact, property_name, frequency, vacant_unit, tenantStatus) VALUES (10, 'Charles Rodriguez', '555-543-8806', 1, 'Monthly', 61, 0);
INSERT INTO p_lease (tenantId, moveinDate, moveoutDate, property_name, frequency, vacant_unit, rentAmount, leaseStatus) VALUES (10, '2025-01-01', '2026-01-01', 1, 'Monthly', 61, '1322', 0);
INSERT INTO p_tenant (appinfo_id, tenant_name, tenant_contact, property_name, frequency, vacant_unit, tenantStatus) VALUES (11, 'Barbara Moore', '555-135-2720', 45, 'Monthly', 95, 0);
INSERT INTO p_lease (tenantId, moveinDate, moveoutDate, property_name, frequency, vacant_unit, rentAmount, leaseStatus) VALUES (11, '2025-01-01', '2026-01-01', 45, 'Monthly', 95, '3214', 0);
INSERT INTO p_tenant (appinfo_id, tenant_name, tenant_contact, property_name, frequency, vacant_unit, tenantStatus) VALUES (12, 'William Johnson', '555-679-2742', 21, 'Monthly', 317, 0);
INSERT INTO p_lease (tenantId, moveinDate, moveoutDate, property_name, frequency, vacant_unit, rentAmount, leaseStatus) VALUES (12, '2025-01-01', '2026-01-01', 21, 'Monthly', 317, '1619', 0);
INSERT INTO p_tenant (appinfo_id, tenant_name, tenant_contact, property_name, frequency, vacant_unit, tenantStatus) VALUES (13, 'Richard Smith', '555-978-2950', 26, 'Monthly', 62, 0);
INSERT INTO p_lease (tenantId, moveinDate, moveoutDate, property_name, frequency, vacant_unit, rentAmount, leaseStatus) VALUES (13, '2025-01-01', '2026-01-01', 26, 'Monthly', 62, '1604', 0);
INSERT INTO p_tenant (appinfo_id, tenant_name, tenant_contact, property_name, frequency, vacant_unit, tenantStatus) VALUES (14, 'William Hernandez', '555-188-5416', 25, 'Monthly', 103, 0);
INSERT INTO p_lease (tenantId, moveinDate, moveoutDate, property_name, frequency, vacant_unit, rentAmount, leaseStatus) VALUES (14, '2025-01-01', '2026-01-01', 25, 'Monthly', 103, '2966', 0);
INSERT INTO p_tenant (appinfo_id, tenant_name, tenant_contact, property_name, frequency, vacant_unit, tenantStatus) VALUES (15, 'Elizabeth Jackson', '555-585-5407', 2, 'Monthly', 121, 0);
INSERT INTO p_lease (tenantId, moveinDate, moveoutDate, property_name, frequency, vacant_unit, rentAmount, leaseStatus) VALUES (15, '2025-01-01', '2026-01-01', 2, 'Monthly', 121, '2969', 0);
INSERT INTO p_tenant (appinfo_id, tenant_name, tenant_contact, property_name, frequency, vacant_unit, tenantStatus) VALUES (16, 'Patricia Moore', '555-437-6845', 36, 'Monthly', 5, 0);
INSERT INTO p_lease (tenantId, moveinDate, moveoutDate, property_name, frequency, vacant_unit, rentAmount, leaseStatus) VALUES (16, '2025-01-01', '2026-01-01', 36, 'Monthly', 5, '1463', 0);
INSERT INTO p_tenant (appinfo_id, tenant_name, tenant_contact, property_name, frequency, vacant_unit, tenantStatus) VALUES (17, 'Robert Lopez', '555-598-3079', 50, 'Monthly', 220, 0);
INSERT INTO p_lease (tenantId, moveinDate, moveoutDate, property_name, frequency, vacant_unit, rentAmount, leaseStatus) VALUES (17, '2025-01-01', '2026-01-01', 50, 'Monthly', 220, '3072', 0);
INSERT INTO p_tenant (appinfo_id, tenant_name, tenant_contact, property_name, frequency, vacant_unit, tenantStatus) VALUES (18, 'Robert Thomas', '555-206-2546', 14, 'Monthly', 107, 0);
INSERT INTO p_lease (tenantId, moveinDate, moveoutDate, property_name, frequency, vacant_unit, rentAmount, leaseStatus) VALUES (18, '2025-01-01', '2026-01-01', 14, 'Monthly', 107, '1802', 0);
INSERT INTO p_tenant (appinfo_id, tenant_name, tenant_contact, property_name, frequency, vacant_unit, tenantStatus) VALUES (19, 'John Taylor', '555-474-2613', 27, 'Monthly', 336, 0);
INSERT INTO p_lease (tenantId, moveinDate, moveoutDate, property_name, frequency, vacant_unit, rentAmount, leaseStatus) VALUES (19, '2025-01-01', '2026-01-01', 27, 'Monthly', 336, '2116', 0);
INSERT INTO p_tenant (appinfo_id, tenant_name, tenant_contact, property_name, frequency, vacant_unit, tenantStatus) VALUES (20, 'Barbara Lopez', '555-431-7974', 40, 'Monthly', 248, 0);
INSERT INTO p_lease (tenantId, moveinDate, moveoutDate, property_name, frequency, vacant_unit, rentAmount, leaseStatus) VALUES (20, '2025-01-01', '2026-01-01', 40, 'Monthly', 248, '960', 0);
INSERT INTO p_tenant (appinfo_id, tenant_name, tenant_contact, property_name, frequency, vacant_unit, tenantStatus) VALUES (21, 'Robert Martin', '555-384-5924', 39, 'Monthly', 192, 0);
INSERT INTO p_lease (tenantId, moveinDate, moveoutDate, property_name, frequency, vacant_unit, rentAmount, leaseStatus) VALUES (21, '2025-01-01', '2026-01-01', 39, 'Monthly', 192, '2858', 0);
INSERT INTO p_tenant (appinfo_id, tenant_name, tenant_contact, property_name, frequency, vacant_unit, tenantStatus) VALUES (22, 'Susan Brown', '555-222-6847', 34, 'Monthly', 124, 0);
INSERT INTO p_lease (tenantId, moveinDate, moveoutDate, property_name, frequency, vacant_unit, rentAmount, leaseStatus) VALUES (22, '2025-01-01', '2026-01-01', 34, 'Monthly', 124, '2934', 0);
INSERT INTO p_tenant (appinfo_id, tenant_name, tenant_contact, property_name, frequency, vacant_unit, tenantStatus) VALUES (23, 'William Rodriguez', '555-383-3460', 30, 'Monthly', 188, 0);
INSERT INTO p_lease (tenantId, moveinDate, moveoutDate, property_name, frequency, vacant_unit, rentAmount, leaseStatus) VALUES (23, '2025-01-01', '2026-01-01', 30, 'Monthly', 188, '1460', 0);
INSERT INTO p_tenant (appinfo_id, tenant_name, tenant_contact, property_name, frequency, vacant_unit, tenantStatus) VALUES (24, 'Michael Thomas', '555-918-8035', 29, 'Monthly', 172, 0);
INSERT INTO p_lease (tenantId, moveinDate, moveoutDate, property_name, frequency, vacant_unit, rentAmount, leaseStatus) VALUES (24, '2025-01-01', '2026-01-01', 29, 'Monthly', 172, '840', 0);
INSERT INTO p_tenant (appinfo_id, tenant_name, tenant_contact, property_name, frequency, vacant_unit, tenantStatus) VALUES (25, 'Robert Brown', '555-543-2615', 20, 'Monthly', 298, 0);
INSERT INTO p_lease (tenantId, moveinDate, moveoutDate, property_name, frequency, vacant_unit, rentAmount, leaseStatus) VALUES (25, '2025-01-01', '2026-01-01', 20, 'Monthly', 298, '2462', 0);
INSERT INTO p_tenant (appinfo_id, tenant_name, tenant_contact, property_name, frequency, vacant_unit, tenantStatus) VALUES (26, 'Barbara Thomas', '555-251-1297', 44, 'Monthly', 180, 0);
INSERT INTO p_lease (tenantId, moveinDate, moveoutDate, property_name, frequency, vacant_unit, rentAmount, leaseStatus) VALUES (26, '2025-01-01', '2026-01-01', 44, 'Monthly', 180, '3323', 0);
INSERT INTO p_tenant (appinfo_id, tenant_name, tenant_contact, property_name, frequency, vacant_unit, tenantStatus) VALUES (27, 'Thomas Anderson', '555-699-6442', 46, 'Monthly', 203, 0);
INSERT INTO p_lease (tenantId, moveinDate, moveoutDate, property_name, frequency, vacant_unit, rentAmount, leaseStatus) VALUES (27, '2025-01-01', '2026-01-01', 46, 'Monthly', 203, '969', 0);
INSERT INTO p_tenant (appinfo_id, tenant_name, tenant_contact, property_name, frequency, vacant_unit, tenantStatus) VALUES (28, 'Michael Anderson', '555-559-9562', 3, 'Monthly', 41, 0);
INSERT INTO p_lease (tenantId, moveinDate, moveoutDate, property_name, frequency, vacant_unit, rentAmount, leaseStatus) VALUES (28, '2025-01-01', '2026-01-01', 3, 'Monthly', 41, '2056', 0);
INSERT INTO p_tenant (appinfo_id, tenant_name, tenant_contact, property_name, frequency, vacant_unit, tenantStatus) VALUES (29, 'Thomas Garcia', '555-749-8888', 41, 'Monthly', 66, 0);
INSERT INTO p_lease (tenantId, moveinDate, moveoutDate, property_name, frequency, vacant_unit, rentAmount, leaseStatus) VALUES (29, '2025-01-01', '2026-01-01', 41, 'Monthly', 66, '835', 0);
INSERT INTO p_tenant (appinfo_id, tenant_name, tenant_contact, property_name, frequency, vacant_unit, tenantStatus) VALUES (30, 'Joseph Jackson', '555-266-1006', 39, 'Monthly', 278, 0);
INSERT INTO p_lease (tenantId, moveinDate, moveoutDate, property_name, frequency, vacant_unit, rentAmount, leaseStatus) VALUES (30, '2025-01-01', '2026-01-01', 39, 'Monthly', 278, '2358', 0);
INSERT INTO p_tenant (appinfo_id, tenant_name, tenant_contact, property_name, frequency, vacant_unit, tenantStatus) VALUES (31, 'Elizabeth Hernandez', '555-657-1189', 50, 'Monthly', 161, 0);
INSERT INTO p_lease (tenantId, moveinDate, moveoutDate, property_name, frequency, vacant_unit, rentAmount, leaseStatus) VALUES (31, '2025-01-01', '2026-01-01', 50, 'Monthly', 161, '2863', 0);
INSERT INTO p_tenant (appinfo_id, tenant_name, tenant_contact, property_name, frequency, vacant_unit, tenantStatus) VALUES (32, 'Michael Lopez', '555-749-4170', 35, 'Monthly', 12, 0);
INSERT INTO p_lease (tenantId, moveinDate, moveoutDate, property_name, frequency, vacant_unit, rentAmount, leaseStatus) VALUES (32, '2025-01-01', '2026-01-01', 35, 'Monthly', 12, '1100', 0);
INSERT INTO p_tenant (appinfo_id, tenant_name, tenant_contact, property_name, frequency, vacant_unit, tenantStatus) VALUES (33, 'Joseph Martin', '555-101-5921', 24, 'Monthly', 189, 0);
INSERT INTO p_lease (tenantId, moveinDate, moveoutDate, property_name, frequency, vacant_unit, rentAmount, leaseStatus) VALUES (33, '2025-01-01', '2026-01-01', 24, 'Monthly', 189, '2541', 0);
INSERT INTO p_tenant (appinfo_id, tenant_name, tenant_contact, property_name, frequency, vacant_unit, tenantStatus) VALUES (34, 'Karen Rodriguez', '555-751-5962', 32, 'Monthly', 317, 0);
INSERT INTO p_lease (tenantId, moveinDate, moveoutDate, property_name, frequency, vacant_unit, rentAmount, leaseStatus) VALUES (34, '2025-01-01', '2026-01-01', 32, 'Monthly', 317, '3427', 0);
INSERT INTO p_tenant (appinfo_id, tenant_name, tenant_contact, property_name, frequency, vacant_unit, tenantStatus) VALUES (35, 'Richard Brown', '555-701-8334', 49, 'Monthly', 62, 0);
INSERT INTO p_lease (tenantId, moveinDate, moveoutDate, property_name, frequency, vacant_unit, rentAmount, leaseStatus) VALUES (35, '2025-01-01', '2026-01-01', 49, 'Monthly', 62, '1628', 0);
INSERT INTO p_tenant (appinfo_id, tenant_name, tenant_contact, property_name, frequency, vacant_unit, tenantStatus) VALUES (36, 'Linda Brown', '555-723-7964', 2, 'Monthly', 343, 0);
INSERT INTO p_lease (tenantId, moveinDate, moveoutDate, property_name, frequency, vacant_unit, rentAmount, leaseStatus) VALUES (36, '2025-01-01', '2026-01-01', 2, 'Monthly', 343, '3131', 0);
INSERT INTO p_tenant (appinfo_id, tenant_name, tenant_contact, property_name, frequency, vacant_unit, tenantStatus) VALUES (37, 'William Moore', '555-202-7751', 26, 'Monthly', 233, 0);
INSERT INTO p_lease (tenantId, moveinDate, moveoutDate, property_name, frequency, vacant_unit, rentAmount, leaseStatus) VALUES (37, '2025-01-01', '2026-01-01', 26, 'Monthly', 233, '1885', 0);
INSERT INTO p_tenant (appinfo_id, tenant_name, tenant_contact, property_name, frequency, vacant_unit, tenantStatus) VALUES (38, 'Michael Jackson', '555-279-2412', 29, 'Monthly', 301, 0);
INSERT INTO p_lease (tenantId, moveinDate, moveoutDate, property_name, frequency, vacant_unit, rentAmount, leaseStatus) VALUES (38, '2025-01-01', '2026-01-01', 29, 'Monthly', 301, '2066', 0);
INSERT INTO p_tenant (appinfo_id, tenant_name, tenant_contact, property_name, frequency, vacant_unit, tenantStatus) VALUES (39, 'Mary Smith', '555-830-8957', 46, 'Monthly', 338, 0);
INSERT INTO p_lease (tenantId, moveinDate, moveoutDate, property_name, frequency, vacant_unit, rentAmount, leaseStatus) VALUES (39, '2025-01-01', '2026-01-01', 46, 'Monthly', 338, '1275', 0);
INSERT INTO p_tenant (appinfo_id, tenant_name, tenant_contact, property_name, frequency, vacant_unit, tenantStatus) VALUES (40, 'Charles Davis', '555-853-6359', 19, 'Monthly', 276, 0);
INSERT INTO p_lease (tenantId, moveinDate, moveoutDate, property_name, frequency, vacant_unit, rentAmount, leaseStatus) VALUES (40, '2025-01-01', '2026-01-01', 19, 'Monthly', 276, '2906', 0);
INSERT INTO p_tenant (appinfo_id, tenant_name, tenant_contact, property_name, frequency, vacant_unit, tenantStatus) VALUES (41, 'David Davis', '555-569-5631', 20, 'Monthly', 6, 0);
INSERT INTO p_lease (tenantId, moveinDate, moveoutDate, property_name, frequency, vacant_unit, rentAmount, leaseStatus) VALUES (41, '2025-01-01', '2026-01-01', 20, 'Monthly', 6, '2624', 0);
INSERT INTO p_tenant (appinfo_id, tenant_name, tenant_contact, property_name, frequency, vacant_unit, tenantStatus) VALUES (42, 'Charles Anderson', '555-339-4268', 4, 'Monthly', 113, 0);
INSERT INTO p_lease (tenantId, moveinDate, moveoutDate, property_name, frequency, vacant_unit, rentAmount, leaseStatus) VALUES (42, '2025-01-01', '2026-01-01', 4, 'Monthly', 113, '1061', 0);
INSERT INTO p_tenant (appinfo_id, tenant_name, tenant_contact, property_name, frequency, vacant_unit, tenantStatus) VALUES (43, 'Joseph Lopez', '555-510-5329', 35, 'Monthly', 135, 0);
INSERT INTO p_lease (tenantId, moveinDate, moveoutDate, property_name, frequency, vacant_unit, rentAmount, leaseStatus) VALUES (43, '2025-01-01', '2026-01-01', 35, 'Monthly', 135, '3405', 0);
INSERT INTO p_tenant (appinfo_id, tenant_name, tenant_contact, property_name, frequency, vacant_unit, tenantStatus) VALUES (44, 'Richard Williams', '555-340-9785', 31, 'Monthly', 234, 0);
INSERT INTO p_lease (tenantId, moveinDate, moveoutDate, property_name, frequency, vacant_unit, rentAmount, leaseStatus) VALUES (44, '2025-01-01', '2026-01-01', 31, 'Monthly', 234, '2355', 0);
INSERT INTO p_tenant (appinfo_id, tenant_name, tenant_contact, property_name, frequency, vacant_unit, tenantStatus) VALUES (45, 'Barbara Williams', '555-884-9777', 15, 'Monthly', 279, 0);
INSERT INTO p_lease (tenantId, moveinDate, moveoutDate, property_name, frequency, vacant_unit, rentAmount, leaseStatus) VALUES (45, '2025-01-01', '2026-01-01', 15, 'Monthly', 279, '2882', 0);
INSERT INTO p_tenant (appinfo_id, tenant_name, tenant_contact, property_name, frequency, vacant_unit, tenantStatus) VALUES (46, 'David Martin', '555-942-4973', 23, 'Monthly', 20, 0);
INSERT INTO p_lease (tenantId, moveinDate, moveoutDate, property_name, frequency, vacant_unit, rentAmount, leaseStatus) VALUES (46, '2025-01-01', '2026-01-01', 23, 'Monthly', 20, '1088', 0);
INSERT INTO p_tenant (appinfo_id, tenant_name, tenant_contact, property_name, frequency, vacant_unit, tenantStatus) VALUES (47, 'Jennifer Miller', '555-123-3616', 29, 'Monthly', 120, 0);
INSERT INTO p_lease (tenantId, moveinDate, moveoutDate, property_name, frequency, vacant_unit, rentAmount, leaseStatus) VALUES (47, '2025-01-01', '2026-01-01', 29, 'Monthly', 120, '2660', 0);
INSERT INTO p_tenant (appinfo_id, tenant_name, tenant_contact, property_name, frequency, vacant_unit, tenantStatus) VALUES (48, 'Richard Brown', '555-273-3869', 35, 'Monthly', 50, 0);
INSERT INTO p_lease (tenantId, moveinDate, moveoutDate, property_name, frequency, vacant_unit, rentAmount, leaseStatus) VALUES (48, '2025-01-01', '2026-01-01', 35, 'Monthly', 50, '2379', 0);
INSERT INTO p_tenant (appinfo_id, tenant_name, tenant_contact, property_name, frequency, vacant_unit, tenantStatus) VALUES (49, 'William Miller', '555-122-7981', 4, 'Monthly', 103, 0);
INSERT INTO p_lease (tenantId, moveinDate, moveoutDate, property_name, frequency, vacant_unit, rentAmount, leaseStatus) VALUES (49, '2025-01-01', '2026-01-01', 4, 'Monthly', 103, '1500', 0);
INSERT INTO p_tenant (appinfo_id, tenant_name, tenant_contact, property_name, frequency, vacant_unit, tenantStatus) VALUES (50, 'William Williams', '555-760-3964', 10, 'Monthly', 15, 0);
INSERT INTO p_lease (tenantId, moveinDate, moveoutDate, property_name, frequency, vacant_unit, rentAmount, leaseStatus) VALUES (50, '2025-01-01', '2026-01-01', 10, 'Monthly', 15, '1276', 0);
INSERT INTO p_tenant (appinfo_id, tenant_name, tenant_contact, property_name, frequency, vacant_unit, tenantStatus) VALUES (51, 'Jennifer Rodriguez', '555-570-7715', 19, 'Monthly', 174, 0);
INSERT INTO p_lease (tenantId, moveinDate, moveoutDate, property_name, frequency, vacant_unit, rentAmount, leaseStatus) VALUES (51, '2025-01-01', '2026-01-01', 19, 'Monthly', 174, '2685', 0);
INSERT INTO p_tenant (appinfo_id, tenant_name, tenant_contact, property_name, frequency, vacant_unit, tenantStatus) VALUES (52, 'Linda Moore', '555-614-2517', 16, 'Monthly', 303, 0);
INSERT INTO p_lease (tenantId, moveinDate, moveoutDate, property_name, frequency, vacant_unit, rentAmount, leaseStatus) VALUES (52, '2025-01-01', '2026-01-01', 16, 'Monthly', 303, '2888', 0);
INSERT INTO p_tenant (appinfo_id, tenant_name, tenant_contact, property_name, frequency, vacant_unit, tenantStatus) VALUES (53, 'Karen Williams', '555-772-9242', 33, 'Monthly', 22, 0);
INSERT INTO p_lease (tenantId, moveinDate, moveoutDate, property_name, frequency, vacant_unit, rentAmount, leaseStatus) VALUES (53, '2025-01-01', '2026-01-01', 33, 'Monthly', 22, '3446', 0);
INSERT INTO p_tenant (appinfo_id, tenant_name, tenant_contact, property_name, frequency, vacant_unit, tenantStatus) VALUES (54, 'Michael Jones', '555-153-5539', 45, 'Monthly', 215, 0);
INSERT INTO p_lease (tenantId, moveinDate, moveoutDate, property_name, frequency, vacant_unit, rentAmount, leaseStatus) VALUES (54, '2025-01-01', '2026-01-01', 45, 'Monthly', 215, '1673', 0);
INSERT INTO p_tenant (appinfo_id, tenant_name, tenant_contact, property_name, frequency, vacant_unit, tenantStatus) VALUES (55, 'David Anderson', '555-548-3046', 28, 'Monthly', 266, 0);
INSERT INTO p_lease (tenantId, moveinDate, moveoutDate, property_name, frequency, vacant_unit, rentAmount, leaseStatus) VALUES (55, '2025-01-01', '2026-01-01', 28, 'Monthly', 266, '2255', 0);
INSERT INTO p_tenant (appinfo_id, tenant_name, tenant_contact, property_name, frequency, vacant_unit, tenantStatus) VALUES (56, 'Charles Jones', '555-390-7090', 42, 'Monthly', 67, 0);
INSERT INTO p_lease (tenantId, moveinDate, moveoutDate, property_name, frequency, vacant_unit, rentAmount, leaseStatus) VALUES (56, '2025-01-01', '2026-01-01', 42, 'Monthly', 67, '3395', 0);
INSERT INTO p_tenant (appinfo_id, tenant_name, tenant_contact, property_name, frequency, vacant_unit, tenantStatus) VALUES (57, 'John Moore', '555-669-7496', 49, 'Monthly', 110, 0);
INSERT INTO p_lease (tenantId, moveinDate, moveoutDate, property_name, frequency, vacant_unit, rentAmount, leaseStatus) VALUES (57, '2025-01-01', '2026-01-01', 49, 'Monthly', 110, '2439', 0);
INSERT INTO p_tenant (appinfo_id, tenant_name, tenant_contact, property_name, frequency, vacant_unit, tenantStatus) VALUES (58, 'William Wilson', '555-650-9281', 37, 'Monthly', 72, 0);
INSERT INTO p_lease (tenantId, moveinDate, moveoutDate, property_name, frequency, vacant_unit, rentAmount, leaseStatus) VALUES (58, '2025-01-01', '2026-01-01', 37, 'Monthly', 72, '2234', 0);
INSERT INTO p_tenant (appinfo_id, tenant_name, tenant_contact, property_name, frequency, vacant_unit, tenantStatus) VALUES (59, 'Mary Jones', '555-309-1196', 38, 'Monthly', 18, 0);
INSERT INTO p_lease (tenantId, moveinDate, moveoutDate, property_name, frequency, vacant_unit, rentAmount, leaseStatus) VALUES (59, '2025-01-01', '2026-01-01', 38, 'Monthly', 18, '1977', 0);
INSERT INTO p_tenant (appinfo_id, tenant_name, tenant_contact, property_name, frequency, vacant_unit, tenantStatus) VALUES (60, 'Robert Moore', '555-364-9931', 3, 'Monthly', 49, 0);
INSERT INTO p_lease (tenantId, moveinDate, moveoutDate, property_name, frequency, vacant_unit, rentAmount, leaseStatus) VALUES (60, '2025-01-01', '2026-01-01', 3, 'Monthly', 49, '1014', 0);
INSERT INTO p_tenant (appinfo_id, tenant_name, tenant_contact, property_name, frequency, vacant_unit, tenantStatus) VALUES (61, 'David Miller', '555-347-9372', 35, 'Monthly', 91, 0);
INSERT INTO p_lease (tenantId, moveinDate, moveoutDate, property_name, frequency, vacant_unit, rentAmount, leaseStatus) VALUES (61, '2025-01-01', '2026-01-01', 35, 'Monthly', 91, '993', 0);
INSERT INTO p_tenant (appinfo_id, tenant_name, tenant_contact, property_name, frequency, vacant_unit, tenantStatus) VALUES (62, 'Michael Davis', '555-247-2262', 15, 'Monthly', 155, 0);
INSERT INTO p_lease (tenantId, moveinDate, moveoutDate, property_name, frequency, vacant_unit, rentAmount, leaseStatus) VALUES (62, '2025-01-01', '2026-01-01', 15, 'Monthly', 155, '3241', 0);
INSERT INTO p_tenant (appinfo_id, tenant_name, tenant_contact, property_name, frequency, vacant_unit, tenantStatus) VALUES (63, 'Elizabeth Martin', '555-404-9683', 28, 'Monthly', 166, 0);
INSERT INTO p_lease (tenantId, moveinDate, moveoutDate, property_name, frequency, vacant_unit, rentAmount, leaseStatus) VALUES (63, '2025-01-01', '2026-01-01', 28, 'Monthly', 166, '1303', 0);
INSERT INTO p_tenant (appinfo_id, tenant_name, tenant_contact, property_name, frequency, vacant_unit, tenantStatus) VALUES (64, 'Patricia Martinez', '555-393-6688', 7, 'Monthly', 4, 0);
INSERT INTO p_lease (tenantId, moveinDate, moveoutDate, property_name, frequency, vacant_unit, rentAmount, leaseStatus) VALUES (64, '2025-01-01', '2026-01-01', 7, 'Monthly', 4, '2550', 0);
INSERT INTO p_tenant (appinfo_id, tenant_name, tenant_contact, property_name, frequency, vacant_unit, tenantStatus) VALUES (65, 'Robert Jackson', '555-355-7375', 21, 'Monthly', 10, 0);
INSERT INTO p_lease (tenantId, moveinDate, moveoutDate, property_name, frequency, vacant_unit, rentAmount, leaseStatus) VALUES (65, '2025-01-01', '2026-01-01', 21, 'Monthly', 10, '3306', 0);
INSERT INTO p_tenant (appinfo_id, tenant_name, tenant_contact, property_name, frequency, vacant_unit, tenantStatus) VALUES (66, 'William Gonzalez', '555-844-8320', 19, 'Monthly', 216, 0);
INSERT INTO p_lease (tenantId, moveinDate, moveoutDate, property_name, frequency, vacant_unit, rentAmount, leaseStatus) VALUES (66, '2025-01-01', '2026-01-01', 19, 'Monthly', 216, '2332', 0);
INSERT INTO p_tenant (appinfo_id, tenant_name, tenant_contact, property_name, frequency, vacant_unit, tenantStatus) VALUES (67, 'Jennifer Thomas', '555-312-9365', 1, 'Monthly', 170, 0);
INSERT INTO p_lease (tenantId, moveinDate, moveoutDate, property_name, frequency, vacant_unit, rentAmount, leaseStatus) VALUES (67, '2025-01-01', '2026-01-01', 1, 'Monthly', 170, '2879', 0);
INSERT INTO p_tenant (appinfo_id, tenant_name, tenant_contact, property_name, frequency, vacant_unit, tenantStatus) VALUES (68, 'Sarah Martin', '555-382-1454', 9, 'Monthly', 128, 0);
INSERT INTO p_lease (tenantId, moveinDate, moveoutDate, property_name, frequency, vacant_unit, rentAmount, leaseStatus) VALUES (68, '2025-01-01', '2026-01-01', 9, 'Monthly', 128, '1068', 0);
INSERT INTO p_tenant (appinfo_id, tenant_name, tenant_contact, property_name, frequency, vacant_unit, tenantStatus) VALUES (69, 'Susan Garcia', '555-976-6827', 19, 'Monthly', 237, 0);
INSERT INTO p_lease (tenantId, moveinDate, moveoutDate, property_name, frequency, vacant_unit, rentAmount, leaseStatus) VALUES (69, '2025-01-01', '2026-01-01', 19, 'Monthly', 237, '1060', 0);
INSERT INTO p_tenant (appinfo_id, tenant_name, tenant_contact, property_name, frequency, vacant_unit, tenantStatus) VALUES (70, 'Sarah Rodriguez', '555-961-3351', 20, 'Monthly', 59, 0);
INSERT INTO p_lease (tenantId, moveinDate, moveoutDate, property_name, frequency, vacant_unit, rentAmount, leaseStatus) VALUES (70, '2025-01-01', '2026-01-01', 20, 'Monthly', 59, '3055', 0);
INSERT INTO p_tenant (appinfo_id, tenant_name, tenant_contact, property_name, frequency, vacant_unit, tenantStatus) VALUES (71, 'Thomas Rodriguez', '555-804-3024', 39, 'Monthly', 46, 0);
INSERT INTO p_lease (tenantId, moveinDate, moveoutDate, property_name, frequency, vacant_unit, rentAmount, leaseStatus) VALUES (71, '2025-01-01', '2026-01-01', 39, 'Monthly', 46, '1390', 0);
INSERT INTO p_tenant (appinfo_id, tenant_name, tenant_contact, property_name, frequency, vacant_unit, tenantStatus) VALUES (72, 'Charles Thomas', '555-672-3207', 25, 'Monthly', 55, 0);
INSERT INTO p_lease (tenantId, moveinDate, moveoutDate, property_name, frequency, vacant_unit, rentAmount, leaseStatus) VALUES (72, '2025-01-01', '2026-01-01', 25, 'Monthly', 55, '1552', 0);
INSERT INTO p_tenant (appinfo_id, tenant_name, tenant_contact, property_name, frequency, vacant_unit, tenantStatus) VALUES (73, 'Richard Anderson', '555-799-1909', 8, 'Monthly', 117, 0);
INSERT INTO p_lease (tenantId, moveinDate, moveoutDate, property_name, frequency, vacant_unit, rentAmount, leaseStatus) VALUES (73, '2025-01-01', '2026-01-01', 8, 'Monthly', 117, '1742', 0);
INSERT INTO p_tenant (appinfo_id, tenant_name, tenant_contact, property_name, frequency, vacant_unit, tenantStatus) VALUES (74, 'Sarah Wilson', '555-131-1894', 44, 'Monthly', 14, 0);
INSERT INTO p_lease (tenantId, moveinDate, moveoutDate, property_name, frequency, vacant_unit, rentAmount, leaseStatus) VALUES (74, '2025-01-01', '2026-01-01', 44, 'Monthly', 14, '2810', 0);
INSERT INTO p_tenant (appinfo_id, tenant_name, tenant_contact, property_name, frequency, vacant_unit, tenantStatus) VALUES (75, 'Sarah Rodriguez', '555-808-5003', 1, 'Monthly', 158, 0);
INSERT INTO p_lease (tenantId, moveinDate, moveoutDate, property_name, frequency, vacant_unit, rentAmount, leaseStatus) VALUES (75, '2025-01-01', '2026-01-01', 1, 'Monthly', 158, '1840', 0);
INSERT INTO p_tenant (appinfo_id, tenant_name, tenant_contact, property_name, frequency, vacant_unit, tenantStatus) VALUES (76, 'Patricia Taylor', '555-179-9566', 13, 'Monthly', 9, 0);
INSERT INTO p_lease (tenantId, moveinDate, moveoutDate, property_name, frequency, vacant_unit, rentAmount, leaseStatus) VALUES (76, '2025-01-01', '2026-01-01', 13, 'Monthly', 9, '3327', 0);
INSERT INTO p_tenant (appinfo_id, tenant_name, tenant_contact, property_name, frequency, vacant_unit, tenantStatus) VALUES (77, 'William Davis', '555-196-6248', 25, 'Monthly', 324, 0);
INSERT INTO p_lease (tenantId, moveinDate, moveoutDate, property_name, frequency, vacant_unit, rentAmount, leaseStatus) VALUES (77, '2025-01-01', '2026-01-01', 25, 'Monthly', 324, '3351', 0);
INSERT INTO p_tenant (appinfo_id, tenant_name, tenant_contact, property_name, frequency, vacant_unit, tenantStatus) VALUES (78, 'James Jackson', '555-672-2691', 1, 'Monthly', 326, 0);
INSERT INTO p_lease (tenantId, moveinDate, moveoutDate, property_name, frequency, vacant_unit, rentAmount, leaseStatus) VALUES (78, '2025-01-01', '2026-01-01', 1, 'Monthly', 326, '2846', 0);
INSERT INTO p_tenant (appinfo_id, tenant_name, tenant_contact, property_name, frequency, vacant_unit, tenantStatus) VALUES (79, 'Richard Miller', '555-211-2392', 30, 'Monthly', 143, 0);
INSERT INTO p_lease (tenantId, moveinDate, moveoutDate, property_name, frequency, vacant_unit, rentAmount, leaseStatus) VALUES (79, '2025-01-01', '2026-01-01', 30, 'Monthly', 143, '2794', 0);
INSERT INTO p_tenant (appinfo_id, tenant_name, tenant_contact, property_name, frequency, vacant_unit, tenantStatus) VALUES (80, 'Karen Smith', '555-314-1532', 22, 'Monthly', 50, 0);
INSERT INTO p_lease (tenantId, moveinDate, moveoutDate, property_name, frequency, vacant_unit, rentAmount, leaseStatus) VALUES (80, '2025-01-01', '2026-01-01', 22, 'Monthly', 50, '1291', 0);
INSERT INTO p_tenant (appinfo_id, tenant_name, tenant_contact, property_name, frequency, vacant_unit, tenantStatus) VALUES (81, 'Elizabeth Martin', '555-506-6772', 15, 'Monthly', 88, 0);
INSERT INTO p_lease (tenantId, moveinDate, moveoutDate, property_name, frequency, vacant_unit, rentAmount, leaseStatus) VALUES (81, '2025-01-01', '2026-01-01', 15, 'Monthly', 88, '1657', 0);
INSERT INTO p_tenant (appinfo_id, tenant_name, tenant_contact, property_name, frequency, vacant_unit, tenantStatus) VALUES (82, 'Joseph Davis', '555-374-4742', 22, 'Monthly', 295, 0);
INSERT INTO p_lease (tenantId, moveinDate, moveoutDate, property_name, frequency, vacant_unit, rentAmount, leaseStatus) VALUES (82, '2025-01-01', '2026-01-01', 22, 'Monthly', 295, '1241', 0);
INSERT INTO p_tenant (appinfo_id, tenant_name, tenant_contact, property_name, frequency, vacant_unit, tenantStatus) VALUES (83, 'Robert Hernandez', '555-342-4645', 6, 'Monthly', 343, 0);
INSERT INTO p_lease (tenantId, moveinDate, moveoutDate, property_name, frequency, vacant_unit, rentAmount, leaseStatus) VALUES (83, '2025-01-01', '2026-01-01', 6, 'Monthly', 343, '1302', 0);
INSERT INTO p_tenant (appinfo_id, tenant_name, tenant_contact, property_name, frequency, vacant_unit, tenantStatus) VALUES (84, 'Karen Wilson', '555-280-5367', 27, 'Monthly', 100, 0);
INSERT INTO p_lease (tenantId, moveinDate, moveoutDate, property_name, frequency, vacant_unit, rentAmount, leaseStatus) VALUES (84, '2025-01-01', '2026-01-01', 27, 'Monthly', 100, '1338', 0);
INSERT INTO p_tenant (appinfo_id, tenant_name, tenant_contact, property_name, frequency, vacant_unit, tenantStatus) VALUES (85, 'Susan Wilson', '555-512-7270', 38, 'Monthly', 270, 0);
INSERT INTO p_lease (tenantId, moveinDate, moveoutDate, property_name, frequency, vacant_unit, rentAmount, leaseStatus) VALUES (85, '2025-01-01', '2026-01-01', 38, 'Monthly', 270, '3163', 0);
INSERT INTO p_tenant (appinfo_id, tenant_name, tenant_contact, property_name, frequency, vacant_unit, tenantStatus) VALUES (86, 'Susan Hernandez', '555-346-6039', 22, 'Monthly', 214, 0);
INSERT INTO p_lease (tenantId, moveinDate, moveoutDate, property_name, frequency, vacant_unit, rentAmount, leaseStatus) VALUES (86, '2025-01-01', '2026-01-01', 22, 'Monthly', 214, '1118', 0);
INSERT INTO p_tenant (appinfo_id, tenant_name, tenant_contact, property_name, frequency, vacant_unit, tenantStatus) VALUES (87, 'William Williams', '555-303-7023', 7, 'Monthly', 124, 0);
INSERT INTO p_lease (tenantId, moveinDate, moveoutDate, property_name, frequency, vacant_unit, rentAmount, leaseStatus) VALUES (87, '2025-01-01', '2026-01-01', 7, 'Monthly', 124, '3399', 0);
INSERT INTO p_tenant (appinfo_id, tenant_name, tenant_contact, property_name, frequency, vacant_unit, tenantStatus) VALUES (88, 'Richard Jones', '555-760-4746', 27, 'Monthly', 209, 0);
INSERT INTO p_lease (tenantId, moveinDate, moveoutDate, property_name, frequency, vacant_unit, rentAmount, leaseStatus) VALUES (88, '2025-01-01', '2026-01-01', 27, 'Monthly', 209, '2342', 0);
INSERT INTO p_tenant (appinfo_id, tenant_name, tenant_contact, property_name, frequency, vacant_unit, tenantStatus) VALUES (89, 'Jennifer Johnson', '555-735-7426', 27, 'Monthly', 340, 0);
INSERT INTO p_lease (tenantId, moveinDate, moveoutDate, property_name, frequency, vacant_unit, rentAmount, leaseStatus) VALUES (89, '2025-01-01', '2026-01-01', 27, 'Monthly', 340, '2697', 0);
INSERT INTO p_tenant (appinfo_id, tenant_name, tenant_contact, property_name, frequency, vacant_unit, tenantStatus) VALUES (90, 'Jessica Jackson', '555-904-1276', 18, 'Monthly', 298, 0);
INSERT INTO p_lease (tenantId, moveinDate, moveoutDate, property_name, frequency, vacant_unit, rentAmount, leaseStatus) VALUES (90, '2025-01-01', '2026-01-01', 18, 'Monthly', 298, '3436', 0);
INSERT INTO p_tenant (appinfo_id, tenant_name, tenant_contact, property_name, frequency, vacant_unit, tenantStatus) VALUES (91, 'John Thomas', '555-650-9543', 17, 'Monthly', 29, 0);
INSERT INTO p_lease (tenantId, moveinDate, moveoutDate, property_name, frequency, vacant_unit, rentAmount, leaseStatus) VALUES (91, '2025-01-01', '2026-01-01', 17, 'Monthly', 29, '3146', 0);
INSERT INTO p_tenant (appinfo_id, tenant_name, tenant_contact, property_name, frequency, vacant_unit, tenantStatus) VALUES (92, 'Susan Anderson', '555-835-8633', 17, 'Monthly', 250, 0);
INSERT INTO p_lease (tenantId, moveinDate, moveoutDate, property_name, frequency, vacant_unit, rentAmount, leaseStatus) VALUES (92, '2025-01-01', '2026-01-01', 17, 'Monthly', 250, '1271', 0);
INSERT INTO p_tenant (appinfo_id, tenant_name, tenant_contact, property_name, frequency, vacant_unit, tenantStatus) VALUES (93, 'Robert Miller', '555-931-2472', 49, 'Monthly', 99, 0);
INSERT INTO p_lease (tenantId, moveinDate, moveoutDate, property_name, frequency, vacant_unit, rentAmount, leaseStatus) VALUES (93, '2025-01-01', '2026-01-01', 49, 'Monthly', 99, '1673', 0);
INSERT INTO p_tenant (appinfo_id, tenant_name, tenant_contact, property_name, frequency, vacant_unit, tenantStatus) VALUES (94, 'Thomas Lopez', '555-398-7439', 38, 'Monthly', 259, 0);
INSERT INTO p_lease (tenantId, moveinDate, moveoutDate, property_name, frequency, vacant_unit, rentAmount, leaseStatus) VALUES (94, '2025-01-01', '2026-01-01', 38, 'Monthly', 259, '2420', 0);
INSERT INTO p_tenant (appinfo_id, tenant_name, tenant_contact, property_name, frequency, vacant_unit, tenantStatus) VALUES (95, 'Karen Garcia', '555-518-3769', 29, 'Monthly', 198, 0);
INSERT INTO p_lease (tenantId, moveinDate, moveoutDate, property_name, frequency, vacant_unit, rentAmount, leaseStatus) VALUES (95, '2025-01-01', '2026-01-01', 29, 'Monthly', 198, '2032', 0);
INSERT INTO p_tenant (appinfo_id, tenant_name, tenant_contact, property_name, frequency, vacant_unit, tenantStatus) VALUES (96, 'Barbara Martin', '555-355-1006', 22, 'Monthly', 183, 0);
INSERT INTO p_lease (tenantId, moveinDate, moveoutDate, property_name, frequency, vacant_unit, rentAmount, leaseStatus) VALUES (96, '2025-01-01', '2026-01-01', 22, 'Monthly', 183, '2871', 0);
INSERT INTO p_tenant (appinfo_id, tenant_name, tenant_contact, property_name, frequency, vacant_unit, tenantStatus) VALUES (97, 'Patricia Taylor', '555-909-1069', 50, 'Monthly', 348, 0);
INSERT INTO p_lease (tenantId, moveinDate, moveoutDate, property_name, frequency, vacant_unit, rentAmount, leaseStatus) VALUES (97, '2025-01-01', '2026-01-01', 50, 'Monthly', 348, '2266', 0);
INSERT INTO p_tenant (appinfo_id, tenant_name, tenant_contact, property_name, frequency, vacant_unit, tenantStatus) VALUES (98, 'John Gonzalez', '555-310-6338', 7, 'Monthly', 253, 0);
INSERT INTO p_lease (tenantId, moveinDate, moveoutDate, property_name, frequency, vacant_unit, rentAmount, leaseStatus) VALUES (98, '2025-01-01', '2026-01-01', 7, 'Monthly', 253, '3173', 0);
INSERT INTO p_tenant (appinfo_id, tenant_name, tenant_contact, property_name, frequency, vacant_unit, tenantStatus) VALUES (99, 'Susan Garcia', '555-188-2226', 47, 'Monthly', 148, 0);
INSERT INTO p_lease (tenantId, moveinDate, moveoutDate, property_name, frequency, vacant_unit, rentAmount, leaseStatus) VALUES (99, '2025-01-01', '2026-01-01', 47, 'Monthly', 148, '1585', 0);
INSERT INTO p_tenant (appinfo_id, tenant_name, tenant_contact, property_name, frequency, vacant_unit, tenantStatus) VALUES (100, 'Susan Taylor', '555-874-1005', 39, 'Monthly', 95, 0);
INSERT INTO p_lease (tenantId, moveinDate, moveoutDate, property_name, frequency, vacant_unit, rentAmount, leaseStatus) VALUES (100, '2025-01-01', '2026-01-01', 39, 'Monthly', 95, '2184', 0);
INSERT INTO work_order (contractor, PropertyId, JobTitle, JobDescription, Material1Cost, isWorkDone, user) VALUES ('Pro Cleaners', 10, 'Fix Leaking Pipe', 'Routine maintenance task.', '345', 'No', 'admin');
INSERT INTO work_order (contractor, PropertyId, JobTitle, JobDescription, Material1Cost, isWorkDone, user) VALUES ('Bobs Plumbing', 35, 'Replace Light Fixture', 'Routine maintenance task.', '404', 'No', 'admin');
INSERT INTO work_order (contractor, PropertyId, JobTitle, JobDescription, Material1Cost, isWorkDone, user) VALUES ('Roof Masters', 50, 'Replace Light Fixture', 'Routine maintenance task.', '71', 'Yes', 'admin');
INSERT INTO work_order (contractor, PropertyId, JobTitle, JobDescription, Material1Cost, isWorkDone, user) VALUES ('Ace Electrical', 7, 'Repair HVAC', 'Routine maintenance task.', '97', 'No', 'admin');
INSERT INTO work_order (contractor, PropertyId, JobTitle, JobDescription, Material1Cost, isWorkDone, user) VALUES ('Bobs Plumbing', 25, 'Fix Broken Window', 'Routine maintenance task.', '339', 'Yes', 'admin');
INSERT INTO work_order (contractor, PropertyId, JobTitle, JobDescription, Material1Cost, isWorkDone, user) VALUES ('Speedy Maintenance', 47, 'Replace Light Fixture', 'Routine maintenance task.', '62', 'Yes', 'admin');
INSERT INTO work_order (contractor, PropertyId, JobTitle, JobDescription, Material1Cost, isWorkDone, user) VALUES ('Bobs Plumbing', 42, 'Paint Walls', 'Routine maintenance task.', '365', 'No', 'admin');
INSERT INTO work_order (contractor, PropertyId, JobTitle, JobDescription, Material1Cost, isWorkDone, user) VALUES ('Speedy Maintenance', 16, 'Repair HVAC', 'Routine maintenance task.', '300', 'No', 'admin');
INSERT INTO work_order (contractor, PropertyId, JobTitle, JobDescription, Material1Cost, isWorkDone, user) VALUES ('Ace Electrical', 48, 'Fix Leaking Pipe', 'Routine maintenance task.', '421', 'No', 'admin');
INSERT INTO work_order (contractor, PropertyId, JobTitle, JobDescription, Material1Cost, isWorkDone, user) VALUES ('Ace Electrical', 15, 'Clean Carpets', 'Routine maintenance task.', '439', 'No', 'admin');
INSERT INTO work_order (contractor, PropertyId, JobTitle, JobDescription, Material1Cost, isWorkDone, user) VALUES ('Ace Electrical', 31, 'Repair HVAC', 'Routine maintenance task.', '399', 'Yes', 'admin');
INSERT INTO work_order (contractor, PropertyId, JobTitle, JobDescription, Material1Cost, isWorkDone, user) VALUES ('Speedy Maintenance', 29, 'Paint Walls', 'Routine maintenance task.', '95', 'No', 'admin');
INSERT INTO work_order (contractor, PropertyId, JobTitle, JobDescription, Material1Cost, isWorkDone, user) VALUES ('Roof Masters', 8, 'Clean Carpets', 'Routine maintenance task.', '451', 'No', 'admin');
INSERT INTO work_order (contractor, PropertyId, JobTitle, JobDescription, Material1Cost, isWorkDone, user) VALUES ('Speedy Maintenance', 39, 'Clean Carpets', 'Routine maintenance task.', '108', 'Yes', 'admin');
INSERT INTO work_order (contractor, PropertyId, JobTitle, JobDescription, Material1Cost, isWorkDone, user) VALUES ('Pro Cleaners', 46, 'Paint Walls', 'Routine maintenance task.', '307', 'Yes', 'admin');
INSERT INTO work_order (contractor, PropertyId, JobTitle, JobDescription, Material1Cost, isWorkDone, user) VALUES ('Roof Masters', 1, 'Repair HVAC', 'Routine maintenance task.', '417', 'Yes', 'admin');
INSERT INTO work_order (contractor, PropertyId, JobTitle, JobDescription, Material1Cost, isWorkDone, user) VALUES ('Ace Electrical', 22, 'Fix Broken Window', 'Routine maintenance task.', '84', 'Yes', 'admin');
INSERT INTO work_order (contractor, PropertyId, JobTitle, JobDescription, Material1Cost, isWorkDone, user) VALUES ('Speedy Maintenance', 47, 'Replace Light Fixture', 'Routine maintenance task.', '55', 'Yes', 'admin');
INSERT INTO work_order (contractor, PropertyId, JobTitle, JobDescription, Material1Cost, isWorkDone, user) VALUES ('Speedy Maintenance', 32, 'Fix Broken Window', 'Routine maintenance task.', '277', 'Yes', 'admin');
INSERT INTO work_order (contractor, PropertyId, JobTitle, JobDescription, Material1Cost, isWorkDone, user) VALUES ('Pro Cleaners', 47, 'Paint Walls', 'Routine maintenance task.', '477', 'Yes', 'admin');
INSERT INTO work_order (contractor, PropertyId, JobTitle, JobDescription, Material1Cost, isWorkDone, user) VALUES ('Roof Masters', 40, 'Repair HVAC', 'Routine maintenance task.', '318', 'Yes', 'admin');
INSERT INTO work_order (contractor, PropertyId, JobTitle, JobDescription, Material1Cost, isWorkDone, user) VALUES ('Speedy Maintenance', 37, 'Repair HVAC', 'Routine maintenance task.', '431', 'No', 'admin');
INSERT INTO work_order (contractor, PropertyId, JobTitle, JobDescription, Material1Cost, isWorkDone, user) VALUES ('Pro Cleaners', 4, 'Fix Broken Window', 'Routine maintenance task.', '357', 'Yes', 'admin');
INSERT INTO work_order (contractor, PropertyId, JobTitle, JobDescription, Material1Cost, isWorkDone, user) VALUES ('Bobs Plumbing', 37, 'Clean Carpets', 'Routine maintenance task.', '430', 'No', 'admin');
INSERT INTO work_order (contractor, PropertyId, JobTitle, JobDescription, Material1Cost, isWorkDone, user) VALUES ('Roof Masters', 42, 'Fix Broken Window', 'Routine maintenance task.', '493', 'No', 'admin');
INSERT INTO work_order (contractor, PropertyId, JobTitle, JobDescription, Material1Cost, isWorkDone, user) VALUES ('Ace Electrical', 12, 'Clean Carpets', 'Routine maintenance task.', '87', 'No', 'admin');
INSERT INTO work_order (contractor, PropertyId, JobTitle, JobDescription, Material1Cost, isWorkDone, user) VALUES ('Roof Masters', 34, 'Paint Walls', 'Routine maintenance task.', '226', 'Yes', 'admin');
INSERT INTO work_order (contractor, PropertyId, JobTitle, JobDescription, Material1Cost, isWorkDone, user) VALUES ('Roof Masters', 3, 'Fix Leaking Pipe', 'Routine maintenance task.', '298', 'No', 'admin');
INSERT INTO work_order (contractor, PropertyId, JobTitle, JobDescription, Material1Cost, isWorkDone, user) VALUES ('Roof Masters', 29, 'Paint Walls', 'Routine maintenance task.', '490', 'No', 'admin');
INSERT INTO work_order (contractor, PropertyId, JobTitle, JobDescription, Material1Cost, isWorkDone, user) VALUES ('Pro Cleaners', 1, 'Fix Broken Window', 'Routine maintenance task.', '268', 'Yes', 'admin');
INSERT INTO work_order (contractor, PropertyId, JobTitle, JobDescription, Material1Cost, isWorkDone, user) VALUES ('Bobs Plumbing', 50, 'Clean Carpets', 'Routine maintenance task.', '292', 'No', 'admin');
INSERT INTO work_order (contractor, PropertyId, JobTitle, JobDescription, Material1Cost, isWorkDone, user) VALUES ('Ace Electrical', 41, 'Fix Broken Window', 'Routine maintenance task.', '161', 'Yes', 'admin');
INSERT INTO work_order (contractor, PropertyId, JobTitle, JobDescription, Material1Cost, isWorkDone, user) VALUES ('Speedy Maintenance', 16, 'Fix Leaking Pipe', 'Routine maintenance task.', '77', 'No', 'admin');
INSERT INTO work_order (contractor, PropertyId, JobTitle, JobDescription, Material1Cost, isWorkDone, user) VALUES ('Pro Cleaners', 29, 'Repair HVAC', 'Routine maintenance task.', '170', 'No', 'admin');
INSERT INTO work_order (contractor, PropertyId, JobTitle, JobDescription, Material1Cost, isWorkDone, user) VALUES ('Ace Electrical', 43, 'Clean Carpets', 'Routine maintenance task.', '386', 'Yes', 'admin');
INSERT INTO work_order (contractor, PropertyId, JobTitle, JobDescription, Material1Cost, isWorkDone, user) VALUES ('Speedy Maintenance', 27, 'Paint Walls', 'Routine maintenance task.', '231', 'Yes', 'admin');
INSERT INTO work_order (contractor, PropertyId, JobTitle, JobDescription, Material1Cost, isWorkDone, user) VALUES ('Pro Cleaners', 30, 'Replace Light Fixture', 'Routine maintenance task.', '355', 'Yes', 'admin');
INSERT INTO work_order (contractor, PropertyId, JobTitle, JobDescription, Material1Cost, isWorkDone, user) VALUES ('Bobs Plumbing', 23, 'Clean Carpets', 'Routine maintenance task.', '488', 'Yes', 'admin');
INSERT INTO work_order (contractor, PropertyId, JobTitle, JobDescription, Material1Cost, isWorkDone, user) VALUES ('Roof Masters', 24, 'Fix Leaking Pipe', 'Routine maintenance task.', '113', 'No', 'admin');
INSERT INTO work_order (contractor, PropertyId, JobTitle, JobDescription, Material1Cost, isWorkDone, user) VALUES ('Pro Cleaners', 23, 'Fix Leaking Pipe', 'Routine maintenance task.', '438', 'Yes', 'admin');
INSERT INTO work_order (contractor, PropertyId, JobTitle, JobDescription, Material1Cost, isWorkDone, user) VALUES ('Speedy Maintenance', 13, 'Fix Broken Window', 'Routine maintenance task.', '66', 'Yes', 'admin');
INSERT INTO work_order (contractor, PropertyId, JobTitle, JobDescription, Material1Cost, isWorkDone, user) VALUES ('Pro Cleaners', 17, 'Clean Carpets', 'Routine maintenance task.', '137', 'Yes', 'admin');
INSERT INTO work_order (contractor, PropertyId, JobTitle, JobDescription, Material1Cost, isWorkDone, user) VALUES ('Ace Electrical', 36, 'Replace Light Fixture', 'Routine maintenance task.', '242', 'Yes', 'admin');
INSERT INTO work_order (contractor, PropertyId, JobTitle, JobDescription, Material1Cost, isWorkDone, user) VALUES ('Pro Cleaners', 46, 'Clean Carpets', 'Routine maintenance task.', '246', 'No', 'admin');
INSERT INTO work_order (contractor, PropertyId, JobTitle, JobDescription, Material1Cost, isWorkDone, user) VALUES ('Speedy Maintenance', 6, 'Fix Leaking Pipe', 'Routine maintenance task.', '312', 'No', 'admin');
INSERT INTO work_order (contractor, PropertyId, JobTitle, JobDescription, Material1Cost, isWorkDone, user) VALUES ('Ace Electrical', 32, 'Fix Leaking Pipe', 'Routine maintenance task.', '64', 'Yes', 'admin');
INSERT INTO work_order (contractor, PropertyId, JobTitle, JobDescription, Material1Cost, isWorkDone, user) VALUES ('Speedy Maintenance', 17, 'Repair HVAC', 'Routine maintenance task.', '132', 'No', 'admin');
INSERT INTO work_order (contractor, PropertyId, JobTitle, JobDescription, Material1Cost, isWorkDone, user) VALUES ('Speedy Maintenance', 33, 'Fix Leaking Pipe', 'Routine maintenance task.', '186', 'Yes', 'admin');
INSERT INTO work_order (contractor, PropertyId, JobTitle, JobDescription, Material1Cost, isWorkDone, user) VALUES ('Pro Cleaners', 13, 'Repair HVAC', 'Routine maintenance task.', '483', 'Yes', 'admin');
INSERT INTO work_order (contractor, PropertyId, JobTitle, JobDescription, Material1Cost, isWorkDone, user) VALUES ('Pro Cleaners', 16, 'Fix Leaking Pipe', 'Routine maintenance task.', '328', 'No', 'admin');
INSERT INTO work_order (contractor, PropertyId, JobTitle, JobDescription, Material1Cost, isWorkDone, user) VALUES ('Roof Masters', 15, 'Paint Walls', 'Routine maintenance task.', '271', 'Yes', 'admin');
INSERT INTO work_order (contractor, PropertyId, JobTitle, JobDescription, Material1Cost, isWorkDone, user) VALUES ('Roof Masters', 47, 'Fix Broken Window', 'Routine maintenance task.', '226', 'Yes', 'admin');
INSERT INTO work_order (contractor, PropertyId, JobTitle, JobDescription, Material1Cost, isWorkDone, user) VALUES ('Speedy Maintenance', 41, 'Repair HVAC', 'Routine maintenance task.', '366', 'No', 'admin');
INSERT INTO work_order (contractor, PropertyId, JobTitle, JobDescription, Material1Cost, isWorkDone, user) VALUES ('Ace Electrical', 47, 'Repair HVAC', 'Routine maintenance task.', '223', 'Yes', 'admin');
INSERT INTO work_order (contractor, PropertyId, JobTitle, JobDescription, Material1Cost, isWorkDone, user) VALUES ('Ace Electrical', 38, 'Replace Light Fixture', 'Routine maintenance task.', '301', 'Yes', 'admin');
INSERT INTO work_order (contractor, PropertyId, JobTitle, JobDescription, Material1Cost, isWorkDone, user) VALUES ('Speedy Maintenance', 25, 'Fix Broken Window', 'Routine maintenance task.', '109', 'No', 'admin');
INSERT INTO work_order (contractor, PropertyId, JobTitle, JobDescription, Material1Cost, isWorkDone, user) VALUES ('Bobs Plumbing', 37, 'Clean Carpets', 'Routine maintenance task.', '50', 'No', 'admin');
INSERT INTO work_order (contractor, PropertyId, JobTitle, JobDescription, Material1Cost, isWorkDone, user) VALUES ('Pro Cleaners', 20, 'Paint Walls', 'Routine maintenance task.', '470', 'Yes', 'admin');
INSERT INTO work_order (contractor, PropertyId, JobTitle, JobDescription, Material1Cost, isWorkDone, user) VALUES ('Roof Masters', 32, 'Clean Carpets', 'Routine maintenance task.', '282', 'Yes', 'admin');
INSERT INTO work_order (contractor, PropertyId, JobTitle, JobDescription, Material1Cost, isWorkDone, user) VALUES ('Ace Electrical', 1, 'Fix Broken Window', 'Routine maintenance task.', '347', 'No', 'admin');
INSERT INTO work_order (contractor, PropertyId, JobTitle, JobDescription, Material1Cost, isWorkDone, user) VALUES ('Ace Electrical', 43, 'Replace Light Fixture', 'Routine maintenance task.', '101', 'No', 'admin');
INSERT INTO work_order (contractor, PropertyId, JobTitle, JobDescription, Material1Cost, isWorkDone, user) VALUES ('Ace Electrical', 10, 'Replace Light Fixture', 'Routine maintenance task.', '249', 'No', 'admin');
INSERT INTO work_order (contractor, PropertyId, JobTitle, JobDescription, Material1Cost, isWorkDone, user) VALUES ('Pro Cleaners', 36, 'Paint Walls', 'Routine maintenance task.', '168', 'Yes', 'admin');
INSERT INTO work_order (contractor, PropertyId, JobTitle, JobDescription, Material1Cost, isWorkDone, user) VALUES ('Bobs Plumbing', 23, 'Clean Carpets', 'Routine maintenance task.', '359', 'Yes', 'admin');
INSERT INTO work_order (contractor, PropertyId, JobTitle, JobDescription, Material1Cost, isWorkDone, user) VALUES ('Ace Electrical', 43, 'Fix Broken Window', 'Routine maintenance task.', '449', 'No', 'admin');
INSERT INTO work_order (contractor, PropertyId, JobTitle, JobDescription, Material1Cost, isWorkDone, user) VALUES ('Ace Electrical', 47, 'Repair HVAC', 'Routine maintenance task.', '348', 'No', 'admin');
INSERT INTO work_order (contractor, PropertyId, JobTitle, JobDescription, Material1Cost, isWorkDone, user) VALUES ('Ace Electrical', 29, 'Replace Light Fixture', 'Routine maintenance task.', '266', 'Yes', 'admin');
INSERT INTO work_order (contractor, PropertyId, JobTitle, JobDescription, Material1Cost, isWorkDone, user) VALUES ('Pro Cleaners', 35, 'Fix Broken Window', 'Routine maintenance task.', '78', 'No', 'admin');
INSERT INTO work_order (contractor, PropertyId, JobTitle, JobDescription, Material1Cost, isWorkDone, user) VALUES ('Ace Electrical', 31, 'Replace Light Fixture', 'Routine maintenance task.', '398', 'No', 'admin');
INSERT INTO work_order (contractor, PropertyId, JobTitle, JobDescription, Material1Cost, isWorkDone, user) VALUES ('Pro Cleaners', 4, 'Replace Light Fixture', 'Routine maintenance task.', '389', 'Yes', 'admin');
INSERT INTO work_order (contractor, PropertyId, JobTitle, JobDescription, Material1Cost, isWorkDone, user) VALUES ('Bobs Plumbing', 45, 'Fix Broken Window', 'Routine maintenance task.', '190', 'Yes', 'admin');
INSERT INTO work_order (contractor, PropertyId, JobTitle, JobDescription, Material1Cost, isWorkDone, user) VALUES ('Speedy Maintenance', 33, 'Fix Broken Window', 'Routine maintenance task.', '243', 'No', 'admin');
INSERT INTO work_order (contractor, PropertyId, JobTitle, JobDescription, Material1Cost, isWorkDone, user) VALUES ('Ace Electrical', 26, 'Repair HVAC', 'Routine maintenance task.', '194', 'No', 'admin');
INSERT INTO work_order (contractor, PropertyId, JobTitle, JobDescription, Material1Cost, isWorkDone, user) VALUES ('Pro Cleaners', 44, 'Repair HVAC', 'Routine maintenance task.', '266', 'Yes', 'admin');
INSERT INTO work_order (contractor, PropertyId, JobTitle, JobDescription, Material1Cost, isWorkDone, user) VALUES ('Pro Cleaners', 47, 'Clean Carpets', 'Routine maintenance task.', '368', 'No', 'admin');
INSERT INTO work_order (contractor, PropertyId, JobTitle, JobDescription, Material1Cost, isWorkDone, user) VALUES ('Speedy Maintenance', 5, 'Repair HVAC', 'Routine maintenance task.', '356', 'Yes', 'admin');
INSERT INTO work_order (contractor, PropertyId, JobTitle, JobDescription, Material1Cost, isWorkDone, user) VALUES ('Bobs Plumbing', 23, 'Fix Leaking Pipe', 'Routine maintenance task.', '208', 'No', 'admin');
INSERT INTO work_order (contractor, PropertyId, JobTitle, JobDescription, Material1Cost, isWorkDone, user) VALUES ('Pro Cleaners', 10, 'Clean Carpets', 'Routine maintenance task.', '434', 'Yes', 'admin');
INSERT INTO work_order (contractor, PropertyId, JobTitle, JobDescription, Material1Cost, isWorkDone, user) VALUES ('Bobs Plumbing', 19, 'Paint Walls', 'Routine maintenance task.', '180', 'Yes', 'admin');
INSERT INTO work_order (contractor, PropertyId, JobTitle, JobDescription, Material1Cost, isWorkDone, user) VALUES ('Speedy Maintenance', 30, 'Fix Broken Window', 'Routine maintenance task.', '340', 'Yes', 'admin');
INSERT INTO work_order (contractor, PropertyId, JobTitle, JobDescription, Material1Cost, isWorkDone, user) VALUES ('Roof Masters', 21, 'Clean Carpets', 'Routine maintenance task.', '464', 'No', 'admin');
INSERT INTO work_order (contractor, PropertyId, JobTitle, JobDescription, Material1Cost, isWorkDone, user) VALUES ('Bobs Plumbing', 8, 'Fix Leaking Pipe', 'Routine maintenance task.', '446', 'Yes', 'admin');
INSERT INTO work_order (contractor, PropertyId, JobTitle, JobDescription, Material1Cost, isWorkDone, user) VALUES ('Speedy Maintenance', 36, 'Clean Carpets', 'Routine maintenance task.', '310', 'No', 'admin');
INSERT INTO work_order (contractor, PropertyId, JobTitle, JobDescription, Material1Cost, isWorkDone, user) VALUES ('Roof Masters', 10, 'Clean Carpets', 'Routine maintenance task.', '492', 'Yes', 'admin');
INSERT INTO work_order (contractor, PropertyId, JobTitle, JobDescription, Material1Cost, isWorkDone, user) VALUES ('Pro Cleaners', 46, 'Fix Broken Window', 'Routine maintenance task.', '439', 'No', 'admin');
INSERT INTO work_order (contractor, PropertyId, JobTitle, JobDescription, Material1Cost, isWorkDone, user) VALUES ('Bobs Plumbing', 36, 'Replace Light Fixture', 'Routine maintenance task.', '269', 'No', 'admin');
INSERT INTO work_order (contractor, PropertyId, JobTitle, JobDescription, Material1Cost, isWorkDone, user) VALUES ('Bobs Plumbing', 42, 'Repair HVAC', 'Routine maintenance task.', '289', 'Yes', 'admin');
INSERT INTO work_order (contractor, PropertyId, JobTitle, JobDescription, Material1Cost, isWorkDone, user) VALUES ('Roof Masters', 16, 'Clean Carpets', 'Routine maintenance task.', '355', 'Yes', 'admin');
INSERT INTO work_order (contractor, PropertyId, JobTitle, JobDescription, Material1Cost, isWorkDone, user) VALUES ('Speedy Maintenance', 20, 'Paint Walls', 'Routine maintenance task.', '223', 'Yes', 'admin');
INSERT INTO work_order (contractor, PropertyId, JobTitle, JobDescription, Material1Cost, isWorkDone, user) VALUES ('Ace Electrical', 18, 'Replace Light Fixture', 'Routine maintenance task.', '113', 'No', 'admin');
INSERT INTO work_order (contractor, PropertyId, JobTitle, JobDescription, Material1Cost, isWorkDone, user) VALUES ('Bobs Plumbing', 5, 'Repair HVAC', 'Routine maintenance task.', '444', 'Yes', 'admin');
INSERT INTO work_order (contractor, PropertyId, JobTitle, JobDescription, Material1Cost, isWorkDone, user) VALUES ('Speedy Maintenance', 26, 'Fix Broken Window', 'Routine maintenance task.', '472', 'Yes', 'admin');
INSERT INTO work_order (contractor, PropertyId, JobTitle, JobDescription, Material1Cost, isWorkDone, user) VALUES ('Roof Masters', 34, 'Replace Light Fixture', 'Routine maintenance task.', '62', 'Yes', 'admin');
INSERT INTO work_order (contractor, PropertyId, JobTitle, JobDescription, Material1Cost, isWorkDone, user) VALUES ('Ace Electrical', 46, 'Fix Leaking Pipe', 'Routine maintenance task.', '449', 'No', 'admin');
INSERT INTO work_order (contractor, PropertyId, JobTitle, JobDescription, Material1Cost, isWorkDone, user) VALUES ('Ace Electrical', 34, 'Paint Walls', 'Routine maintenance task.', '428', 'Yes', 'admin');
INSERT INTO work_order (contractor, PropertyId, JobTitle, JobDescription, Material1Cost, isWorkDone, user) VALUES ('Ace Electrical', 31, 'Repair HVAC', 'Routine maintenance task.', '387', 'No', 'admin');
INSERT INTO work_order (contractor, PropertyId, JobTitle, JobDescription, Material1Cost, isWorkDone, user) VALUES ('Speedy Maintenance', 19, 'Clean Carpets', 'Routine maintenance task.', '148', 'No', 'admin');
INSERT INTO work_order (contractor, PropertyId, JobTitle, JobDescription, Material1Cost, isWorkDone, user) VALUES ('Bobs Plumbing', 25, 'Fix Broken Window', 'Routine maintenance task.', '456', 'Yes', 'admin');
INSERT INTO work_order (contractor, PropertyId, JobTitle, JobDescription, Material1Cost, isWorkDone, user) VALUES ('Roof Masters', 41, 'Fix Broken Window', 'Routine maintenance task.', '216', 'No', 'admin');
INSERT INTO work_order (contractor, PropertyId, JobTitle, JobDescription, Material1Cost, isWorkDone, user) VALUES ('Bobs Plumbing', 15, 'Repair HVAC', 'Routine maintenance task.', '154', 'Yes', 'admin');
INSERT INTO work_order (contractor, PropertyId, JobTitle, JobDescription, Material1Cost, isWorkDone, user) VALUES ('Ace Electrical', 44, 'Repair HVAC', 'Routine maintenance task.', '396', 'No', 'admin');
INSERT INTO work_order (contractor, PropertyId, JobTitle, JobDescription, Material1Cost, isWorkDone, user) VALUES ('Speedy Maintenance', 46, 'Clean Carpets', 'Routine maintenance task.', '244', 'No', 'admin');
INSERT INTO work_order (contractor, PropertyId, JobTitle, JobDescription, Material1Cost, isWorkDone, user) VALUES ('Bobs Plumbing', 34, 'Repair HVAC', 'Routine maintenance task.', '386', 'Yes', 'admin');
INSERT INTO work_order (contractor, PropertyId, JobTitle, JobDescription, Material1Cost, isWorkDone, user) VALUES ('Speedy Maintenance', 22, 'Paint Walls', 'Routine maintenance task.', '471', 'No', 'admin');
INSERT INTO work_order (contractor, PropertyId, JobTitle, JobDescription, Material1Cost, isWorkDone, user) VALUES ('Bobs Plumbing', 34, 'Clean Carpets', 'Routine maintenance task.', '56', 'Yes', 'admin');
INSERT INTO work_order (contractor, PropertyId, JobTitle, JobDescription, Material1Cost, isWorkDone, user) VALUES ('Speedy Maintenance', 50, 'Repair HVAC', 'Routine maintenance task.', '129', 'No', 'admin');
INSERT INTO work_order (contractor, PropertyId, JobTitle, JobDescription, Material1Cost, isWorkDone, user) VALUES ('Roof Masters', 28, 'Clean Carpets', 'Routine maintenance task.', '350', 'No', 'admin');
INSERT INTO work_order (contractor, PropertyId, JobTitle, JobDescription, Material1Cost, isWorkDone, user) VALUES ('Roof Masters', 13, 'Fix Broken Window', 'Routine maintenance task.', '182', 'No', 'admin');
INSERT INTO work_order (contractor, PropertyId, JobTitle, JobDescription, Material1Cost, isWorkDone, user) VALUES ('Bobs Plumbing', 21, 'Clean Carpets', 'Routine maintenance task.', '72', 'No', 'admin');
INSERT INTO work_order (contractor, PropertyId, JobTitle, JobDescription, Material1Cost, isWorkDone, user) VALUES ('Bobs Plumbing', 9, 'Fix Leaking Pipe', 'Routine maintenance task.', '374', 'Yes', 'admin');
INSERT INTO work_order (contractor, PropertyId, JobTitle, JobDescription, Material1Cost, isWorkDone, user) VALUES ('Speedy Maintenance', 44, 'Clean Carpets', 'Routine maintenance task.', '62', 'Yes', 'admin');
INSERT INTO work_order (contractor, PropertyId, JobTitle, JobDescription, Material1Cost, isWorkDone, user) VALUES ('Bobs Plumbing', 6, 'Clean Carpets', 'Routine maintenance task.', '215', 'No', 'admin');
INSERT INTO work_order (contractor, PropertyId, JobTitle, JobDescription, Material1Cost, isWorkDone, user) VALUES ('Bobs Plumbing', 2, 'Fix Broken Window', 'Routine maintenance task.', '298', 'No', 'admin');
INSERT INTO work_order (contractor, PropertyId, JobTitle, JobDescription, Material1Cost, isWorkDone, user) VALUES ('Bobs Plumbing', 32, 'Fix Broken Window', 'Routine maintenance task.', '387', 'Yes', 'admin');
INSERT INTO work_order (contractor, PropertyId, JobTitle, JobDescription, Material1Cost, isWorkDone, user) VALUES ('Roof Masters', 46, 'Fix Broken Window', 'Routine maintenance task.', '306', 'No', 'admin');
INSERT INTO work_order (contractor, PropertyId, JobTitle, JobDescription, Material1Cost, isWorkDone, user) VALUES ('Ace Electrical', 29, 'Fix Leaking Pipe', 'Routine maintenance task.', '169', 'Yes', 'admin');
INSERT INTO work_order (contractor, PropertyId, JobTitle, JobDescription, Material1Cost, isWorkDone, user) VALUES ('Bobs Plumbing', 22, 'Repair HVAC', 'Routine maintenance task.', '62', 'Yes', 'admin');
INSERT INTO work_order (contractor, PropertyId, JobTitle, JobDescription, Material1Cost, isWorkDone, user) VALUES ('Pro Cleaners', 50, 'Replace Light Fixture', 'Routine maintenance task.', '150', 'Yes', 'admin');
INSERT INTO work_order (contractor, PropertyId, JobTitle, JobDescription, Material1Cost, isWorkDone, user) VALUES ('Speedy Maintenance', 27, 'Fix Leaking Pipe', 'Routine maintenance task.', '291', 'Yes', 'admin');
INSERT INTO work_order (contractor, PropertyId, JobTitle, JobDescription, Material1Cost, isWorkDone, user) VALUES ('Bobs Plumbing', 18, 'Repair HVAC', 'Routine maintenance task.', '107', 'Yes', 'admin');
INSERT INTO work_order (contractor, PropertyId, JobTitle, JobDescription, Material1Cost, isWorkDone, user) VALUES ('Roof Masters', 29, 'Fix Leaking Pipe', 'Routine maintenance task.', '477', 'No', 'admin');
INSERT INTO work_order (contractor, PropertyId, JobTitle, JobDescription, Material1Cost, isWorkDone, user) VALUES ('Bobs Plumbing', 10, 'Replace Light Fixture', 'Routine maintenance task.', '249', 'No', 'admin');
INSERT INTO work_order (contractor, PropertyId, JobTitle, JobDescription, Material1Cost, isWorkDone, user) VALUES ('Speedy Maintenance', 40, 'Repair HVAC', 'Routine maintenance task.', '382', 'No', 'admin');
INSERT INTO work_order (contractor, PropertyId, JobTitle, JobDescription, Material1Cost, isWorkDone, user) VALUES ('Ace Electrical', 36, 'Replace Light Fixture', 'Routine maintenance task.', '180', 'No', 'admin');
INSERT INTO work_order (contractor, PropertyId, JobTitle, JobDescription, Material1Cost, isWorkDone, user) VALUES ('Speedy Maintenance', 43, 'Replace Light Fixture', 'Routine maintenance task.', '61', 'No', 'admin');
INSERT INTO work_order (contractor, PropertyId, JobTitle, JobDescription, Material1Cost, isWorkDone, user) VALUES ('Pro Cleaners', 33, 'Paint Walls', 'Routine maintenance task.', '231', 'Yes', 'admin');
INSERT INTO work_order (contractor, PropertyId, JobTitle, JobDescription, Material1Cost, isWorkDone, user) VALUES ('Bobs Plumbing', 32, 'Fix Leaking Pipe', 'Routine maintenance task.', '431', 'No', 'admin');
INSERT INTO work_order (contractor, PropertyId, JobTitle, JobDescription, Material1Cost, isWorkDone, user) VALUES ('Pro Cleaners', 49, 'Replace Light Fixture', 'Routine maintenance task.', '379', 'Yes', 'admin');
INSERT INTO work_order (contractor, PropertyId, JobTitle, JobDescription, Material1Cost, isWorkDone, user) VALUES ('Pro Cleaners', 17, 'Fix Broken Window', 'Routine maintenance task.', '438', 'Yes', 'admin');
INSERT INTO work_order (contractor, PropertyId, JobTitle, JobDescription, Material1Cost, isWorkDone, user) VALUES ('Speedy Maintenance', 5, 'Fix Leaking Pipe', 'Routine maintenance task.', '341', 'Yes', 'admin');
INSERT INTO work_order (contractor, PropertyId, JobTitle, JobDescription, Material1Cost, isWorkDone, user) VALUES ('Speedy Maintenance', 7, 'Paint Walls', 'Routine maintenance task.', '97', 'Yes', 'admin');
INSERT INTO work_order (contractor, PropertyId, JobTitle, JobDescription, Material1Cost, isWorkDone, user) VALUES ('Speedy Maintenance', 44, 'Paint Walls', 'Routine maintenance task.', '238', 'Yes', 'admin');
INSERT INTO work_order (contractor, PropertyId, JobTitle, JobDescription, Material1Cost, isWorkDone, user) VALUES ('Speedy Maintenance', 21, 'Repair HVAC', 'Routine maintenance task.', '181', 'Yes', 'admin');
INSERT INTO work_order (contractor, PropertyId, JobTitle, JobDescription, Material1Cost, isWorkDone, user) VALUES ('Speedy Maintenance', 12, 'Clean Carpets', 'Routine maintenance task.', '147', 'Yes', 'admin');
INSERT INTO work_order (contractor, PropertyId, JobTitle, JobDescription, Material1Cost, isWorkDone, user) VALUES ('Ace Electrical', 32, 'Repair HVAC', 'Routine maintenance task.', '399', 'Yes', 'admin');
INSERT INTO work_order (contractor, PropertyId, JobTitle, JobDescription, Material1Cost, isWorkDone, user) VALUES ('Speedy Maintenance', 4, 'Clean Carpets', 'Routine maintenance task.', '340', 'Yes', 'admin');
INSERT INTO work_order (contractor, PropertyId, JobTitle, JobDescription, Material1Cost, isWorkDone, user) VALUES ('Ace Electrical', 1, 'Repair HVAC', 'Routine maintenance task.', '321', 'No', 'admin');
INSERT INTO work_order (contractor, PropertyId, JobTitle, JobDescription, Material1Cost, isWorkDone, user) VALUES ('Bobs Plumbing', 23, 'Fix Broken Window', 'Routine maintenance task.', '176', 'No', 'admin');
INSERT INTO work_order (contractor, PropertyId, JobTitle, JobDescription, Material1Cost, isWorkDone, user) VALUES ('Pro Cleaners', 7, 'Repair HVAC', 'Routine maintenance task.', '389', 'No', 'admin');
INSERT INTO work_order (contractor, PropertyId, JobTitle, JobDescription, Material1Cost, isWorkDone, user) VALUES ('Ace Electrical', 10, 'Replace Light Fixture', 'Routine maintenance task.', '240', 'No', 'admin');
INSERT INTO work_order (contractor, PropertyId, JobTitle, JobDescription, Material1Cost, isWorkDone, user) VALUES ('Pro Cleaners', 9, 'Fix Leaking Pipe', 'Routine maintenance task.', '155', 'Yes', 'admin');
INSERT INTO work_order (contractor, PropertyId, JobTitle, JobDescription, Material1Cost, isWorkDone, user) VALUES ('Ace Electrical', 19, 'Fix Leaking Pipe', 'Routine maintenance task.', '401', 'Yes', 'admin');
INSERT INTO work_order (contractor, PropertyId, JobTitle, JobDescription, Material1Cost, isWorkDone, user) VALUES ('Speedy Maintenance', 6, 'Paint Walls', 'Routine maintenance task.', '305', 'No', 'admin');
INSERT INTO work_order (contractor, PropertyId, JobTitle, JobDescription, Material1Cost, isWorkDone, user) VALUES ('Ace Electrical', 20, 'Fix Broken Window', 'Routine maintenance task.', '402', 'No', 'admin');
INSERT INTO work_order (contractor, PropertyId, JobTitle, JobDescription, Material1Cost, isWorkDone, user) VALUES ('Bobs Plumbing', 32, 'Repair HVAC', 'Routine maintenance task.', '240', 'Yes', 'admin');
INSERT INTO work_order (contractor, PropertyId, JobTitle, JobDescription, Material1Cost, isWorkDone, user) VALUES ('Roof Masters', 48, 'Repair HVAC', 'Routine maintenance task.', '55', 'No', 'admin');
INSERT INTO work_order (contractor, PropertyId, JobTitle, JobDescription, Material1Cost, isWorkDone, user) VALUES ('Bobs Plumbing', 28, 'Clean Carpets', 'Routine maintenance task.', '479', 'Yes', 'admin');
INSERT INTO work_order (contractor, PropertyId, JobTitle, JobDescription, Material1Cost, isWorkDone, user) VALUES ('Roof Masters', 50, 'Fix Leaking Pipe', 'Routine maintenance task.', '458', 'Yes', 'admin');
INSERT INTO work_order (contractor, PropertyId, JobTitle, JobDescription, Material1Cost, isWorkDone, user) VALUES ('Speedy Maintenance', 27, 'Replace Light Fixture', 'Routine maintenance task.', '276', 'No', 'admin');
INSERT INTO work_order (contractor, PropertyId, JobTitle, JobDescription, Material1Cost, isWorkDone, user) VALUES ('Bobs Plumbing', 49, 'Replace Light Fixture', 'Routine maintenance task.', '89', 'No', 'admin');
INSERT INTO work_order (contractor, PropertyId, JobTitle, JobDescription, Material1Cost, isWorkDone, user) VALUES ('Pro Cleaners', 47, 'Clean Carpets', 'Routine maintenance task.', '64', 'Yes', 'admin');
INSERT INTO work_order (contractor, PropertyId, JobTitle, JobDescription, Material1Cost, isWorkDone, user) VALUES ('Pro Cleaners', 40, 'Replace Light Fixture', 'Routine maintenance task.', '232', 'No', 'admin');
INSERT INTO work_order (contractor, PropertyId, JobTitle, JobDescription, Material1Cost, isWorkDone, user) VALUES ('Bobs Plumbing', 48, 'Paint Walls', 'Routine maintenance task.', '363', 'Yes', 'admin');
INSERT INTO work_order (contractor, PropertyId, JobTitle, JobDescription, Material1Cost, isWorkDone, user) VALUES ('Roof Masters', 48, 'Clean Carpets', 'Routine maintenance task.', '146', 'Yes', 'admin');
INSERT INTO work_order (contractor, PropertyId, JobTitle, JobDescription, Material1Cost, isWorkDone, user) VALUES ('Ace Electrical', 12, 'Paint Walls', 'Routine maintenance task.', '465', 'Yes', 'admin');
INSERT INTO work_order (contractor, PropertyId, JobTitle, JobDescription, Material1Cost, isWorkDone, user) VALUES ('Pro Cleaners', 42, 'Fix Leaking Pipe', 'Routine maintenance task.', '296', 'No', 'admin');
INSERT INTO work_order (contractor, PropertyId, JobTitle, JobDescription, Material1Cost, isWorkDone, user) VALUES ('Bobs Plumbing', 39, 'Fix Broken Window', 'Routine maintenance task.', '188', 'No', 'admin');
INSERT INTO work_order (contractor, PropertyId, JobTitle, JobDescription, Material1Cost, isWorkDone, user) VALUES ('Speedy Maintenance', 49, 'Replace Light Fixture', 'Routine maintenance task.', '58', 'Yes', 'admin');
INSERT INTO work_order (contractor, PropertyId, JobTitle, JobDescription, Material1Cost, isWorkDone, user) VALUES ('Pro Cleaners', 35, 'Fix Broken Window', 'Routine maintenance task.', '114', 'Yes', 'admin');
INSERT INTO work_order (contractor, PropertyId, JobTitle, JobDescription, Material1Cost, isWorkDone, user) VALUES ('Roof Masters', 48, 'Fix Leaking Pipe', 'Routine maintenance task.', '79', 'Yes', 'admin');
INSERT INTO work_order (contractor, PropertyId, JobTitle, JobDescription, Material1Cost, isWorkDone, user) VALUES ('Speedy Maintenance', 8, 'Fix Leaking Pipe', 'Routine maintenance task.', '160', 'Yes', 'admin');
INSERT INTO work_order (contractor, PropertyId, JobTitle, JobDescription, Material1Cost, isWorkDone, user) VALUES ('Pro Cleaners', 10, 'Fix Leaking Pipe', 'Routine maintenance task.', '157', 'Yes', 'admin');
INSERT INTO work_order (contractor, PropertyId, JobTitle, JobDescription, Material1Cost, isWorkDone, user) VALUES ('Bobs Plumbing', 43, 'Fix Broken Window', 'Routine maintenance task.', '315', 'Yes', 'admin');
INSERT INTO work_order (contractor, PropertyId, JobTitle, JobDescription, Material1Cost, isWorkDone, user) VALUES ('Roof Masters', 38, 'Replace Light Fixture', 'Routine maintenance task.', '239', 'No', 'admin');
INSERT INTO work_order (contractor, PropertyId, JobTitle, JobDescription, Material1Cost, isWorkDone, user) VALUES ('Pro Cleaners', 50, 'Fix Leaking Pipe', 'Routine maintenance task.', '218', 'Yes', 'admin');
INSERT INTO work_order (contractor, PropertyId, JobTitle, JobDescription, Material1Cost, isWorkDone, user) VALUES ('Bobs Plumbing', 13, 'Replace Light Fixture', 'Routine maintenance task.', '81', 'No', 'admin');
INSERT INTO work_order (contractor, PropertyId, JobTitle, JobDescription, Material1Cost, isWorkDone, user) VALUES ('Ace Electrical', 37, 'Clean Carpets', 'Routine maintenance task.', '296', 'Yes', 'admin');
INSERT INTO work_order (contractor, PropertyId, JobTitle, JobDescription, Material1Cost, isWorkDone, user) VALUES ('Bobs Plumbing', 39, 'Replace Light Fixture', 'Routine maintenance task.', '455', 'No', 'admin');
INSERT INTO work_order (contractor, PropertyId, JobTitle, JobDescription, Material1Cost, isWorkDone, user) VALUES ('Ace Electrical', 39, 'Replace Light Fixture', 'Routine maintenance task.', '136', 'No', 'admin');
INSERT INTO work_order (contractor, PropertyId, JobTitle, JobDescription, Material1Cost, isWorkDone, user) VALUES ('Ace Electrical', 45, 'Fix Broken Window', 'Routine maintenance task.', '269', 'No', 'admin');
INSERT INTO work_order (contractor, PropertyId, JobTitle, JobDescription, Material1Cost, isWorkDone, user) VALUES ('Pro Cleaners', 36, 'Clean Carpets', 'Routine maintenance task.', '245', 'Yes', 'admin');
INSERT INTO work_order (contractor, PropertyId, JobTitle, JobDescription, Material1Cost, isWorkDone, user) VALUES ('Speedy Maintenance', 50, 'Repair HVAC', 'Routine maintenance task.', '325', 'Yes', 'admin');
INSERT INTO work_order (contractor, PropertyId, JobTitle, JobDescription, Material1Cost, isWorkDone, user) VALUES ('Roof Masters', 42, 'Clean Carpets', 'Routine maintenance task.', '394', 'No', 'admin');
INSERT INTO work_order (contractor, PropertyId, JobTitle, JobDescription, Material1Cost, isWorkDone, user) VALUES ('Pro Cleaners', 9, 'Fix Leaking Pipe', 'Routine maintenance task.', '56', 'No', 'admin');
INSERT INTO work_order (contractor, PropertyId, JobTitle, JobDescription, Material1Cost, isWorkDone, user) VALUES ('Ace Electrical', 5, 'Replace Light Fixture', 'Routine maintenance task.', '362', 'No', 'admin');
INSERT INTO work_order (contractor, PropertyId, JobTitle, JobDescription, Material1Cost, isWorkDone, user) VALUES ('Speedy Maintenance', 3, 'Fix Broken Window', 'Routine maintenance task.', '363', 'Yes', 'admin');
INSERT INTO work_order (contractor, PropertyId, JobTitle, JobDescription, Material1Cost, isWorkDone, user) VALUES ('Speedy Maintenance', 21, 'Fix Broken Window', 'Routine maintenance task.', '449', 'Yes', 'admin');
INSERT INTO work_order (contractor, PropertyId, JobTitle, JobDescription, Material1Cost, isWorkDone, user) VALUES ('Pro Cleaners', 47, 'Fix Leaking Pipe', 'Routine maintenance task.', '271', 'Yes', 'admin');
INSERT INTO work_order (contractor, PropertyId, JobTitle, JobDescription, Material1Cost, isWorkDone, user) VALUES ('Speedy Maintenance', 38, 'Repair HVAC', 'Routine maintenance task.', '428', 'No', 'admin');
INSERT INTO work_order (contractor, PropertyId, JobTitle, JobDescription, Material1Cost, isWorkDone, user) VALUES ('Speedy Maintenance', 48, 'Paint Walls', 'Routine maintenance task.', '148', 'Yes', 'admin');
INSERT INTO work_order (contractor, PropertyId, JobTitle, JobDescription, Material1Cost, isWorkDone, user) VALUES ('Bobs Plumbing', 12, 'Paint Walls', 'Routine maintenance task.', '113', 'Yes', 'admin');
INSERT INTO work_order (contractor, PropertyId, JobTitle, JobDescription, Material1Cost, isWorkDone, user) VALUES ('Pro Cleaners', 49, 'Fix Leaking Pipe', 'Routine maintenance task.', '159', 'No', 'admin');
INSERT INTO work_order (contractor, PropertyId, JobTitle, JobDescription, Material1Cost, isWorkDone, user) VALUES ('Pro Cleaners', 35, 'Replace Light Fixture', 'Routine maintenance task.', '305', 'No', 'admin');
INSERT INTO work_order (contractor, PropertyId, JobTitle, JobDescription, Material1Cost, isWorkDone, user) VALUES ('Roof Masters', 48, 'Paint Walls', 'Routine maintenance task.', '106', 'Yes', 'admin');
INSERT INTO work_order (contractor, PropertyId, JobTitle, JobDescription, Material1Cost, isWorkDone, user) VALUES ('Roof Masters', 15, 'Repair HVAC', 'Routine maintenance task.', '399', 'Yes', 'admin');
INSERT INTO work_order (contractor, PropertyId, JobTitle, JobDescription, Material1Cost, isWorkDone, user) VALUES ('Ace Electrical', 42, 'Replace Light Fixture', 'Routine maintenance task.', '431', 'Yes', 'admin');
INSERT INTO work_order (contractor, PropertyId, JobTitle, JobDescription, Material1Cost, isWorkDone, user) VALUES ('Roof Masters', 14, 'Clean Carpets', 'Routine maintenance task.', '307', 'No', 'admin');
INSERT INTO work_order (contractor, PropertyId, JobTitle, JobDescription, Material1Cost, isWorkDone, user) VALUES ('Speedy Maintenance', 43, 'Fix Leaking Pipe', 'Routine maintenance task.', '182', 'No', 'admin');
INSERT INTO work_order (contractor, PropertyId, JobTitle, JobDescription, Material1Cost, isWorkDone, user) VALUES ('Bobs Plumbing', 16, 'Fix Broken Window', 'Routine maintenance task.', '179', 'Yes', 'admin');
INSERT INTO work_order (contractor, PropertyId, JobTitle, JobDescription, Material1Cost, isWorkDone, user) VALUES ('Pro Cleaners', 13, 'Repair HVAC', 'Routine maintenance task.', '85', 'No', 'admin');
INSERT INTO work_order (contractor, PropertyId, JobTitle, JobDescription, Material1Cost, isWorkDone, user) VALUES ('Bobs Plumbing', 40, 'Repair HVAC', 'Routine maintenance task.', '95', 'Yes', 'admin');
INSERT INTO work_order (contractor, PropertyId, JobTitle, JobDescription, Material1Cost, isWorkDone, user) VALUES ('Ace Electrical', 8, 'Repair HVAC', 'Routine maintenance task.', '383', 'Yes', 'admin');
INSERT INTO work_order (contractor, PropertyId, JobTitle, JobDescription, Material1Cost, isWorkDone, user) VALUES ('Ace Electrical', 25, 'Fix Leaking Pipe', 'Routine maintenance task.', '355', 'Yes', 'admin');
INSERT INTO work_order (contractor, PropertyId, JobTitle, JobDescription, Material1Cost, isWorkDone, user) VALUES ('Pro Cleaners', 36, 'Fix Broken Window', 'Routine maintenance task.', '112', 'Yes', 'admin');
INSERT INTO work_order (contractor, PropertyId, JobTitle, JobDescription, Material1Cost, isWorkDone, user) VALUES ('Roof Masters', 31, 'Fix Broken Window', 'Routine maintenance task.', '59', 'No', 'admin');
INSERT INTO work_order (contractor, PropertyId, JobTitle, JobDescription, Material1Cost, isWorkDone, user) VALUES ('Bobs Plumbing', 22, 'Repair HVAC', 'Routine maintenance task.', '209', 'Yes', 'admin');
INSERT INTO work_order (contractor, PropertyId, JobTitle, JobDescription, Material1Cost, isWorkDone, user) VALUES ('Bobs Plumbing', 17, 'Fix Leaking Pipe', 'Routine maintenance task.', '357', 'No', 'admin');
INSERT INTO work_order (contractor, PropertyId, JobTitle, JobDescription, Material1Cost, isWorkDone, user) VALUES ('Pro Cleaners', 27, 'Fix Broken Window', 'Routine maintenance task.', '178', 'Yes', 'admin');
INSERT INTO work_order (contractor, PropertyId, JobTitle, JobDescription, Material1Cost, isWorkDone, user) VALUES ('Ace Electrical', 46, 'Repair HVAC', 'Routine maintenance task.', '493', 'No', 'admin');
INSERT INTO work_order (contractor, PropertyId, JobTitle, JobDescription, Material1Cost, isWorkDone, user) VALUES ('Pro Cleaners', 11, 'Fix Broken Window', 'Routine maintenance task.', '89', 'No', 'admin');
INSERT INTO p_maintenance_log (contractor, PropertyId, UnitName, Category, MaintenanceTitle, Description, when_done, user) VALUES ('Ace Electrical', 37, '1', 'HVAC', 'Paint Walls', 'Completed maintenance task.', '2026-05-01', 'admin');
INSERT INTO p_maintenance_log (contractor, PropertyId, UnitName, Category, MaintenanceTitle, Description, when_done, user) VALUES ('Pro Cleaners', 23, '3', 'Electrical', 'Paint Walls', 'Completed maintenance task.', '2026-05-01', 'admin');
INSERT INTO p_maintenance_log (contractor, PropertyId, UnitName, Category, MaintenanceTitle, Description, when_done, user) VALUES ('Roof Masters', 24, '9', 'HVAC', 'Replace Light Fixture', 'Completed maintenance task.', '2026-05-01', 'admin');
INSERT INTO p_maintenance_log (contractor, PropertyId, UnitName, Category, MaintenanceTitle, Description, when_done, user) VALUES ('Roof Masters', 14, '8', 'Electrical', 'Fix Leaking Pipe', 'Completed maintenance task.', '2026-05-01', 'admin');
INSERT INTO p_maintenance_log (contractor, PropertyId, UnitName, Category, MaintenanceTitle, Description, when_done, user) VALUES ('Roof Masters', 46, '1', 'General', 'Clean Carpets', 'Completed maintenance task.', '2026-05-01', 'admin');
INSERT INTO p_maintenance_log (contractor, PropertyId, UnitName, Category, MaintenanceTitle, Description, when_done, user) VALUES ('Roof Masters', 22, '8', 'General', 'Replace Light Fixture', 'Completed maintenance task.', '2026-05-01', 'admin');
INSERT INTO p_maintenance_log (contractor, PropertyId, UnitName, Category, MaintenanceTitle, Description, when_done, user) VALUES ('Bobs Plumbing', 3, '8', 'HVAC', 'Clean Carpets', 'Completed maintenance task.', '2026-05-01', 'admin');
INSERT INTO p_maintenance_log (contractor, PropertyId, UnitName, Category, MaintenanceTitle, Description, when_done, user) VALUES ('Bobs Plumbing', 22, '4', 'HVAC', 'Paint Walls', 'Completed maintenance task.', '2026-05-01', 'admin');
INSERT INTO p_maintenance_log (contractor, PropertyId, UnitName, Category, MaintenanceTitle, Description, when_done, user) VALUES ('Ace Electrical', 9, '3', 'General', 'Fix Leaking Pipe', 'Completed maintenance task.', '2026-05-01', 'admin');
INSERT INTO p_maintenance_log (contractor, PropertyId, UnitName, Category, MaintenanceTitle, Description, when_done, user) VALUES ('Pro Cleaners', 43, '6', 'Plumbing', 'Paint Walls', 'Completed maintenance task.', '2026-05-01', 'admin');
INSERT INTO p_maintenance_log (contractor, PropertyId, UnitName, Category, MaintenanceTitle, Description, when_done, user) VALUES ('Ace Electrical', 36, '6', 'Electrical', 'Fix Broken Window', 'Completed maintenance task.', '2026-05-01', 'admin');
INSERT INTO p_maintenance_log (contractor, PropertyId, UnitName, Category, MaintenanceTitle, Description, when_done, user) VALUES ('Speedy Maintenance', 50, '8', 'General', 'Paint Walls', 'Completed maintenance task.', '2026-05-01', 'admin');
INSERT INTO p_maintenance_log (contractor, PropertyId, UnitName, Category, MaintenanceTitle, Description, when_done, user) VALUES ('Ace Electrical', 38, '8', 'Plumbing', 'Paint Walls', 'Completed maintenance task.', '2026-05-01', 'admin');
INSERT INTO p_maintenance_log (contractor, PropertyId, UnitName, Category, MaintenanceTitle, Description, when_done, user) VALUES ('Roof Masters', 27, '10', 'Plumbing', 'Replace Light Fixture', 'Completed maintenance task.', '2026-05-01', 'admin');
INSERT INTO p_maintenance_log (contractor, PropertyId, UnitName, Category, MaintenanceTitle, Description, when_done, user) VALUES ('Roof Masters', 48, '3', 'Electrical', 'Clean Carpets', 'Completed maintenance task.', '2026-05-01', 'admin');
INSERT INTO p_maintenance_log (contractor, PropertyId, UnitName, Category, MaintenanceTitle, Description, when_done, user) VALUES ('Roof Masters', 10, '8', 'Plumbing', 'Replace Light Fixture', 'Completed maintenance task.', '2026-05-01', 'admin');
INSERT INTO p_maintenance_log (contractor, PropertyId, UnitName, Category, MaintenanceTitle, Description, when_done, user) VALUES ('Bobs Plumbing', 7, '9', 'HVAC', 'Fix Broken Window', 'Completed maintenance task.', '2026-05-01', 'admin');
INSERT INTO p_maintenance_log (contractor, PropertyId, UnitName, Category, MaintenanceTitle, Description, when_done, user) VALUES ('Pro Cleaners', 26, '7', 'General', 'Repair HVAC', 'Completed maintenance task.', '2026-05-01', 'admin');
INSERT INTO p_maintenance_log (contractor, PropertyId, UnitName, Category, MaintenanceTitle, Description, when_done, user) VALUES ('Roof Masters', 20, '1', 'Plumbing', 'Paint Walls', 'Completed maintenance task.', '2026-05-01', 'admin');
INSERT INTO p_maintenance_log (contractor, PropertyId, UnitName, Category, MaintenanceTitle, Description, when_done, user) VALUES ('Ace Electrical', 37, '8', 'HVAC', 'Fix Leaking Pipe', 'Completed maintenance task.', '2026-05-01', 'admin');
INSERT INTO p_maintenance_log (contractor, PropertyId, UnitName, Category, MaintenanceTitle, Description, when_done, user) VALUES ('Roof Masters', 45, '10', 'HVAC', 'Fix Broken Window', 'Completed maintenance task.', '2026-05-01', 'admin');
INSERT INTO p_maintenance_log (contractor, PropertyId, UnitName, Category, MaintenanceTitle, Description, when_done, user) VALUES ('Speedy Maintenance', 8, '1', 'Electrical', 'Clean Carpets', 'Completed maintenance task.', '2026-05-01', 'admin');
INSERT INTO p_maintenance_log (contractor, PropertyId, UnitName, Category, MaintenanceTitle, Description, when_done, user) VALUES ('Ace Electrical', 30, '9', 'Plumbing', 'Repair HVAC', 'Completed maintenance task.', '2026-05-01', 'admin');
INSERT INTO p_maintenance_log (contractor, PropertyId, UnitName, Category, MaintenanceTitle, Description, when_done, user) VALUES ('Ace Electrical', 25, '3', 'HVAC', 'Replace Light Fixture', 'Completed maintenance task.', '2026-05-01', 'admin');
INSERT INTO p_maintenance_log (contractor, PropertyId, UnitName, Category, MaintenanceTitle, Description, when_done, user) VALUES ('Pro Cleaners', 43, '10', 'HVAC', 'Repair HVAC', 'Completed maintenance task.', '2026-05-01', 'admin');
INSERT INTO p_maintenance_log (contractor, PropertyId, UnitName, Category, MaintenanceTitle, Description, when_done, user) VALUES ('Speedy Maintenance', 25, '7', 'HVAC', 'Clean Carpets', 'Completed maintenance task.', '2026-05-01', 'admin');
INSERT INTO p_maintenance_log (contractor, PropertyId, UnitName, Category, MaintenanceTitle, Description, when_done, user) VALUES ('Ace Electrical', 31, '2', 'Plumbing', 'Fix Leaking Pipe', 'Completed maintenance task.', '2026-05-01', 'admin');
INSERT INTO p_maintenance_log (contractor, PropertyId, UnitName, Category, MaintenanceTitle, Description, when_done, user) VALUES ('Bobs Plumbing', 30, '6', 'General', 'Fix Broken Window', 'Completed maintenance task.', '2026-05-01', 'admin');
INSERT INTO p_maintenance_log (contractor, PropertyId, UnitName, Category, MaintenanceTitle, Description, when_done, user) VALUES ('Pro Cleaners', 26, '3', 'Electrical', 'Clean Carpets', 'Completed maintenance task.', '2026-05-01', 'admin');
INSERT INTO p_maintenance_log (contractor, PropertyId, UnitName, Category, MaintenanceTitle, Description, when_done, user) VALUES ('Speedy Maintenance', 2, '9', 'Electrical', 'Fix Leaking Pipe', 'Completed maintenance task.', '2026-05-01', 'admin');
INSERT INTO p_maintenance_log (contractor, PropertyId, UnitName, Category, MaintenanceTitle, Description, when_done, user) VALUES ('Bobs Plumbing', 10, '8', 'Plumbing', 'Replace Light Fixture', 'Completed maintenance task.', '2026-05-01', 'admin');
INSERT INTO p_maintenance_log (contractor, PropertyId, UnitName, Category, MaintenanceTitle, Description, when_done, user) VALUES ('Pro Cleaners', 8, '2', 'Electrical', 'Paint Walls', 'Completed maintenance task.', '2026-05-01', 'admin');
INSERT INTO p_maintenance_log (contractor, PropertyId, UnitName, Category, MaintenanceTitle, Description, when_done, user) VALUES ('Ace Electrical', 29, '4', 'Electrical', 'Repair HVAC', 'Completed maintenance task.', '2026-05-01', 'admin');
INSERT INTO p_maintenance_log (contractor, PropertyId, UnitName, Category, MaintenanceTitle, Description, when_done, user) VALUES ('Roof Masters', 33, '1', 'Plumbing', 'Replace Light Fixture', 'Completed maintenance task.', '2026-05-01', 'admin');
INSERT INTO p_maintenance_log (contractor, PropertyId, UnitName, Category, MaintenanceTitle, Description, when_done, user) VALUES ('Ace Electrical', 19, '7', 'Electrical', 'Replace Light Fixture', 'Completed maintenance task.', '2026-05-01', 'admin');
INSERT INTO p_maintenance_log (contractor, PropertyId, UnitName, Category, MaintenanceTitle, Description, when_done, user) VALUES ('Ace Electrical', 32, '8', 'General', 'Paint Walls', 'Completed maintenance task.', '2026-05-01', 'admin');
INSERT INTO p_maintenance_log (contractor, PropertyId, UnitName, Category, MaintenanceTitle, Description, when_done, user) VALUES ('Speedy Maintenance', 33, '2', 'Electrical', 'Clean Carpets', 'Completed maintenance task.', '2026-05-01', 'admin');
INSERT INTO p_maintenance_log (contractor, PropertyId, UnitName, Category, MaintenanceTitle, Description, when_done, user) VALUES ('Speedy Maintenance', 36, '1', 'Plumbing', 'Clean Carpets', 'Completed maintenance task.', '2026-05-01', 'admin');
INSERT INTO p_maintenance_log (contractor, PropertyId, UnitName, Category, MaintenanceTitle, Description, when_done, user) VALUES ('Speedy Maintenance', 44, '8', 'HVAC', 'Fix Broken Window', 'Completed maintenance task.', '2026-05-01', 'admin');
INSERT INTO p_maintenance_log (contractor, PropertyId, UnitName, Category, MaintenanceTitle, Description, when_done, user) VALUES ('Pro Cleaners', 38, '1', 'General', 'Replace Light Fixture', 'Completed maintenance task.', '2026-05-01', 'admin');
INSERT INTO p_maintenance_log (contractor, PropertyId, UnitName, Category, MaintenanceTitle, Description, when_done, user) VALUES ('Roof Masters', 27, '3', 'HVAC', 'Replace Light Fixture', 'Completed maintenance task.', '2026-05-01', 'admin');
INSERT INTO p_maintenance_log (contractor, PropertyId, UnitName, Category, MaintenanceTitle, Description, when_done, user) VALUES ('Pro Cleaners', 3, '8', 'HVAC', 'Clean Carpets', 'Completed maintenance task.', '2026-05-01', 'admin');
INSERT INTO p_maintenance_log (contractor, PropertyId, UnitName, Category, MaintenanceTitle, Description, when_done, user) VALUES ('Speedy Maintenance', 33, '5', 'Electrical', 'Repair HVAC', 'Completed maintenance task.', '2026-05-01', 'admin');
INSERT INTO p_maintenance_log (contractor, PropertyId, UnitName, Category, MaintenanceTitle, Description, when_done, user) VALUES ('Ace Electrical', 29, '2', 'General', 'Repair HVAC', 'Completed maintenance task.', '2026-05-01', 'admin');
INSERT INTO p_maintenance_log (contractor, PropertyId, UnitName, Category, MaintenanceTitle, Description, when_done, user) VALUES ('Speedy Maintenance', 31, '3', 'HVAC', 'Fix Leaking Pipe', 'Completed maintenance task.', '2026-05-01', 'admin');
INSERT INTO p_maintenance_log (contractor, PropertyId, UnitName, Category, MaintenanceTitle, Description, when_done, user) VALUES ('Bobs Plumbing', 46, '2', 'Plumbing', 'Clean Carpets', 'Completed maintenance task.', '2026-05-01', 'admin');
INSERT INTO p_maintenance_log (contractor, PropertyId, UnitName, Category, MaintenanceTitle, Description, when_done, user) VALUES ('Ace Electrical', 7, '6', 'Plumbing', 'Repair HVAC', 'Completed maintenance task.', '2026-05-01', 'admin');
INSERT INTO p_maintenance_log (contractor, PropertyId, UnitName, Category, MaintenanceTitle, Description, when_done, user) VALUES ('Pro Cleaners', 46, '4', 'Plumbing', 'Repair HVAC', 'Completed maintenance task.', '2026-05-01', 'admin');
INSERT INTO p_maintenance_log (contractor, PropertyId, UnitName, Category, MaintenanceTitle, Description, when_done, user) VALUES ('Bobs Plumbing', 11, '7', 'Plumbing', 'Fix Leaking Pipe', 'Completed maintenance task.', '2026-05-01', 'admin');
INSERT INTO p_maintenance_log (contractor, PropertyId, UnitName, Category, MaintenanceTitle, Description, when_done, user) VALUES ('Pro Cleaners', 45, '6', 'Plumbing', 'Clean Carpets', 'Completed maintenance task.', '2026-05-01', 'admin');
INSERT INTO p_maintenance_log (contractor, PropertyId, UnitName, Category, MaintenanceTitle, Description, when_done, user) VALUES ('Roof Masters', 18, '6', 'HVAC', 'Fix Leaking Pipe', 'Completed maintenance task.', '2026-05-01', 'admin');
INSERT INTO p_maintenance_log (contractor, PropertyId, UnitName, Category, MaintenanceTitle, Description, when_done, user) VALUES ('Bobs Plumbing', 9, '10', 'Plumbing', 'Fix Broken Window', 'Completed maintenance task.', '2026-05-01', 'admin');
INSERT INTO p_maintenance_log (contractor, PropertyId, UnitName, Category, MaintenanceTitle, Description, when_done, user) VALUES ('Roof Masters', 44, '2', 'General', 'Fix Broken Window', 'Completed maintenance task.', '2026-05-01', 'admin');
INSERT INTO p_maintenance_log (contractor, PropertyId, UnitName, Category, MaintenanceTitle, Description, when_done, user) VALUES ('Pro Cleaners', 5, '8', 'HVAC', 'Repair HVAC', 'Completed maintenance task.', '2026-05-01', 'admin');
INSERT INTO p_maintenance_log (contractor, PropertyId, UnitName, Category, MaintenanceTitle, Description, when_done, user) VALUES ('Roof Masters', 33, '3', 'Plumbing', 'Replace Light Fixture', 'Completed maintenance task.', '2026-05-01', 'admin');
INSERT INTO p_maintenance_log (contractor, PropertyId, UnitName, Category, MaintenanceTitle, Description, when_done, user) VALUES ('Ace Electrical', 25, '5', 'Plumbing', 'Clean Carpets', 'Completed maintenance task.', '2026-05-01', 'admin');
INSERT INTO p_maintenance_log (contractor, PropertyId, UnitName, Category, MaintenanceTitle, Description, when_done, user) VALUES ('Roof Masters', 31, '9', 'Plumbing', 'Clean Carpets', 'Completed maintenance task.', '2026-05-01', 'admin');
INSERT INTO p_maintenance_log (contractor, PropertyId, UnitName, Category, MaintenanceTitle, Description, when_done, user) VALUES ('Ace Electrical', 14, '5', 'Plumbing', 'Replace Light Fixture', 'Completed maintenance task.', '2026-05-01', 'admin');
INSERT INTO p_maintenance_log (contractor, PropertyId, UnitName, Category, MaintenanceTitle, Description, when_done, user) VALUES ('Roof Masters', 11, '5', 'Plumbing', 'Fix Broken Window', 'Completed maintenance task.', '2026-05-01', 'admin');
INSERT INTO p_maintenance_log (contractor, PropertyId, UnitName, Category, MaintenanceTitle, Description, when_done, user) VALUES ('Pro Cleaners', 19, '7', 'Electrical', 'Fix Leaking Pipe', 'Completed maintenance task.', '2026-05-01', 'admin');
INSERT INTO p_maintenance_log (contractor, PropertyId, UnitName, Category, MaintenanceTitle, Description, when_done, user) VALUES ('Ace Electrical', 17, '4', 'HVAC', 'Replace Light Fixture', 'Completed maintenance task.', '2026-05-01', 'admin');
INSERT INTO p_maintenance_log (contractor, PropertyId, UnitName, Category, MaintenanceTitle, Description, when_done, user) VALUES ('Bobs Plumbing', 38, '10', 'Electrical', 'Replace Light Fixture', 'Completed maintenance task.', '2026-05-01', 'admin');
INSERT INTO p_maintenance_log (contractor, PropertyId, UnitName, Category, MaintenanceTitle, Description, when_done, user) VALUES ('Bobs Plumbing', 39, '8', 'HVAC', 'Fix Broken Window', 'Completed maintenance task.', '2026-05-01', 'admin');
INSERT INTO p_maintenance_log (contractor, PropertyId, UnitName, Category, MaintenanceTitle, Description, when_done, user) VALUES ('Roof Masters', 41, '2', 'General', 'Fix Broken Window', 'Completed maintenance task.', '2026-05-01', 'admin');
INSERT INTO p_maintenance_log (contractor, PropertyId, UnitName, Category, MaintenanceTitle, Description, when_done, user) VALUES ('Pro Cleaners', 1, '8', 'Electrical', 'Fix Broken Window', 'Completed maintenance task.', '2026-05-01', 'admin');
INSERT INTO p_maintenance_log (contractor, PropertyId, UnitName, Category, MaintenanceTitle, Description, when_done, user) VALUES ('Roof Masters', 33, '6', 'Electrical', 'Clean Carpets', 'Completed maintenance task.', '2026-05-01', 'admin');
INSERT INTO p_maintenance_log (contractor, PropertyId, UnitName, Category, MaintenanceTitle, Description, when_done, user) VALUES ('Pro Cleaners', 23, '1', 'HVAC', 'Paint Walls', 'Completed maintenance task.', '2026-05-01', 'admin');
INSERT INTO p_maintenance_log (contractor, PropertyId, UnitName, Category, MaintenanceTitle, Description, when_done, user) VALUES ('Roof Masters', 38, '9', 'HVAC', 'Replace Light Fixture', 'Completed maintenance task.', '2026-05-01', 'admin');
INSERT INTO p_maintenance_log (contractor, PropertyId, UnitName, Category, MaintenanceTitle, Description, when_done, user) VALUES ('Roof Masters', 33, '1', 'General', 'Fix Broken Window', 'Completed maintenance task.', '2026-05-01', 'admin');
INSERT INTO p_maintenance_log (contractor, PropertyId, UnitName, Category, MaintenanceTitle, Description, when_done, user) VALUES ('Roof Masters', 12, '7', 'Plumbing', 'Paint Walls', 'Completed maintenance task.', '2026-05-01', 'admin');
INSERT INTO p_maintenance_log (contractor, PropertyId, UnitName, Category, MaintenanceTitle, Description, when_done, user) VALUES ('Speedy Maintenance', 8, '2', 'Plumbing', 'Fix Leaking Pipe', 'Completed maintenance task.', '2026-05-01', 'admin');
INSERT INTO p_maintenance_log (contractor, PropertyId, UnitName, Category, MaintenanceTitle, Description, when_done, user) VALUES ('Bobs Plumbing', 16, '5', 'General', 'Repair HVAC', 'Completed maintenance task.', '2026-05-01', 'admin');
INSERT INTO p_maintenance_log (contractor, PropertyId, UnitName, Category, MaintenanceTitle, Description, when_done, user) VALUES ('Speedy Maintenance', 22, '2', 'General', 'Paint Walls', 'Completed maintenance task.', '2026-05-01', 'admin');
INSERT INTO p_maintenance_log (contractor, PropertyId, UnitName, Category, MaintenanceTitle, Description, when_done, user) VALUES ('Ace Electrical', 1, '2', 'Electrical', 'Replace Light Fixture', 'Completed maintenance task.', '2026-05-01', 'admin');
INSERT INTO p_maintenance_log (contractor, PropertyId, UnitName, Category, MaintenanceTitle, Description, when_done, user) VALUES ('Pro Cleaners', 21, '9', 'Plumbing', 'Paint Walls', 'Completed maintenance task.', '2026-05-01', 'admin');
INSERT INTO p_maintenance_log (contractor, PropertyId, UnitName, Category, MaintenanceTitle, Description, when_done, user) VALUES ('Bobs Plumbing', 12, '6', 'Plumbing', 'Repair HVAC', 'Completed maintenance task.', '2026-05-01', 'admin');
INSERT INTO p_maintenance_log (contractor, PropertyId, UnitName, Category, MaintenanceTitle, Description, when_done, user) VALUES ('Roof Masters', 2, '1', 'Plumbing', 'Fix Broken Window', 'Completed maintenance task.', '2026-05-01', 'admin');
INSERT INTO p_maintenance_log (contractor, PropertyId, UnitName, Category, MaintenanceTitle, Description, when_done, user) VALUES ('Speedy Maintenance', 7, '9', 'Electrical', 'Fix Leaking Pipe', 'Completed maintenance task.', '2026-05-01', 'admin');
INSERT INTO p_maintenance_log (contractor, PropertyId, UnitName, Category, MaintenanceTitle, Description, when_done, user) VALUES ('Ace Electrical', 2, '2', 'General', 'Clean Carpets', 'Completed maintenance task.', '2026-05-01', 'admin');
INSERT INTO p_maintenance_log (contractor, PropertyId, UnitName, Category, MaintenanceTitle, Description, when_done, user) VALUES ('Roof Masters', 41, '5', 'Electrical', 'Paint Walls', 'Completed maintenance task.', '2026-05-01', 'admin');
INSERT INTO p_maintenance_log (contractor, PropertyId, UnitName, Category, MaintenanceTitle, Description, when_done, user) VALUES ('Bobs Plumbing', 43, '1', 'General', 'Fix Broken Window', 'Completed maintenance task.', '2026-05-01', 'admin');
INSERT INTO p_maintenance_log (contractor, PropertyId, UnitName, Category, MaintenanceTitle, Description, when_done, user) VALUES ('Bobs Plumbing', 3, '9', 'Electrical', 'Fix Broken Window', 'Completed maintenance task.', '2026-05-01', 'admin');
INSERT INTO p_maintenance_log (contractor, PropertyId, UnitName, Category, MaintenanceTitle, Description, when_done, user) VALUES ('Bobs Plumbing', 35, '4', 'Electrical', 'Fix Leaking Pipe', 'Completed maintenance task.', '2026-05-01', 'admin');
INSERT INTO p_maintenance_log (contractor, PropertyId, UnitName, Category, MaintenanceTitle, Description, when_done, user) VALUES ('Bobs Plumbing', 50, '6', 'Plumbing', 'Paint Walls', 'Completed maintenance task.', '2026-05-01', 'admin');
INSERT INTO p_maintenance_log (contractor, PropertyId, UnitName, Category, MaintenanceTitle, Description, when_done, user) VALUES ('Ace Electrical', 13, '8', 'Electrical', 'Fix Leaking Pipe', 'Completed maintenance task.', '2026-05-01', 'admin');
INSERT INTO p_maintenance_log (contractor, PropertyId, UnitName, Category, MaintenanceTitle, Description, when_done, user) VALUES ('Bobs Plumbing', 15, '9', 'Electrical', 'Repair HVAC', 'Completed maintenance task.', '2026-05-01', 'admin');
INSERT INTO p_maintenance_log (contractor, PropertyId, UnitName, Category, MaintenanceTitle, Description, when_done, user) VALUES ('Ace Electrical', 28, '6', 'Electrical', 'Fix Broken Window', 'Completed maintenance task.', '2026-05-01', 'admin');
INSERT INTO p_maintenance_log (contractor, PropertyId, UnitName, Category, MaintenanceTitle, Description, when_done, user) VALUES ('Speedy Maintenance', 31, '1', 'General', 'Fix Leaking Pipe', 'Completed maintenance task.', '2026-05-01', 'admin');
INSERT INTO p_maintenance_log (contractor, PropertyId, UnitName, Category, MaintenanceTitle, Description, when_done, user) VALUES ('Pro Cleaners', 18, '5', 'Plumbing', 'Replace Light Fixture', 'Completed maintenance task.', '2026-05-01', 'admin');
INSERT INTO p_maintenance_log (contractor, PropertyId, UnitName, Category, MaintenanceTitle, Description, when_done, user) VALUES ('Roof Masters', 24, '1', 'Plumbing', 'Fix Leaking Pipe', 'Completed maintenance task.', '2026-05-01', 'admin');
INSERT INTO p_maintenance_log (contractor, PropertyId, UnitName, Category, MaintenanceTitle, Description, when_done, user) VALUES ('Speedy Maintenance', 33, '6', 'Electrical', 'Replace Light Fixture', 'Completed maintenance task.', '2026-05-01', 'admin');
INSERT INTO p_maintenance_log (contractor, PropertyId, UnitName, Category, MaintenanceTitle, Description, when_done, user) VALUES ('Speedy Maintenance', 39, '5', 'General', 'Replace Light Fixture', 'Completed maintenance task.', '2026-05-01', 'admin');
INSERT INTO p_maintenance_log (contractor, PropertyId, UnitName, Category, MaintenanceTitle, Description, when_done, user) VALUES ('Pro Cleaners', 19, '7', 'HVAC', 'Replace Light Fixture', 'Completed maintenance task.', '2026-05-01', 'admin');
INSERT INTO p_maintenance_log (contractor, PropertyId, UnitName, Category, MaintenanceTitle, Description, when_done, user) VALUES ('Pro Cleaners', 35, '1', 'General', 'Clean Carpets', 'Completed maintenance task.', '2026-05-01', 'admin');
INSERT INTO p_maintenance_log (contractor, PropertyId, UnitName, Category, MaintenanceTitle, Description, when_done, user) VALUES ('Roof Masters', 12, '8', 'Plumbing', 'Repair HVAC', 'Completed maintenance task.', '2026-05-01', 'admin');
INSERT INTO p_maintenance_log (contractor, PropertyId, UnitName, Category, MaintenanceTitle, Description, when_done, user) VALUES ('Ace Electrical', 8, '10', 'Plumbing', 'Fix Broken Window', 'Completed maintenance task.', '2026-05-01', 'admin');
INSERT INTO p_maintenance_log (contractor, PropertyId, UnitName, Category, MaintenanceTitle, Description, when_done, user) VALUES ('Bobs Plumbing', 5, '10', 'Electrical', 'Paint Walls', 'Completed maintenance task.', '2026-05-01', 'admin');
INSERT INTO p_maintenance_log (contractor, PropertyId, UnitName, Category, MaintenanceTitle, Description, when_done, user) VALUES ('Bobs Plumbing', 30, '5', 'Plumbing', 'Paint Walls', 'Completed maintenance task.', '2026-05-01', 'admin');
INSERT INTO p_maintenance_log (contractor, PropertyId, UnitName, Category, MaintenanceTitle, Description, when_done, user) VALUES ('Ace Electrical', 12, '9', 'HVAC', 'Fix Broken Window', 'Completed maintenance task.', '2026-05-01', 'admin');
INSERT INTO p_maintenance_log (contractor, PropertyId, UnitName, Category, MaintenanceTitle, Description, when_done, user) VALUES ('Pro Cleaners', 9, '6', 'Plumbing', 'Fix Leaking Pipe', 'Completed maintenance task.', '2026-05-01', 'admin');
INSERT INTO p_maintenance_log (contractor, PropertyId, UnitName, Category, MaintenanceTitle, Description, when_done, user) VALUES ('Bobs Plumbing', 48, '4', 'Electrical', 'Fix Broken Window', 'Completed maintenance task.', '2026-05-01', 'admin');
INSERT INTO p_maintenance_log (contractor, PropertyId, UnitName, Category, MaintenanceTitle, Description, when_done, user) VALUES ('Bobs Plumbing', 24, '10', 'HVAC', 'Replace Light Fixture', 'Completed maintenance task.', '2026-05-01', 'admin');
INSERT INTO p_maintenance_log (contractor, PropertyId, UnitName, Category, MaintenanceTitle, Description, when_done, user) VALUES ('Ace Electrical', 35, '10', 'HVAC', 'Paint Walls', 'Completed maintenance task.', '2026-05-01', 'admin');
INSERT INTO p_maintenance_log (contractor, PropertyId, UnitName, Category, MaintenanceTitle, Description, when_done, user) VALUES ('Ace Electrical', 35, '8', 'HVAC', 'Repair HVAC', 'Completed maintenance task.', '2026-05-01', 'admin');
INSERT INTO p_maintenance_log (contractor, PropertyId, UnitName, Category, MaintenanceTitle, Description, when_done, user) VALUES ('Roof Masters', 19, '3', 'HVAC', 'Replace Light Fixture', 'Completed maintenance task.', '2026-05-01', 'admin');
INSERT INTO p_maintenance_log (contractor, PropertyId, UnitName, Category, MaintenanceTitle, Description, when_done, user) VALUES ('Roof Masters', 2, '3', 'Plumbing', 'Repair HVAC', 'Completed maintenance task.', '2026-05-01', 'admin');
INSERT INTO p_maintenance_log (contractor, PropertyId, UnitName, Category, MaintenanceTitle, Description, when_done, user) VALUES ('Ace Electrical', 29, '5', 'Electrical', 'Repair HVAC', 'Completed maintenance task.', '2026-05-01', 'admin');
INSERT INTO p_maintenance_log (contractor, PropertyId, UnitName, Category, MaintenanceTitle, Description, when_done, user) VALUES ('Roof Masters', 41, '5', 'General', 'Replace Light Fixture', 'Completed maintenance task.', '2026-05-01', 'admin');
INSERT INTO p_maintenance_log (contractor, PropertyId, UnitName, Category, MaintenanceTitle, Description, when_done, user) VALUES ('Bobs Plumbing', 37, '10', 'Plumbing', 'Fix Leaking Pipe', 'Completed maintenance task.', '2026-05-01', 'admin');
INSERT INTO p_maintenance_log (contractor, PropertyId, UnitName, Category, MaintenanceTitle, Description, when_done, user) VALUES ('Bobs Plumbing', 6, '1', 'Plumbing', 'Fix Broken Window', 'Completed maintenance task.', '2026-05-01', 'admin');
INSERT INTO p_maintenance_log (contractor, PropertyId, UnitName, Category, MaintenanceTitle, Description, when_done, user) VALUES ('Ace Electrical', 2, '9', 'General', 'Replace Light Fixture', 'Completed maintenance task.', '2026-05-01', 'admin');
INSERT INTO p_maintenance_log (contractor, PropertyId, UnitName, Category, MaintenanceTitle, Description, when_done, user) VALUES ('Ace Electrical', 8, '3', 'General', 'Replace Light Fixture', 'Completed maintenance task.', '2026-05-01', 'admin');
INSERT INTO p_maintenance_log (contractor, PropertyId, UnitName, Category, MaintenanceTitle, Description, when_done, user) VALUES ('Pro Cleaners', 25, '7', 'Plumbing', 'Fix Broken Window', 'Completed maintenance task.', '2026-05-01', 'admin');
INSERT INTO p_maintenance_log (contractor, PropertyId, UnitName, Category, MaintenanceTitle, Description, when_done, user) VALUES ('Pro Cleaners', 33, '9', 'General', 'Replace Light Fixture', 'Completed maintenance task.', '2026-05-01', 'admin');
INSERT INTO p_maintenance_log (contractor, PropertyId, UnitName, Category, MaintenanceTitle, Description, when_done, user) VALUES ('Bobs Plumbing', 34, '5', 'General', 'Clean Carpets', 'Completed maintenance task.', '2026-05-01', 'admin');
INSERT INTO p_maintenance_log (contractor, PropertyId, UnitName, Category, MaintenanceTitle, Description, when_done, user) VALUES ('Ace Electrical', 39, '8', 'Plumbing', 'Fix Leaking Pipe', 'Completed maintenance task.', '2026-05-01', 'admin');
INSERT INTO p_maintenance_log (contractor, PropertyId, UnitName, Category, MaintenanceTitle, Description, when_done, user) VALUES ('Ace Electrical', 25, '5', 'Plumbing', 'Clean Carpets', 'Completed maintenance task.', '2026-05-01', 'admin');
INSERT INTO p_maintenance_log (contractor, PropertyId, UnitName, Category, MaintenanceTitle, Description, when_done, user) VALUES ('Bobs Plumbing', 23, '2', 'Plumbing', 'Fix Broken Window', 'Completed maintenance task.', '2026-05-01', 'admin');
INSERT INTO p_maintenance_log (contractor, PropertyId, UnitName, Category, MaintenanceTitle, Description, when_done, user) VALUES ('Pro Cleaners', 24, '9', 'General', 'Fix Leaking Pipe', 'Completed maintenance task.', '2026-05-01', 'admin');
INSERT INTO p_maintenance_log (contractor, PropertyId, UnitName, Category, MaintenanceTitle, Description, when_done, user) VALUES ('Ace Electrical', 16, '4', 'Plumbing', 'Clean Carpets', 'Completed maintenance task.', '2026-05-01', 'admin');
INSERT INTO p_maintenance_log (contractor, PropertyId, UnitName, Category, MaintenanceTitle, Description, when_done, user) VALUES ('Speedy Maintenance', 27, '1', 'General', 'Fix Leaking Pipe', 'Completed maintenance task.', '2026-05-01', 'admin');
INSERT INTO p_maintenance_log (contractor, PropertyId, UnitName, Category, MaintenanceTitle, Description, when_done, user) VALUES ('Speedy Maintenance', 35, '9', 'HVAC', 'Clean Carpets', 'Completed maintenance task.', '2026-05-01', 'admin');
INSERT INTO p_maintenance_log (contractor, PropertyId, UnitName, Category, MaintenanceTitle, Description, when_done, user) VALUES ('Pro Cleaners', 6, '5', 'Electrical', 'Replace Light Fixture', 'Completed maintenance task.', '2026-05-01', 'admin');
INSERT INTO p_maintenance_log (contractor, PropertyId, UnitName, Category, MaintenanceTitle, Description, when_done, user) VALUES ('Roof Masters', 35, '3', 'Electrical', 'Repair HVAC', 'Completed maintenance task.', '2026-05-01', 'admin');
INSERT INTO p_maintenance_log (contractor, PropertyId, UnitName, Category, MaintenanceTitle, Description, when_done, user) VALUES ('Roof Masters', 38, '8', 'HVAC', 'Clean Carpets', 'Completed maintenance task.', '2026-05-01', 'admin');
INSERT INTO p_maintenance_log (contractor, PropertyId, UnitName, Category, MaintenanceTitle, Description, when_done, user) VALUES ('Roof Masters', 28, '6', 'Electrical', 'Replace Light Fixture', 'Completed maintenance task.', '2026-05-01', 'admin');
INSERT INTO p_maintenance_log (contractor, PropertyId, UnitName, Category, MaintenanceTitle, Description, when_done, user) VALUES ('Ace Electrical', 4, '8', 'Plumbing', 'Fix Leaking Pipe', 'Completed maintenance task.', '2026-05-01', 'admin');
INSERT INTO p_maintenance_log (contractor, PropertyId, UnitName, Category, MaintenanceTitle, Description, when_done, user) VALUES ('Pro Cleaners', 16, '1', 'General', 'Replace Light Fixture', 'Completed maintenance task.', '2026-05-01', 'admin');
INSERT INTO p_maintenance_log (contractor, PropertyId, UnitName, Category, MaintenanceTitle, Description, when_done, user) VALUES ('Bobs Plumbing', 2, '2', 'HVAC', 'Clean Carpets', 'Completed maintenance task.', '2026-05-01', 'admin');
INSERT INTO p_maintenance_log (contractor, PropertyId, UnitName, Category, MaintenanceTitle, Description, when_done, user) VALUES ('Ace Electrical', 24, '7', 'Electrical', 'Clean Carpets', 'Completed maintenance task.', '2026-05-01', 'admin');
INSERT INTO p_maintenance_log (contractor, PropertyId, UnitName, Category, MaintenanceTitle, Description, when_done, user) VALUES ('Speedy Maintenance', 44, '3', 'General', 'Paint Walls', 'Completed maintenance task.', '2026-05-01', 'admin');
INSERT INTO p_maintenance_log (contractor, PropertyId, UnitName, Category, MaintenanceTitle, Description, when_done, user) VALUES ('Speedy Maintenance', 36, '7', 'Plumbing', 'Clean Carpets', 'Completed maintenance task.', '2026-05-01', 'admin');
INSERT INTO p_maintenance_log (contractor, PropertyId, UnitName, Category, MaintenanceTitle, Description, when_done, user) VALUES ('Ace Electrical', 15, '8', 'HVAC', 'Replace Light Fixture', 'Completed maintenance task.', '2026-05-01', 'admin');
INSERT INTO p_maintenance_log (contractor, PropertyId, UnitName, Category, MaintenanceTitle, Description, when_done, user) VALUES ('Speedy Maintenance', 26, '8', 'HVAC', 'Repair HVAC', 'Completed maintenance task.', '2026-05-01', 'admin');
INSERT INTO p_maintenance_log (contractor, PropertyId, UnitName, Category, MaintenanceTitle, Description, when_done, user) VALUES ('Roof Masters', 33, '1', 'HVAC', 'Fix Broken Window', 'Completed maintenance task.', '2026-05-01', 'admin');
INSERT INTO p_maintenance_log (contractor, PropertyId, UnitName, Category, MaintenanceTitle, Description, when_done, user) VALUES ('Bobs Plumbing', 13, '10', 'General', 'Repair HVAC', 'Completed maintenance task.', '2026-05-01', 'admin');
INSERT INTO p_maintenance_log (contractor, PropertyId, UnitName, Category, MaintenanceTitle, Description, when_done, user) VALUES ('Bobs Plumbing', 37, '7', 'General', 'Fix Leaking Pipe', 'Completed maintenance task.', '2026-05-01', 'admin');
INSERT INTO p_maintenance_log (contractor, PropertyId, UnitName, Category, MaintenanceTitle, Description, when_done, user) VALUES ('Roof Masters', 31, '4', 'Plumbing', 'Fix Broken Window', 'Completed maintenance task.', '2026-05-01', 'admin');
INSERT INTO p_maintenance_log (contractor, PropertyId, UnitName, Category, MaintenanceTitle, Description, when_done, user) VALUES ('Speedy Maintenance', 23, '3', 'General', 'Fix Leaking Pipe', 'Completed maintenance task.', '2026-05-01', 'admin');
INSERT INTO p_maintenance_log (contractor, PropertyId, UnitName, Category, MaintenanceTitle, Description, when_done, user) VALUES ('Speedy Maintenance', 17, '1', 'Plumbing', 'Clean Carpets', 'Completed maintenance task.', '2026-05-01', 'admin');
INSERT INTO p_maintenance_log (contractor, PropertyId, UnitName, Category, MaintenanceTitle, Description, when_done, user) VALUES ('Ace Electrical', 6, '2', 'General', 'Fix Leaking Pipe', 'Completed maintenance task.', '2026-05-01', 'admin');
INSERT INTO p_maintenance_log (contractor, PropertyId, UnitName, Category, MaintenanceTitle, Description, when_done, user) VALUES ('Ace Electrical', 23, '3', 'General', 'Paint Walls', 'Completed maintenance task.', '2026-05-01', 'admin');
INSERT INTO p_maintenance_log (contractor, PropertyId, UnitName, Category, MaintenanceTitle, Description, when_done, user) VALUES ('Bobs Plumbing', 40, '8', 'Plumbing', 'Fix Broken Window', 'Completed maintenance task.', '2026-05-01', 'admin');
INSERT INTO p_maintenance_log (contractor, PropertyId, UnitName, Category, MaintenanceTitle, Description, when_done, user) VALUES ('Ace Electrical', 48, '2', 'Electrical', 'Fix Broken Window', 'Completed maintenance task.', '2026-05-01', 'admin');
INSERT INTO p_maintenance_log (contractor, PropertyId, UnitName, Category, MaintenanceTitle, Description, when_done, user) VALUES ('Bobs Plumbing', 47, '8', 'HVAC', 'Repair HVAC', 'Completed maintenance task.', '2026-05-01', 'admin');
INSERT INTO p_maintenance_log (contractor, PropertyId, UnitName, Category, MaintenanceTitle, Description, when_done, user) VALUES ('Ace Electrical', 15, '5', 'Electrical', 'Repair HVAC', 'Completed maintenance task.', '2026-05-01', 'admin');
INSERT INTO p_maintenance_log (contractor, PropertyId, UnitName, Category, MaintenanceTitle, Description, when_done, user) VALUES ('Pro Cleaners', 36, '5', 'HVAC', 'Clean Carpets', 'Completed maintenance task.', '2026-05-01', 'admin');
INSERT INTO p_maintenance_log (contractor, PropertyId, UnitName, Category, MaintenanceTitle, Description, when_done, user) VALUES ('Ace Electrical', 18, '9', 'Electrical', 'Repair HVAC', 'Completed maintenance task.', '2026-05-01', 'admin');
INSERT INTO p_maintenance_log (contractor, PropertyId, UnitName, Category, MaintenanceTitle, Description, when_done, user) VALUES ('Bobs Plumbing', 23, '7', 'Electrical', 'Fix Leaking Pipe', 'Completed maintenance task.', '2026-05-01', 'admin');
INSERT INTO p_maintenance_log (contractor, PropertyId, UnitName, Category, MaintenanceTitle, Description, when_done, user) VALUES ('Speedy Maintenance', 48, '8', 'HVAC', 'Fix Broken Window', 'Completed maintenance task.', '2026-05-01', 'admin');